date,order_id,product,channel,amount,is_repeat
2025-12-01,ord_1000,Espresso Cup Pair,referral,38.35,0
2025-12-01,ord_1001,Ridge Vase,direct,68.55,0
2025-12-01,ord_1002,Dinner Plate Set,referral,145.95,0
2025-12-01,ord_1003,Ridge Vase,unknown,71.12,0
2025-12-01,ord_1004,Sunset Mug,instagram,46.84,1
2025-12-01,ord_1005,Butter Dish,instagram,42.15,0
2025-12-01,ord_1006,Ridge Vase,unknown,78.66,1
2025-12-01,ord_1007,Sunset Mug,instagram,48.99,0
2025-12-01,ord_1008,Serving Platter,direct,78.39,0
2025-12-01,ord_1009,Dinner Plate Set,instagram,154.79,0
2025-12-01,ord_1010,Speckled Bowl,referral,56.12,0
2025-12-01,ord_1011,Butter Dish,instagram,44.0,0
2025-12-01,ord_1012,Ridge Vase,referral,65.54,0
2025-12-01,ord_1013,Sunset Mug,unknown,37.1,1
2025-12-01,ord_1014,Espresso Cup Pair,instagram,41.79,0
2025-12-01,ord_1015,Espresso Cup Pair,unknown,36.66,1
2025-12-01,ord_1016,Dinner Plate Set,instagram,135.09,0
2025-12-01,ord_1017,Dinner Plate Set,direct,159.14,0
2025-12-01,ord_1018,Sunset Mug,direct,39.98,1
2025-12-01,ord_1019,Sunset Mug,direct,44.71,0
2025-12-01,ord_1020,Planter,referral,53.15,1
2025-12-01,ord_1021,Espresso Cup Pair,direct,55.99,0
2025-12-01,ord_1022,Espresso Cup Pair,referral,37.14,0
2025-12-01,ord_1023,Ridge Vase,instagram,68.74,1
2025-12-01,ord_1024,Espresso Cup Pair,referral,44.56,0
2025-12-01,ord_1025,Espresso Cup Pair,referral,39.62,0
2025-12-01,ord_1026,Espresso Cup Pair,instagram,38.61,0
2025-12-01,ord_1027,Dinner Plate Set,referral,107.47,0
2025-12-01,ord_1028,Ridge Vase,direct,66.86,1
2025-12-01,ord_1029,Ridge Vase,instagram,75.71,0
2025-12-01,ord_1030,Serving Platter,instagram,118.14,0
2025-12-01,ord_1031,Sunset Mug,instagram,40.97,1
2025-12-01,ord_1032,Butter Dish,direct,33.89,1
2025-12-01,ord_1033,Espresso Cup Pair,direct,53.8,0
2025-12-01,ord_1034,Espresso Cup Pair,instagram,52.96,0
2025-12-01,ord_1035,Ridge Vase,referral,70.99,0
2025-12-01,ord_1036,Speckled Bowl,instagram,44.71,1
2025-12-01,ord_1037,Planter,direct,59.86,0
2025-12-01,ord_1038,Planter,instagram,47.87,0
2025-12-01,ord_1039,Sunset Mug,instagram,38.2,1
2025-12-01,ord_1040,Speckled Bowl,direct,55.07,0
2025-12-01,ord_1041,Ridge Vase,instagram,71.26,0
2025-12-01,ord_1042,Espresso Cup Pair,instagram,48.71,0
2025-12-01,ord_1043,Planter,unknown,52.53,0
2025-12-01,ord_1044,Speckled Bowl,direct,54.0,0
2025-12-01,ord_1045,Speckled Bowl,instagram,39.29,0
2025-12-01,ord_1046,Butter Dish,unknown,38.39,0
2025-12-01,ord_1047,Dinner Plate Set,instagram,115.88,0
2025-12-01,ord_1048,Ridge Vase,instagram,61.26,1
2025-12-01,ord_1049,Speckled Bowl,referral,47.0,1
2025-12-01,ord_1050,Dinner Plate Set,direct,117.38,0
2025-12-01,ord_1051,Sunset Mug,direct,36.81,0
2025-12-01,ord_1052,Ridge Vase,direct,69.79,0
2025-12-01,ord_1053,Ridge Vase,referral,72.07,1
2025-12-01,ord_1054,Espresso Cup Pair,referral,46.49,0
2025-12-01,ord_1055,Speckled Bowl,instagram,48.85,1
2025-12-01,ord_1056,Espresso Cup Pair,direct,53.93,0
2025-12-01,ord_1057,Espresso Cup Pair,direct,45.9,0
2025-12-01,ord_1058,Speckled Bowl,instagram,47.09,0
2025-12-01,ord_1059,Serving Platter,instagram,101.7,1
2025-12-02,ord_1060,Dinner Plate Set,instagram,132.63,1
2025-12-02,ord_1061,Butter Dish,instagram,44.4,0
2025-12-02,ord_1062,Ridge Vase,direct,62.83,0
2025-12-02,ord_1063,Speckled Bowl,direct,49.64,0
2025-12-02,ord_1064,Speckled Bowl,instagram,51.62,0
2025-12-02,ord_1065,Speckled Bowl,direct,47.27,0
2025-12-02,ord_1066,Butter Dish,instagram,40.37,1
2025-12-02,ord_1067,Sunset Mug,direct,48.13,0
2025-12-02,ord_1068,Speckled Bowl,instagram,54.58,0
2025-12-02,ord_1069,Sunset Mug,referral,49.8,0
2025-12-02,ord_1070,Ridge Vase,referral,71.25,1
2025-12-02,ord_1071,Sunset Mug,instagram,40.37,0
2025-12-02,ord_1072,Dinner Plate Set,unknown,158.68,1
2025-12-02,ord_1073,Dinner Plate Set,unknown,158.02,1
2025-12-02,ord_1074,Butter Dish,instagram,29.38,0
2025-12-02,ord_1075,Speckled Bowl,direct,52.28,0
2025-12-02,ord_1076,Speckled Bowl,referral,43.01,0
2025-12-02,ord_1077,Butter Dish,referral,30.37,0
2025-12-02,ord_1078,Speckled Bowl,instagram,51.76,1
2025-12-02,ord_1079,Dinner Plate Set,referral,103.83,0
2025-12-02,ord_1080,Ridge Vase,direct,57.54,0
2025-12-02,ord_1081,Espresso Cup Pair,instagram,52.97,0
2025-12-02,ord_1082,Serving Platter,instagram,115.99,0
2025-12-02,ord_1083,Butter Dish,direct,31.6,1
2025-12-02,ord_1084,Speckled Bowl,direct,42.95,0
2025-12-02,ord_1085,Planter,unknown,42.09,0
2025-12-02,ord_1086,Ridge Vase,instagram,56.82,1
2025-12-02,ord_1087,Butter Dish,direct,39.2,1
2025-12-02,ord_1088,Dinner Plate Set,unknown,127.12,0
2025-12-02,ord_1089,Planter,instagram,60.21,0
2025-12-02,ord_1090,Sunset Mug,unknown,39.91,1
2025-12-02,ord_1091,Butter Dish,unknown,44.02,0
2025-12-02,ord_1092,Ridge Vase,instagram,77.42,1
2025-12-02,ord_1093,Planter,instagram,59.54,0
2025-12-02,ord_1094,Serving Platter,unknown,102.63,0
2025-12-02,ord_1095,Speckled Bowl,instagram,55.17,0
2025-12-02,ord_1096,Butter Dish,direct,40.57,0
2025-12-02,ord_1097,Dinner Plate Set,referral,113.8,1
2025-12-02,ord_1098,Speckled Bowl,unknown,50.22,0
2025-12-02,ord_1099,Dinner Plate Set,instagram,153.42,0
2025-12-02,ord_1100,Serving Platter,instagram,91.0,0
2025-12-02,ord_1101,Serving Platter,direct,115.91,0
2025-12-02,ord_1102,Planter,direct,44.64,0
2025-12-02,ord_1103,Ridge Vase,referral,59.43,1
2025-12-02,ord_1104,Speckled Bowl,direct,46.29,1
2025-12-02,ord_1105,Speckled Bowl,direct,38.34,0
2025-12-02,ord_1106,Espresso Cup Pair,instagram,41.28,0
2025-12-02,ord_1107,Espresso Cup Pair,instagram,46.42,0
2025-12-02,ord_1108,Planter,instagram,53.42,0
2025-12-02,ord_1109,Espresso Cup Pair,unknown,49.09,0
2025-12-02,ord_1110,Butter Dish,unknown,31.46,0
2025-12-02,ord_1111,Sunset Mug,instagram,35.04,1
2025-12-02,ord_1112,Planter,instagram,46.84,0
2025-12-02,ord_1113,Speckled Bowl,referral,58.47,1
2025-12-02,ord_1114,Ridge Vase,instagram,56.42,1
2025-12-02,ord_1115,Planter,direct,49.09,1
2025-12-02,ord_1116,Ridge Vase,instagram,82.46,0
2025-12-02,ord_1117,Dinner Plate Set,direct,159.05,0
2025-12-02,ord_1118,Speckled Bowl,instagram,54.37,1
2025-12-03,ord_1119,Espresso Cup Pair,referral,51.07,0
2025-12-03,ord_1120,Sunset Mug,direct,37.06,1
2025-12-03,ord_1121,Dinner Plate Set,direct,143.65,0
2025-12-03,ord_1122,Sunset Mug,unknown,34.32,0
2025-12-03,ord_1123,Espresso Cup Pair,direct,47.7,1
2025-12-03,ord_1124,Serving Platter,instagram,92.22,1
2025-12-03,ord_1125,Espresso Cup Pair,referral,42.64,1
2025-12-03,ord_1126,Butter Dish,referral,35.06,0
2025-12-03,ord_1127,Speckled Bowl,instagram,43.76,1
2025-12-03,ord_1128,Ridge Vase,instagram,70.97,1
2025-12-03,ord_1129,Planter,instagram,52.08,1
2025-12-03,ord_1130,Speckled Bowl,direct,41.55,0
2025-12-03,ord_1131,Sunset Mug,referral,34.6,1
2025-12-03,ord_1132,Planter,direct,47.59,0
2025-12-03,ord_1133,Speckled Bowl,instagram,58.26,0
2025-12-03,ord_1134,Ridge Vase,instagram,60.46,0
2025-12-03,ord_1135,Espresso Cup Pair,direct,52.12,1
2025-12-03,ord_1136,Ridge Vase,direct,66.95,0
2025-12-03,ord_1137,Speckled Bowl,instagram,58.43,0
2025-12-03,ord_1138,Dinner Plate Set,direct,137.23,0
2025-12-03,ord_1139,Espresso Cup Pair,unknown,42.75,1
2025-12-03,ord_1140,Dinner Plate Set,direct,114.7,0
2025-12-03,ord_1141,Speckled Bowl,instagram,54.77,1
2025-12-03,ord_1142,Ridge Vase,instagram,53.55,0
2025-12-03,ord_1143,Speckled Bowl,direct,58.42,0
2025-12-03,ord_1144,Serving Platter,instagram,88.52,0
2025-12-03,ord_1145,Sunset Mug,instagram,45.82,0
2025-12-03,ord_1146,Butter Dish,direct,38.82,0
2025-12-03,ord_1147,Serving Platter,direct,87.18,0
2025-12-03,ord_1148,Speckled Bowl,referral,47.49,1
2025-12-03,ord_1149,Speckled Bowl,referral,54.19,0
2025-12-03,ord_1150,Butter Dish,direct,30.45,0
2025-12-03,ord_1151,Dinner Plate Set,direct,143.86,0
2025-12-03,ord_1152,Serving Platter,instagram,117.52,0
2025-12-03,ord_1153,Ridge Vase,referral,68.69,1
2025-12-03,ord_1154,Sunset Mug,referral,41.54,0
2025-12-03,ord_1155,Speckled Bowl,direct,47.08,0
2025-12-03,ord_1156,Serving Platter,referral,114.55,0
2025-12-03,ord_1157,Butter Dish,referral,42.0,1
2025-12-03,ord_1158,Dinner Plate Set,instagram,157.95,0
2025-12-03,ord_1159,Dinner Plate Set,instagram,103.41,1
2025-12-03,ord_1160,Butter Dish,instagram,34.49,1
2025-12-03,ord_1161,Sunset Mug,instagram,48.33,1
2025-12-03,ord_1162,Planter,instagram,49.6,0
2025-12-03,ord_1163,Dinner Plate Set,referral,142.25,0
2025-12-03,ord_1164,Sunset Mug,instagram,49.62,0
2025-12-03,ord_1165,Butter Dish,instagram,30.54,0
2025-12-03,ord_1166,Sunset Mug,instagram,49.3,0
2025-12-03,ord_1167,Dinner Plate Set,direct,149.86,0
2025-12-03,ord_1168,Sunset Mug,direct,39.65,0
2025-12-03,ord_1169,Sunset Mug,referral,49.8,0
2025-12-03,ord_1170,Butter Dish,referral,35.25,0
2025-12-03,ord_1171,Sunset Mug,instagram,50.49,0
2025-12-03,ord_1172,Espresso Cup Pair,instagram,48.47,0
2025-12-03,ord_1173,Ridge Vase,instagram,70.15,0
2025-12-03,ord_1174,Ridge Vase,instagram,65.11,0
2025-12-03,ord_1175,Sunset Mug,direct,48.48,0
2025-12-04,ord_1176,Sunset Mug,instagram,39.56,0
2025-12-04,ord_1177,Serving Platter,referral,86.51,1
2025-12-04,ord_1178,Ridge Vase,instagram,71.29,0
2025-12-04,ord_1179,Sunset Mug,unknown,33.75,0
2025-12-04,ord_1180,Planter,direct,56.49,1
2025-12-04,ord_1181,Butter Dish,direct,42.97,1
2025-12-04,ord_1182,Speckled Bowl,direct,38.24,0
2025-12-04,ord_1183,Espresso Cup Pair,direct,50.14,0
2025-12-04,ord_1184,Espresso Cup Pair,direct,53.67,0
2025-12-04,ord_1185,Espresso Cup Pair,instagram,54.03,0
2025-12-04,ord_1186,Speckled Bowl,unknown,50.93,0
2025-12-04,ord_1187,Speckled Bowl,instagram,59.14,0
2025-12-04,ord_1188,Sunset Mug,unknown,42.44,0
2025-12-04,ord_1189,Serving Platter,direct,114.22,1
2025-12-04,ord_1190,Sunset Mug,direct,38.36,0
2025-12-04,ord_1191,Butter Dish,direct,36.83,0
2025-12-04,ord_1192,Butter Dish,unknown,30.78,0
2025-12-04,ord_1193,Espresso Cup Pair,referral,38.66,0
2025-12-04,ord_1194,Butter Dish,instagram,29.63,0
2025-12-04,ord_1195,Dinner Plate Set,instagram,142.3,1
2025-12-04,ord_1196,Sunset Mug,instagram,40.56,0
2025-12-04,ord_1197,Serving Platter,instagram,94.12,1
2025-12-04,ord_1198,Dinner Plate Set,instagram,115.32,0
2025-12-04,ord_1199,Speckled Bowl,instagram,42.13,0
2025-12-04,ord_1200,Ridge Vase,instagram,64.51,0
2025-12-04,ord_1201,Ridge Vase,direct,77.79,0
2025-12-04,ord_1202,Espresso Cup Pair,direct,42.91,0
2025-12-04,ord_1203,Planter,unknown,52.02,0
2025-12-04,ord_1204,Speckled Bowl,referral,44.92,0
2025-12-04,ord_1205,Speckled Bowl,instagram,55.19,0
2025-12-04,ord_1206,Espresso Cup Pair,unknown,43.61,0
2025-12-04,ord_1207,Speckled Bowl,instagram,48.99,0
2025-12-04,ord_1208,Planter,unknown,59.87,0
2025-12-04,ord_1209,Speckled Bowl,direct,43.62,1
2025-12-04,ord_1210,Sunset Mug,instagram,34.49,1
2025-12-04,ord_1211,Ridge Vase,instagram,74.09,1
2025-12-04,ord_1212,Espresso Cup Pair,instagram,45.54,0
2025-12-04,ord_1213,Serving Platter,instagram,87.14,1
2025-12-04,ord_1214,Espresso Cup Pair,direct,41.02,0
2025-12-04,ord_1215,Espresso Cup Pair,direct,53.32,0
2025-12-04,ord_1216,Sunset Mug,referral,39.7,0
2025-12-04,ord_1217,Butter Dish,direct,37.93,0
2025-12-04,ord_1218,Speckled Bowl,instagram,51.8,1
2025-12-04,ord_1219,Sunset Mug,direct,40.4,0
2025-12-04,ord_1220,Butter Dish,instagram,36.82,0
2025-12-04,ord_1221,Speckled Bowl,unknown,45.48,1
2025-12-04,ord_1222,Sunset Mug,direct,48.79,1
2025-12-04,ord_1223,Speckled Bowl,instagram,58.71,0
2025-12-04,ord_1224,Espresso Cup Pair,referral,40.61,0
2025-12-04,ord_1225,Sunset Mug,referral,48.76,1
2025-12-04,ord_1226,Butter Dish,direct,41.69,1
2025-12-04,ord_1227,Sunset Mug,referral,42.71,0
2025-12-04,ord_1228,Dinner Plate Set,direct,139.51,1
2025-12-04,ord_1229,Planter,instagram,59.57,0
2025-12-04,ord_1230,Espresso Cup Pair,unknown,54.77,0
2025-12-04,ord_1231,Butter Dish,direct,33.38,0
2025-12-04,ord_1232,Dinner Plate Set,instagram,143.94,0
2025-12-04,ord_1233,Butter Dish,unknown,31.5,0
2025-12-04,ord_1234,Speckled Bowl,referral,49.04,0
2025-12-04,ord_1235,Butter Dish,unknown,33.09,0
2025-12-04,ord_1236,Serving Platter,referral,83.93,0
2025-12-04,ord_1237,Speckled Bowl,instagram,40.88,1
2025-12-04,ord_1238,Ridge Vase,instagram,79.0,1
2025-12-04,ord_1239,Sunset Mug,direct,43.84,0
2025-12-04,ord_1240,Espresso Cup Pair,referral,52.62,0
2025-12-04,ord_1241,Sunset Mug,instagram,39.7,0
2025-12-04,ord_1242,Ridge Vase,direct,71.66,0
2025-12-04,ord_1243,Speckled Bowl,instagram,37.99,1
2025-12-04,ord_1244,Dinner Plate Set,instagram,140.96,0
2025-12-04,ord_1245,Espresso Cup Pair,unknown,53.26,0
2025-12-04,ord_1246,Butter Dish,direct,32.03,1
2025-12-04,ord_1247,Sunset Mug,instagram,44.68,1
2025-12-04,ord_1248,Espresso Cup Pair,referral,51.54,1
2025-12-05,ord_1249,Espresso Cup Pair,referral,37.96,0
2025-12-05,ord_1250,Butter Dish,direct,42.4,0
2025-12-05,ord_1251,Sunset Mug,direct,44.05,1
2025-12-05,ord_1252,Sunset Mug,direct,32.48,1
2025-12-05,ord_1253,Espresso Cup Pair,instagram,51.73,1
2025-12-05,ord_1254,Espresso Cup Pair,direct,47.6,0
2025-12-05,ord_1255,Espresso Cup Pair,unknown,55.1,1
2025-12-05,ord_1256,Dinner Plate Set,instagram,114.6,0
2025-12-05,ord_1257,Butter Dish,instagram,34.68,0
2025-12-05,ord_1258,Sunset Mug,direct,50.09,1
2025-12-05,ord_1259,Ridge Vase,instagram,77.51,0
2025-12-05,ord_1260,Speckled Bowl,instagram,46.87,0
2025-12-05,ord_1261,Ridge Vase,instagram,80.34,0
2025-12-05,ord_1262,Ridge Vase,unknown,58.09,0
2025-12-05,ord_1263,Speckled Bowl,direct,48.36,1
2025-12-05,ord_1264,Espresso Cup Pair,direct,51.66,0
2025-12-05,ord_1265,Ridge Vase,direct,56.76,0
2025-12-05,ord_1266,Dinner Plate Set,referral,161.39,0
2025-12-05,ord_1267,Dinner Plate Set,instagram,148.87,1
2025-12-05,ord_1268,Speckled Bowl,referral,50.94,0
2025-12-05,ord_1269,Dinner Plate Set,instagram,151.97,0
2025-12-05,ord_1270,Sunset Mug,unknown,45.08,0
2025-12-05,ord_1271,Espresso Cup Pair,direct,38.12,1
2025-12-05,ord_1272,Speckled Bowl,direct,54.68,0
2025-12-05,ord_1273,Dinner Plate Set,instagram,122.56,0
2025-12-05,ord_1274,Espresso Cup Pair,instagram,36.82,0
2025-12-05,ord_1275,Butter Dish,unknown,44.52,0
2025-12-05,ord_1276,Planter,instagram,41.67,0
2025-12-05,ord_1277,Planter,instagram,61.31,1
2025-12-05,ord_1278,Butter Dish,instagram,45.82,0
2025-12-05,ord_1279,Speckled Bowl,instagram,38.26,0
2025-12-05,ord_1280,Ridge Vase,unknown,74.07,0
2025-12-05,ord_1281,Speckled Bowl,instagram,46.88,0
2025-12-05,ord_1282,Sunset Mug,direct,48.58,0
2025-12-05,ord_1283,Serving Platter,instagram,82.39,1
2025-12-05,ord_1284,Espresso Cup Pair,instagram,41.54,0
2025-12-05,ord_1285,Planter,instagram,48.17,1
2025-12-05,ord_1286,Serving Platter,instagram,106.55,1
2025-12-05,ord_1287,Serving Platter,instagram,89.37,0
2025-12-05,ord_1288,Ridge Vase,unknown,66.66,0
2025-12-05,ord_1289,Dinner Plate Set,unknown,157.49,0
2025-12-05,ord_1290,Sunset Mug,unknown,41.48,0
2025-12-05,ord_1291,Sunset Mug,direct,36.86,0
2025-12-05,ord_1292,Sunset Mug,direct,39.8,0
2025-12-05,ord_1293,Serving Platter,referral,75.78,1
2025-12-05,ord_1294,Butter Dish,instagram,37.67,0
2025-12-05,ord_1295,Speckled Bowl,instagram,57.04,0
2025-12-05,ord_1296,Sunset Mug,instagram,41.43,0
2025-12-05,ord_1297,Speckled Bowl,instagram,38.23,0
2025-12-05,ord_1298,Butter Dish,direct,40.44,0
2025-12-05,ord_1299,Serving Platter,instagram,79.15,0
2025-12-05,ord_1300,Ridge Vase,direct,63.83,0
2025-12-05,ord_1301,Ridge Vase,direct,68.16,0
2025-12-05,ord_1302,Ridge Vase,instagram,83.11,0
2025-12-05,ord_1303,Speckled Bowl,instagram,50.49,1
2025-12-05,ord_1304,Dinner Plate Set,instagram,151.15,1
2025-12-05,ord_1305,Espresso Cup Pair,referral,48.49,1
2025-12-05,ord_1306,Planter,direct,59.83,0
2025-12-05,ord_1307,Speckled Bowl,instagram,45.62,1
2025-12-05,ord_1308,Ridge Vase,direct,66.62,1
2025-12-05,ord_1309,Sunset Mug,direct,40.5,0
2025-12-05,ord_1310,Butter Dish,referral,45.23,0
2025-12-05,ord_1311,Butter Dish,instagram,29.7,1
2025-12-05,ord_1312,Serving Platter,referral,116.19,0
2025-12-06,ord_1313,Butter Dish,direct,36.95,0
2025-12-06,ord_1314,Ridge Vase,instagram,56.52,1
2025-12-06,ord_1315,Ridge Vase,instagram,74.48,0
2025-12-06,ord_1316,Espresso Cup Pair,direct,56.41,0
2025-12-06,ord_1317,Espresso Cup Pair,direct,46.12,0
2025-12-06,ord_1318,Dinner Plate Set,instagram,154.2,0
2025-12-06,ord_1319,Sunset Mug,instagram,48.87,0
2025-12-06,ord_1320,Planter,direct,53.88,0
2025-12-06,ord_1321,Espresso Cup Pair,referral,41.87,0
2025-12-06,ord_1322,Butter Dish,instagram,35.98,0
2025-12-06,ord_1323,Ridge Vase,instagram,78.64,1
2025-12-06,ord_1324,Serving Platter,direct,98.39,0
2025-12-06,ord_1325,Serving Platter,instagram,93.33,0
2025-12-06,ord_1326,Serving Platter,referral,103.34,1
2025-12-06,ord_1327,Dinner Plate Set,instagram,135.57,0
2025-12-06,ord_1328,Butter Dish,direct,44.63,1
2025-12-06,ord_1329,Butter Dish,unknown,39.32,1
2025-12-06,ord_1330,Butter Dish,direct,30.83,0
2025-12-06,ord_1331,Sunset Mug,instagram,40.47,1
2025-12-06,ord_1332,Butter Dish,unknown,34.12,1
2025-12-06,ord_1333,Butter Dish,unknown,43.05,0
2025-12-06,ord_1334,Sunset Mug,unknown,34.29,0
2025-12-06,ord_1335,Espresso Cup Pair,referral,39.49,0
2025-12-06,ord_1336,Sunset Mug,direct,42.37,0
2025-12-06,ord_1337,Butter Dish,referral,36.59,0
2025-12-06,ord_1338,Ridge Vase,direct,62.77,1
2025-12-06,ord_1339,Speckled Bowl,instagram,43.56,0
2025-12-06,ord_1340,Dinner Plate Set,direct,146.77,0
2025-12-06,ord_1341,Dinner Plate Set,referral,136.67,0
2025-12-06,ord_1342,Serving Platter,instagram,91.12,1
2025-12-06,ord_1343,Dinner Plate Set,referral,110.65,0
2025-12-06,ord_1344,Sunset Mug,direct,43.41,1
2025-12-06,ord_1345,Sunset Mug,instagram,32.78,0
2025-12-06,ord_1346,Dinner Plate Set,instagram,129.57,0
2025-12-06,ord_1347,Ridge Vase,referral,63.98,1
2025-12-06,ord_1348,Sunset Mug,direct,33.39,0
2025-12-06,ord_1349,Speckled Bowl,instagram,54.5,1
2025-12-06,ord_1350,Ridge Vase,direct,75.82,0
2025-12-06,ord_1351,Serving Platter,instagram,104.32,0
2025-12-06,ord_1352,Sunset Mug,instagram,47.58,1
2025-12-06,ord_1353,Planter,unknown,53.31,1
2025-12-06,ord_1354,Planter,instagram,59.39,0
2025-12-06,ord_1355,Dinner Plate Set,instagram,133.49,1
2025-12-06,ord_1356,Sunset Mug,direct,44.23,0
2025-12-06,ord_1357,Serving Platter,referral,90.18,1
2025-12-06,ord_1358,Butter Dish,direct,44.37,0
2025-12-06,ord_1359,Dinner Plate Set,referral,115.29,0
2025-12-06,ord_1360,Sunset Mug,direct,41.13,1
2025-12-06,ord_1361,Sunset Mug,referral,40.5,0
2025-12-06,ord_1362,Butter Dish,direct,40.62,0
2025-12-06,ord_1363,Ridge Vase,instagram,68.46,0
2025-12-06,ord_1364,Espresso Cup Pair,direct,40.38,0
2025-12-06,ord_1365,Dinner Plate Set,instagram,149.23,0
2025-12-06,ord_1366,Speckled Bowl,referral,56.31,0
2025-12-06,ord_1367,Planter,direct,62.71,1
2025-12-06,ord_1368,Speckled Bowl,direct,53.62,1
2025-12-06,ord_1369,Butter Dish,referral,43.58,1
2025-12-06,ord_1370,Speckled Bowl,referral,50.37,1
2025-12-06,ord_1371,Ridge Vase,instagram,72.16,1
2025-12-06,ord_1372,Planter,referral,55.85,0
2025-12-06,ord_1373,Ridge Vase,unknown,83.05,0
2025-12-07,ord_1374,Planter,referral,58.66,1
2025-12-07,ord_1375,Ridge Vase,instagram,79.42,0
2025-12-07,ord_1376,Speckled Bowl,direct,37.8,0
2025-12-07,ord_1377,Dinner Plate Set,unknown,155.14,0
2025-12-07,ord_1378,Dinner Plate Set,direct,112.17,0
2025-12-07,ord_1379,Speckled Bowl,unknown,53.04,1
2025-12-07,ord_1380,Serving Platter,instagram,117.25,0
2025-12-07,ord_1381,Speckled Bowl,direct,43.35,0
2025-12-07,ord_1382,Speckled Bowl,direct,39.49,0
2025-12-07,ord_1383,Serving Platter,instagram,105.79,0
2025-12-07,ord_1384,Dinner Plate Set,referral,106.68,0
2025-12-07,ord_1385,Dinner Plate Set,unknown,103.8,0
2025-12-07,ord_1386,Speckled Bowl,direct,41.64,1
2025-12-07,ord_1387,Dinner Plate Set,unknown,134.54,0
2025-12-07,ord_1388,Butter Dish,direct,36.24,1
2025-12-07,ord_1389,Butter Dish,instagram,32.82,0
2025-12-07,ord_1390,Dinner Plate Set,referral,119.74,1
2025-12-07,ord_1391,Sunset Mug,referral,42.04,0
2025-12-07,ord_1392,Sunset Mug,instagram,40.31,0
2025-12-07,ord_1393,Sunset Mug,unknown,46.5,0
2025-12-07,ord_1394,Dinner Plate Set,referral,128.2,0
2025-12-07,ord_1395,Speckled Bowl,instagram,48.84,0
2025-12-07,ord_1396,Serving Platter,instagram,115.42,0
2025-12-07,ord_1397,Butter Dish,instagram,37.59,1
2025-12-07,ord_1398,Ridge Vase,instagram,82.63,1
2025-12-07,ord_1399,Dinner Plate Set,direct,120.18,0
2025-12-07,ord_1400,Espresso Cup Pair,instagram,52.31,0
2025-12-07,ord_1401,Speckled Bowl,instagram,53.96,0
2025-12-07,ord_1402,Dinner Plate Set,direct,160.05,0
2025-12-07,ord_1403,Sunset Mug,direct,40.61,0
2025-12-07,ord_1404,Speckled Bowl,instagram,58.14,0
2025-12-07,ord_1405,Sunset Mug,direct,41.94,0
2025-12-07,ord_1406,Planter,referral,50.14,0
2025-12-07,ord_1407,Dinner Plate Set,direct,107.37,0
2025-12-07,ord_1408,Speckled Bowl,instagram,38.13,0
2025-12-07,ord_1409,Sunset Mug,direct,47.69,1
2025-12-07,ord_1410,Butter Dish,referral,37.9,0
2025-12-07,ord_1411,Speckled Bowl,referral,48.82,1
2025-12-07,ord_1412,Planter,instagram,41.67,1
2025-12-07,ord_1413,Planter,unknown,41.69,0
2025-12-07,ord_1414,Planter,instagram,52.99,1
2025-12-07,ord_1415,Butter Dish,unknown,30.81,1
2025-12-07,ord_1416,Planter,instagram,42.79,0
2025-12-07,ord_1417,Sunset Mug,instagram,32.7,0
2025-12-07,ord_1418,Ridge Vase,instagram,76.04,0
2025-12-07,ord_1419,Dinner Plate Set,direct,112.74,0
2025-12-07,ord_1420,Sunset Mug,instagram,41.33,1
2025-12-07,ord_1421,Planter,referral,55.61,1
2025-12-07,ord_1422,Butter Dish,instagram,45.19,0
2025-12-07,ord_1423,Espresso Cup Pair,direct,55.54,0
2025-12-07,ord_1424,Sunset Mug,referral,49.43,1
2025-12-07,ord_1425,Speckled Bowl,referral,45.83,0
2025-12-07,ord_1426,Sunset Mug,instagram,32.89,0
2025-12-07,ord_1427,Sunset Mug,instagram,34.47,0
2025-12-07,ord_1428,Serving Platter,instagram,83.95,0
2025-12-07,ord_1429,Butter Dish,direct,38.71,1
2025-12-07,ord_1430,Serving Platter,instagram,99.11,0
2025-12-07,ord_1431,Serving Platter,instagram,109.2,0
2025-12-07,ord_1432,Dinner Plate Set,instagram,114.66,1
2025-12-07,ord_1433,Speckled Bowl,instagram,42.75,1
2025-12-07,ord_1434,Speckled Bowl,direct,51.12,0
2025-12-07,ord_1435,Ridge Vase,referral,82.88,0
2025-12-07,ord_1436,Butter Dish,direct,44.7,1
2025-12-07,ord_1437,Espresso Cup Pair,instagram,48.54,1
2025-12-07,ord_1438,Serving Platter,referral,111.51,1
2025-12-07,ord_1439,Dinner Plate Set,direct,102.94,0
2025-12-07,ord_1440,Butter Dish,instagram,31.78,1
2025-12-07,ord_1441,Dinner Plate Set,direct,123.24,0
2025-12-08,ord_1442,Ridge Vase,instagram,58.66,0
2025-12-08,ord_1443,Serving Platter,instagram,81.49,0
2025-12-08,ord_1444,Sunset Mug,direct,40.37,0
2025-12-08,ord_1445,Speckled Bowl,referral,56.83,1
2025-12-08,ord_1446,Planter,referral,42.53,0
2025-12-08,ord_1447,Speckled Bowl,direct,43.5,1
2025-12-08,ord_1448,Speckled Bowl,unknown,48.11,1
2025-12-08,ord_1449,Ridge Vase,direct,71.4,1
2025-12-08,ord_1450,Planter,referral,52.17,1
2025-12-08,ord_1451,Sunset Mug,instagram,51.27,0
2025-12-08,ord_1452,Serving Platter,instagram,77.96,0
2025-12-08,ord_1453,Speckled Bowl,direct,55.64,0
2025-12-08,ord_1454,Butter Dish,direct,35.29,0
2025-12-08,ord_1455,Espresso Cup Pair,direct,37.48,1
2025-12-08,ord_1456,Ridge Vase,unknown,68.93,0
2025-12-08,ord_1457,Speckled Bowl,instagram,45.89,0
2025-12-08,ord_1458,Butter Dish,direct,44.53,0
2025-12-08,ord_1459,Sunset Mug,referral,39.52,0
2025-12-08,ord_1460,Sunset Mug,instagram,36.69,0
2025-12-08,ord_1461,Sunset Mug,instagram,38.03,1
2025-12-08,ord_1462,Butter Dish,referral,43.02,1
2025-12-08,ord_1463,Espresso Cup Pair,direct,45.56,0
2025-12-08,ord_1464,Ridge Vase,direct,76.69,1
2025-12-08,ord_1465,Espresso Cup Pair,instagram,39.74,0
2025-12-08,ord_1466,Espresso Cup Pair,instagram,38.19,0
2025-12-08,ord_1467,Sunset Mug,instagram,49.97,1
2025-12-08,ord_1468,Butter Dish,direct,30.74,1
2025-12-08,ord_1469,Serving Platter,instagram,97.0,1
2025-12-08,ord_1470,Dinner Plate Set,direct,126.38,0
2025-12-08,ord_1471,Espresso Cup Pair,direct,37.47,0
2025-12-08,ord_1472,Espresso Cup Pair,instagram,49.9,0
2025-12-08,ord_1473,Ridge Vase,direct,80.88,1
2025-12-08,ord_1474,Sunset Mug,instagram,44.01,0
2025-12-08,ord_1475,Butter Dish,instagram,33.76,1
2025-12-08,ord_1476,Dinner Plate Set,unknown,105.4,0
2025-12-08,ord_1477,Sunset Mug,instagram,50.46,0
2025-12-08,ord_1478,Speckled Bowl,unknown,57.6,0
2025-12-08,ord_1479,Sunset Mug,instagram,36.38,1
2025-12-08,ord_1480,Sunset Mug,instagram,51.05,0
2025-12-08,ord_1481,Sunset Mug,referral,43.96,0
2025-12-08,ord_1482,Butter Dish,unknown,40.83,0
2025-12-08,ord_1483,Sunset Mug,referral,41.51,1
2025-12-08,ord_1484,Espresso Cup Pair,instagram,43.7,1
2025-12-08,ord_1485,Sunset Mug,direct,43.43,0
2025-12-08,ord_1486,Speckled Bowl,instagram,51.56,0
2025-12-08,ord_1487,Ridge Vase,instagram,62.47,0
2025-12-08,ord_1488,Dinner Plate Set,instagram,140.59,1
2025-12-08,ord_1489,Dinner Plate Set,direct,154.72,0
2025-12-08,ord_1490,Butter Dish,direct,32.2,0
2025-12-08,ord_1491,Butter Dish,instagram,36.62,1
2025-12-08,ord_1492,Ridge Vase,referral,72.14,0
2025-12-08,ord_1493,Speckled Bowl,instagram,50.29,1
2025-12-08,ord_1494,Planter,instagram,44.07,0
2025-12-08,ord_1495,Espresso Cup Pair,instagram,49.09,0
2025-12-08,ord_1496,Dinner Plate Set,direct,143.39,0
2025-12-08,ord_1497,Sunset Mug,referral,36.66,1
2025-12-08,ord_1498,Dinner Plate Set,direct,151.19,0
2025-12-08,ord_1499,Speckled Bowl,direct,52.27,0
2025-12-08,ord_1500,Dinner Plate Set,instagram,145.23,1
2025-12-08,ord_1501,Speckled Bowl,direct,41.89,0
2025-12-08,ord_1502,Serving Platter,unknown,79.2,0
2025-12-08,ord_1503,Espresso Cup Pair,direct,46.56,1
2025-12-08,ord_1504,Sunset Mug,referral,41.6,0
2025-12-08,ord_1505,Ridge Vase,instagram,80.18,0
2025-12-08,ord_1506,Planter,direct,58.68,1
2025-12-09,ord_1507,Planter,referral,45.67,0
2025-12-09,ord_1508,Sunset Mug,direct,36.62,0
2025-12-09,ord_1509,Sunset Mug,direct,34.88,0
2025-12-09,ord_1510,Sunset Mug,unknown,39.79,0
2025-12-09,ord_1511,Dinner Plate Set,direct,155.71,1
2025-12-09,ord_1512,Sunset Mug,unknown,44.52,0
2025-12-09,ord_1513,Serving Platter,unknown,79.29,1
2025-12-09,ord_1514,Serving Platter,instagram,109.49,0
2025-12-09,ord_1515,Sunset Mug,unknown,43.39,1
2025-12-09,ord_1516,Espresso Cup Pair,instagram,43.13,0
2025-12-09,ord_1517,Espresso Cup Pair,instagram,37.63,0
2025-12-09,ord_1518,Speckled Bowl,referral,50.34,0
2025-12-09,ord_1519,Sunset Mug,referral,33.21,1
2025-12-09,ord_1520,Serving Platter,referral,77.77,1
2025-12-09,ord_1521,Sunset Mug,referral,44.04,0
2025-12-09,ord_1522,Dinner Plate Set,direct,118.69,0
2025-12-09,ord_1523,Serving Platter,referral,103.78,0
2025-12-09,ord_1524,Dinner Plate Set,unknown,124.62,0
2025-12-09,ord_1525,Serving Platter,direct,92.3,0
2025-12-09,ord_1526,Serving Platter,instagram,107.5,1
2025-12-09,ord_1527,Butter Dish,direct,32.38,0
2025-12-09,ord_1528,Butter Dish,unknown,32.14,1
2025-12-09,ord_1529,Speckled Bowl,instagram,59.03,0
2025-12-09,ord_1530,Butter Dish,direct,37.41,0
2025-12-09,ord_1531,Butter Dish,direct,37.51,1
2025-12-09,ord_1532,Ridge Vase,unknown,52.86,0
2025-12-09,ord_1533,Serving Platter,referral,96.92,1
2025-12-09,ord_1534,Sunset Mug,instagram,40.74,1
2025-12-09,ord_1535,Speckled Bowl,instagram,57.37,0
2025-12-09,ord_1536,Speckled Bowl,instagram,51.4,0
2025-12-09,ord_1537,Speckled Bowl,direct,58.72,0
2025-12-09,ord_1538,Speckled Bowl,direct,58.25,1
2025-12-09,ord_1539,Sunset Mug,referral,45.18,0
2025-12-09,ord_1540,Serving Platter,instagram,87.2,1
2025-12-09,ord_1541,Planter,instagram,54.1,0
2025-12-09,ord_1542,Speckled Bowl,instagram,53.09,0
2025-12-09,ord_1543,Planter,direct,50.25,0
2025-12-09,ord_1544,Serving Platter,direct,88.34,0
2025-12-09,ord_1545,Sunset Mug,direct,36.2,0
2025-12-09,ord_1546,Planter,direct,47.45,0
2025-12-09,ord_1547,Butter Dish,unknown,39.24,0
2025-12-09,ord_1548,Butter Dish,instagram,39.48,0
2025-12-09,ord_1549,Espresso Cup Pair,instagram,54.42,1
2025-12-09,ord_1550,Dinner Plate Set,unknown,129.0,1
2025-12-09,ord_1551,Speckled Bowl,instagram,40.05,0
2025-12-09,ord_1552,Ridge Vase,direct,73.65,0
2025-12-09,ord_1553,Espresso Cup Pair,instagram,53.68,1
2025-12-09,ord_1554,Sunset Mug,instagram,37.81,1
2025-12-09,ord_1555,Espresso Cup Pair,referral,51.79,0
2025-12-09,ord_1556,Serving Platter,referral,96.48,1
2025-12-09,ord_1557,Serving Platter,instagram,92.09,0
2025-12-09,ord_1558,Speckled Bowl,referral,56.58,0
2025-12-09,ord_1559,Sunset Mug,unknown,42.39,0
2025-12-09,ord_1560,Butter Dish,instagram,39.73,0
2025-12-09,ord_1561,Speckled Bowl,instagram,55.5,1
2025-12-09,ord_1562,Sunset Mug,instagram,37.2,0
2025-12-09,ord_1563,Serving Platter,instagram,100.27,1
2025-12-09,ord_1564,Sunset Mug,instagram,39.39,0
2025-12-09,ord_1565,Espresso Cup Pair,instagram,42.17,1
2025-12-09,ord_1566,Serving Platter,unknown,98.74,0
2025-12-09,ord_1567,Butter Dish,direct,37.48,1
2025-12-10,ord_1568,Speckled Bowl,unknown,42.39,0
2025-12-10,ord_1569,Speckled Bowl,instagram,39.61,0
2025-12-10,ord_1570,Speckled Bowl,instagram,56.29,0
2025-12-10,ord_1571,Dinner Plate Set,direct,113.73,0
2025-12-10,ord_1572,Speckled Bowl,instagram,41.76,0
2025-12-10,ord_1573,Ridge Vase,instagram,70.68,1
2025-12-10,ord_1574,Butter Dish,direct,29.32,1
2025-12-10,ord_1575,Butter Dish,referral,34.93,0
2025-12-10,ord_1576,Dinner Plate Set,unknown,111.18,0
2025-12-10,ord_1577,Planter,referral,53.58,1
2025-12-10,ord_1578,Espresso Cup Pair,referral,45.12,0
2025-12-10,ord_1579,Speckled Bowl,direct,59.3,1
2025-12-10,ord_1580,Sunset Mug,direct,47.66,0
2025-12-10,ord_1581,Ridge Vase,referral,76.91,0
2025-12-10,ord_1582,Speckled Bowl,unknown,38.85,0
2025-12-10,ord_1583,Sunset Mug,referral,38.4,0
2025-12-10,ord_1584,Espresso Cup Pair,referral,36.63,0
2025-12-10,ord_1585,Planter,instagram,54.24,0
2025-12-10,ord_1586,Serving Platter,instagram,117.08,1
2025-12-10,ord_1587,Serving Platter,unknown,111.08,1
2025-12-10,ord_1588,Espresso Cup Pair,direct,51.52,0
2025-12-10,ord_1589,Dinner Plate Set,direct,122.66,0
2025-12-10,ord_1590,Espresso Cup Pair,instagram,40.22,1
2025-12-10,ord_1591,Speckled Bowl,instagram,45.21,1
2025-12-10,ord_1592,Speckled Bowl,referral,45.08,0
2025-12-10,ord_1593,Planter,direct,60.98,0
2025-12-10,ord_1594,Butter Dish,direct,42.99,0
2025-12-10,ord_1595,Sunset Mug,direct,34.86,0
2025-12-10,ord_1596,Espresso Cup Pair,referral,53.6,0
2025-12-10,ord_1597,Planter,unknown,52.27,0
2025-12-10,ord_1598,Speckled Bowl,direct,54.75,0
2025-12-10,ord_1599,Planter,direct,55.24,1
2025-12-10,ord_1600,Espresso Cup Pair,direct,48.26,0
2025-12-10,ord_1601,Serving Platter,instagram,91.02,0
2025-12-10,ord_1602,Dinner Plate Set,unknown,138.78,0
2025-12-10,ord_1603,Dinner Plate Set,direct,140.85,1
2025-12-10,ord_1604,Speckled Bowl,referral,44.03,0
2025-12-10,ord_1605,Speckled Bowl,instagram,43.77,0
2025-12-10,ord_1606,Ridge Vase,direct,70.04,0
2025-12-10,ord_1607,Dinner Plate Set,instagram,141.84,1
2025-12-10,ord_1608,Butter Dish,unknown,39.53,0
2025-12-10,ord_1609,Dinner Plate Set,unknown,148.74,0
2025-12-10,ord_1610,Ridge Vase,instagram,62.38,0
2025-12-10,ord_1611,Sunset Mug,instagram,42.38,0
2025-12-10,ord_1612,Ridge Vase,instagram,61.29,0
2025-12-10,ord_1613,Planter,referral,62.13,0
2025-12-10,ord_1614,Serving Platter,referral,79.49,1
2025-12-10,ord_1615,Sunset Mug,direct,34.02,1
2025-12-10,ord_1616,Planter,direct,47.25,0
2025-12-10,ord_1617,Dinner Plate Set,referral,133.73,0
2025-12-10,ord_1618,Speckled Bowl,referral,43.51,0
2025-12-10,ord_1619,Espresso Cup Pair,instagram,37.29,1
2025-12-10,ord_1620,Serving Platter,direct,94.69,0
2025-12-10,ord_1621,Ridge Vase,instagram,55.03,0
2025-12-10,ord_1622,Dinner Plate Set,direct,137.04,0
2025-12-10,ord_1623,Sunset Mug,unknown,47.62,1
2025-12-10,ord_1624,Serving Platter,instagram,80.57,0
2025-12-10,ord_1625,Ridge Vase,instagram,59.5,0
2025-12-11,ord_1626,Butter Dish,direct,38.94,0
2025-12-11,ord_1627,Sunset Mug,instagram,35.47,1
2025-12-11,ord_1628,Butter Dish,unknown,32.18,0
2025-12-11,ord_1629,Speckled Bowl,instagram,46.03,1
2025-12-11,ord_1630,Ridge Vase,instagram,70.14,1
2025-12-11,ord_1631,Planter,instagram,56.95,0
2025-12-11,ord_1632,Speckled Bowl,direct,49.18,0
2025-12-11,ord_1633,Sunset Mug,referral,32.61,0
2025-12-11,ord_1634,Butter Dish,direct,35.43,0
2025-12-11,ord_1635,Espresso Cup Pair,instagram,55.53,0
2025-12-11,ord_1636,Ridge Vase,instagram,68.84,0
2025-12-11,ord_1637,Serving Platter,referral,106.44,1
2025-12-11,ord_1638,Sunset Mug,instagram,45.38,0
2025-12-11,ord_1639,Planter,instagram,61.0,0
2025-12-11,ord_1640,Dinner Plate Set,instagram,119.39,1
2025-12-11,ord_1641,Dinner Plate Set,direct,136.06,0
2025-12-11,ord_1642,Espresso Cup Pair,instagram,54.1,0
2025-12-11,ord_1643,Speckled Bowl,instagram,46.75,1
2025-12-11,ord_1644,Espresso Cup Pair,instagram,43.9,0
2025-12-11,ord_1645,Planter,direct,63.45,0
2025-12-11,ord_1646,Serving Platter,referral,108.63,1
2025-12-11,ord_1647,Ridge Vase,referral,68.88,1
2025-12-11,ord_1648,Dinner Plate Set,instagram,119.6,0
2025-12-11,ord_1649,Serving Platter,referral,96.74,1
2025-12-11,ord_1650,Speckled Bowl,direct,41.68,0
2025-12-11,ord_1651,Planter,direct,54.57,0
2025-12-11,ord_1652,Butter Dish,instagram,42.22,0
2025-12-11,ord_1653,Espresso Cup Pair,instagram,54.3,1
2025-12-11,ord_1654,Dinner Plate Set,instagram,147.26,1
2025-12-11,ord_1655,Espresso Cup Pair,instagram,56.64,0
2025-12-11,ord_1656,Sunset Mug,referral,36.12,0
2025-12-11,ord_1657,Ridge Vase,unknown,57.03,0
2025-12-11,ord_1658,Sunset Mug,direct,39.11,0
2025-12-11,ord_1659,Butter Dish,instagram,37.84,0
2025-12-11,ord_1660,Sunset Mug,direct,45.88,0
2025-12-11,ord_1661,Speckled Bowl,instagram,55.88,1
2025-12-11,ord_1662,Serving Platter,direct,89.33,0
2025-12-11,ord_1663,Serving Platter,direct,100.72,0
2025-12-11,ord_1664,Ridge Vase,direct,57.4,0
2025-12-11,ord_1665,Butter Dish,direct,42.79,1
2025-12-11,ord_1666,Dinner Plate Set,direct,160.81,0
2025-12-11,ord_1667,Sunset Mug,referral,43.1,0
2025-12-11,ord_1668,Speckled Bowl,instagram,40.5,0
2025-12-11,ord_1669,Ridge Vase,direct,67.73,0
2025-12-11,ord_1670,Speckled Bowl,referral,49.41,0
2025-12-11,ord_1671,Butter Dish,referral,33.85,0
2025-12-11,ord_1672,Serving Platter,referral,94.93,0
2025-12-11,ord_1673,Sunset Mug,direct,44.65,0
2025-12-11,ord_1674,Sunset Mug,referral,47.89,1
2025-12-11,ord_1675,Sunset Mug,direct,32.55,0
2025-12-11,ord_1676,Butter Dish,instagram,34.01,1
2025-12-11,ord_1677,Speckled Bowl,direct,41.45,0
2025-12-11,ord_1678,Butter Dish,instagram,32.11,0
2025-12-11,ord_1679,Sunset Mug,direct,50.49,0
2025-12-11,ord_1680,Ridge Vase,instagram,61.74,0
2025-12-11,ord_1681,Espresso Cup Pair,unknown,45.7,0
2025-12-11,ord_1682,Planter,instagram,55.09,0
2025-12-11,ord_1683,Ridge Vase,referral,52.79,0
2025-12-11,ord_1684,Sunset Mug,instagram,50.9,1
2025-12-11,ord_1685,Sunset Mug,unknown,39.53,0
2025-12-11,ord_1686,Sunset Mug,direct,34.41,0
2025-12-11,ord_1687,Dinner Plate Set,instagram,112.14,1
2025-12-11,ord_1688,Planter,referral,62.18,0
2025-12-11,ord_1689,Dinner Plate Set,unknown,130.3,0
2025-12-11,ord_1690,Dinner Plate Set,direct,131.44,0
2025-12-11,ord_1691,Dinner Plate Set,unknown,149.92,0
2025-12-12,ord_1692,Ridge Vase,unknown,56.15,1
2025-12-12,ord_1693,Butter Dish,direct,34.16,0
2025-12-12,ord_1694,Planter,referral,55.93,0
2025-12-12,ord_1695,Sunset Mug,referral,41.21,0
2025-12-12,ord_1696,Sunset Mug,instagram,45.45,1
2025-12-12,ord_1697,Dinner Plate Set,direct,154.21,0
2025-12-12,ord_1698,Ridge Vase,unknown,78.5,0
2025-12-12,ord_1699,Ridge Vase,referral,55.02,0
2025-12-12,ord_1700,Sunset Mug,direct,42.47,0
2025-12-12,ord_1701,Speckled Bowl,instagram,47.53,1
2025-12-12,ord_1702,Planter,referral,48.41,1
2025-12-12,ord_1703,Sunset Mug,instagram,47.31,1
2025-12-12,ord_1704,Sunset Mug,instagram,37.86,1
2025-12-12,ord_1705,Planter,unknown,49.33,0
2025-12-12,ord_1706,Sunset Mug,instagram,35.01,1
2025-12-12,ord_1707,Espresso Cup Pair,direct,47.83,1
2025-12-12,ord_1708,Planter,instagram,50.58,0
2025-12-12,ord_1709,Dinner Plate Set,referral,150.96,0
2025-12-12,ord_1710,Planter,direct,64.28,0
2025-12-12,ord_1711,Speckled Bowl,instagram,52.83,1
2025-12-12,ord_1712,Dinner Plate Set,direct,151.45,0
2025-12-12,ord_1713,Planter,referral,49.7,0
2025-12-12,ord_1714,Planter,direct,58.48,1
2025-12-12,ord_1715,Speckled Bowl,unknown,40.91,1
2025-12-12,ord_1716,Planter,instagram,50.13,0
2025-12-12,ord_1717,Sunset Mug,direct,46.01,1
2025-12-12,ord_1718,Speckled Bowl,instagram,40.55,0
2025-12-12,ord_1719,Ridge Vase,direct,72.87,1
2025-12-12,ord_1720,Serving Platter,instagram,97.77,0
2025-12-12,ord_1721,Serving Platter,direct,104.21,0
2025-12-12,ord_1722,Serving Platter,referral,97.69,0
2025-12-12,ord_1723,Serving Platter,instagram,106.93,0
2025-12-12,ord_1724,Speckled Bowl,direct,40.59,0
2025-12-12,ord_1725,Sunset Mug,unknown,34.9,1
2025-12-12,ord_1726,Sunset Mug,instagram,50.69,1
2025-12-12,ord_1727,Butter Dish,direct,30.82,0
2025-12-12,ord_1728,Butter Dish,unknown,31.91,0
2025-12-12,ord_1729,Speckled Bowl,instagram,50.42,0
2025-12-12,ord_1730,Butter Dish,instagram,44.58,0
2025-12-12,ord_1731,Serving Platter,instagram,83.45,0
2025-12-12,ord_1732,Serving Platter,referral,104.77,0
2025-12-12,ord_1733,Espresso Cup Pair,direct,52.34,0
2025-12-12,ord_1734,Sunset Mug,unknown,38.3,1
2025-12-12,ord_1735,Ridge Vase,direct,56.39,0
2025-12-12,ord_1736,Dinner Plate Set,instagram,114.78,1
2025-12-12,ord_1737,Sunset Mug,instagram,49.91,1
2025-12-12,ord_1738,Espresso Cup Pair,instagram,51.31,0
2025-12-12,ord_1739,Ridge Vase,instagram,67.28,0
2025-12-12,ord_1740,Espresso Cup Pair,unknown,45.09,1
2025-12-12,ord_1741,Butter Dish,instagram,29.44,0
2025-12-12,ord_1742,Dinner Plate Set,instagram,122.32,1
2025-12-12,ord_1743,Planter,direct,60.89,0
2025-12-12,ord_1744,Sunset Mug,instagram,49.26,0
2025-12-12,ord_1745,Speckled Bowl,instagram,43.32,1
2025-12-12,ord_1746,Serving Platter,instagram,85.65,0
2025-12-12,ord_1747,Serving Platter,referral,87.97,0
2025-12-12,ord_1748,Serving Platter,direct,118.56,0
2025-12-12,ord_1749,Planter,direct,44.59,1
2025-12-12,ord_1750,Espresso Cup Pair,unknown,54.64,0
2025-12-12,ord_1751,Serving Platter,unknown,76.22,0
2025-12-12,ord_1752,Butter Dish,instagram,44.12,1
2025-12-12,ord_1753,Butter Dish,unknown,30.35,1
2025-12-12,ord_1754,Butter Dish,referral,31.24,0
2025-12-12,ord_1755,Sunset Mug,instagram,43.17,1
2025-12-12,ord_1756,Ridge Vase,instagram,68.35,1
2025-12-12,ord_1757,Serving Platter,direct,108.0,0
2025-12-12,ord_1758,Sunset Mug,direct,35.6,0
2025-12-12,ord_1759,Sunset Mug,instagram,42.2,0
2025-12-13,ord_1760,Speckled Bowl,instagram,48.06,1
2025-12-13,ord_1761,Espresso Cup Pair,instagram,53.39,0
2025-12-13,ord_1762,Planter,instagram,41.57,0
2025-12-13,ord_1763,Butter Dish,instagram,42.2,0
2025-12-13,ord_1764,Speckled Bowl,referral,51.8,1
2025-12-13,ord_1765,Serving Platter,referral,91.53,0
2025-12-13,ord_1766,Espresso Cup Pair,unknown,50.97,1
2025-12-13,ord_1767,Serving Platter,referral,77.04,1
2025-12-13,ord_1768,Speckled Bowl,instagram,56.03,1
2025-12-13,ord_1769,Sunset Mug,referral,42.16,1
2025-12-13,ord_1770,Sunset Mug,referral,46.38,0
2025-12-13,ord_1771,Planter,instagram,57.4,1
2025-12-13,ord_1772,Sunset Mug,instagram,45.98,1
2025-12-13,ord_1773,Espresso Cup Pair,unknown,41.03,1
2025-12-13,ord_1774,Speckled Bowl,instagram,56.88,0
2025-12-13,ord_1775,Butter Dish,referral,28.95,0
2025-12-13,ord_1776,Planter,referral,47.34,0
2025-12-13,ord_1777,Dinner Plate Set,referral,127.1,0
2025-12-13,ord_1778,Speckled Bowl,instagram,42.89,0
2025-12-13,ord_1779,Sunset Mug,instagram,48.47,0
2025-12-13,ord_1780,Speckled Bowl,instagram,49.59,0
2025-12-13,ord_1781,Dinner Plate Set,unknown,128.71,1
2025-12-13,ord_1782,Serving Platter,instagram,115.42,1
2025-12-13,ord_1783,Speckled Bowl,direct,54.37,0
2025-12-13,ord_1784,Dinner Plate Set,referral,117.21,1
2025-12-13,ord_1785,Dinner Plate Set,direct,139.95,0
2025-12-13,ord_1786,Planter,instagram,59.97,0
2025-12-13,ord_1787,Butter Dish,direct,44.92,1
2025-12-13,ord_1788,Espresso Cup Pair,instagram,53.68,1
2025-12-13,ord_1789,Espresso Cup Pair,direct,39.89,0
2025-12-13,ord_1790,Ridge Vase,instagram,69.17,0
2025-12-13,ord_1791,Serving Platter,instagram,106.93,0
2025-12-13,ord_1792,Ridge Vase,direct,69.27,0
2025-12-13,ord_1793,Dinner Plate Set,direct,124.87,1
2025-12-13,ord_1794,Speckled Bowl,instagram,38.82,0
2025-12-13,ord_1795,Speckled Bowl,instagram,54.06,0
2025-12-13,ord_1796,Sunset Mug,referral,49.65,0
2025-12-13,ord_1797,Espresso Cup Pair,direct,36.07,0
2025-12-13,ord_1798,Butter Dish,referral,42.88,0
2025-12-13,ord_1799,Dinner Plate Set,referral,156.58,0
2025-12-13,ord_1800,Butter Dish,instagram,43.56,0
2025-12-13,ord_1801,Ridge Vase,instagram,81.74,0
2025-12-13,ord_1802,Ridge Vase,direct,59.3,0
2025-12-13,ord_1803,Ridge Vase,instagram,60.03,0
2025-12-13,ord_1804,Speckled Bowl,instagram,40.37,0
2025-12-13,ord_1805,Dinner Plate Set,instagram,120.6,0
2025-12-13,ord_1806,Ridge Vase,direct,76.9,0
2025-12-13,ord_1807,Espresso Cup Pair,unknown,45.78,0
2025-12-13,ord_1808,Espresso Cup Pair,direct,55.92,1
2025-12-13,ord_1809,Speckled Bowl,referral,47.99,0
2025-12-13,ord_1810,Sunset Mug,direct,50.33,1
2025-12-13,ord_1811,Ridge Vase,referral,65.48,0
2025-12-13,ord_1812,Dinner Plate Set,instagram,136.82,0
2025-12-13,ord_1813,Ridge Vase,unknown,78.36,1
2025-12-13,ord_1814,Espresso Cup Pair,referral,50.47,0
2025-12-13,ord_1815,Serving Platter,instagram,117.46,1
2025-12-13,ord_1816,Serving Platter,direct,91.1,0
2025-12-13,ord_1817,Espresso Cup Pair,direct,55.95,0
2025-12-13,ord_1818,Planter,direct,44.04,0
2025-12-13,ord_1819,Dinner Plate Set,direct,140.8,1
2025-12-13,ord_1820,Espresso Cup Pair,instagram,52.41,1
2025-12-13,ord_1821,Butter Dish,referral,35.82,0
2025-12-13,ord_1822,Dinner Plate Set,instagram,105.24,0
2025-12-14,ord_1823,Sunset Mug,instagram,37.67,1
2025-12-14,ord_1824,Speckled Bowl,instagram,50.1,0
2025-12-14,ord_1825,Sunset Mug,direct,40.86,1
2025-12-14,ord_1826,Planter,instagram,50.75,0
2025-12-14,ord_1827,Planter,direct,42.73,0
2025-12-14,ord_1828,Speckled Bowl,instagram,44.53,1
2025-12-14,ord_1829,Dinner Plate Set,referral,124.35,0
2025-12-14,ord_1830,Serving Platter,instagram,79.67,1
2025-12-14,ord_1831,Espresso Cup Pair,direct,52.93,1
2025-12-14,ord_1832,Ridge Vase,referral,66.3,1
2025-12-14,ord_1833,Serving Platter,referral,80.65,0
2025-12-14,ord_1834,Butter Dish,instagram,37.71,0
2025-12-14,ord_1835,Sunset Mug,instagram,42.94,0
2025-12-14,ord_1836,Sunset Mug,referral,47.67,0
2025-12-14,ord_1837,Dinner Plate Set,referral,157.41,0
2025-12-14,ord_1838,Sunset Mug,direct,39.48,1
2025-12-14,ord_1839,Sunset Mug,unknown,44.91,0
2025-12-14,ord_1840,Planter,referral,54.96,1
2025-12-14,ord_1841,Butter Dish,instagram,41.98,0
2025-12-14,ord_1842,Sunset Mug,referral,33.23,1
2025-12-14,ord_1843,Sunset Mug,direct,40.06,1
2025-12-14,ord_1844,Planter,unknown,44.12,0
2025-12-14,ord_1845,Espresso Cup Pair,referral,37.76,0
2025-12-14,ord_1846,Ridge Vase,instagram,81.86,1
2025-12-14,ord_1847,Dinner Plate Set,direct,153.93,1
2025-12-14,ord_1848,Planter,instagram,46.38,1
2025-12-14,ord_1849,Butter Dish,referral,39.07,0
2025-12-14,ord_1850,Serving Platter,unknown,86.88,1
2025-12-14,ord_1851,Dinner Plate Set,instagram,121.24,0
2025-12-14,ord_1852,Speckled Bowl,instagram,56.91,1
2025-12-14,ord_1853,Serving Platter,referral,78.19,0
2025-12-14,ord_1854,Sunset Mug,direct,43.08,0
2025-12-14,ord_1855,Sunset Mug,direct,46.09,0
2025-12-14,ord_1856,Speckled Bowl,referral,38.59,1
2025-12-14,ord_1857,Serving Platter,instagram,83.93,1
2025-12-14,ord_1858,Planter,instagram,64.26,1
2025-12-14,ord_1859,Ridge Vase,instagram,54.8,0
2025-12-14,ord_1860,Ridge Vase,direct,61.77,0
2025-12-14,ord_1861,Ridge Vase,direct,83.03,0
2025-12-14,ord_1862,Butter Dish,instagram,36.63,0
2025-12-14,ord_1863,Butter Dish,direct,44.89,0
2025-12-14,ord_1864,Speckled Bowl,unknown,43.75,1
2025-12-14,ord_1865,Ridge Vase,instagram,71.26,0
2025-12-14,ord_1866,Dinner Plate Set,unknown,102.77,1
2025-12-14,ord_1867,Dinner Plate Set,direct,143.13,0
2025-12-14,ord_1868,Butter Dish,instagram,31.03,0
2025-12-14,ord_1869,Espresso Cup Pair,referral,35.99,0
2025-12-14,ord_1870,Serving Platter,referral,103.23,0
2025-12-14,ord_1871,Speckled Bowl,referral,48.77,0
2025-12-14,ord_1872,Speckled Bowl,instagram,48.57,0
2025-12-14,ord_1873,Ridge Vase,referral,56.89,0
2025-12-14,ord_1874,Speckled Bowl,direct,37.59,0
2025-12-14,ord_1875,Speckled Bowl,direct,43.5,0
2025-12-14,ord_1876,Espresso Cup Pair,instagram,41.6,0
2025-12-14,ord_1877,Speckled Bowl,instagram,54.14,0
2025-12-14,ord_1878,Espresso Cup Pair,direct,43.35,0
2025-12-14,ord_1879,Sunset Mug,direct,48.28,1
2025-12-14,ord_1880,Sunset Mug,instagram,44.92,1
2025-12-14,ord_1881,Speckled Bowl,referral,39.0,0
2025-12-14,ord_1882,Serving Platter,instagram,92.16,0
2025-12-14,ord_1883,Espresso Cup Pair,unknown,48.62,0
2025-12-14,ord_1884,Sunset Mug,direct,43.16,1
2025-12-14,ord_1885,Sunset Mug,instagram,32.45,0
2025-12-14,ord_1886,Butter Dish,instagram,31.34,0
2025-12-14,ord_1887,Sunset Mug,direct,39.08,1
2025-12-14,ord_1888,Dinner Plate Set,instagram,103.67,1
2025-12-14,ord_1889,Speckled Bowl,unknown,37.92,1
2025-12-14,ord_1890,Speckled Bowl,instagram,57.53,0
2025-12-14,ord_1891,Butter Dish,referral,37.28,0
2025-12-14,ord_1892,Ridge Vase,unknown,82.08,0
2025-12-14,ord_1893,Ridge Vase,unknown,53.59,0
2025-12-14,ord_1894,Planter,direct,45.63,1
2025-12-14,ord_1895,Dinner Plate Set,referral,113.69,0
2025-12-14,ord_1896,Serving Platter,direct,112.0,1
2025-12-14,ord_1897,Sunset Mug,referral,50.82,0
2025-12-14,ord_1898,Planter,direct,63.51,0
2025-12-14,ord_1899,Serving Platter,referral,81.68,0
2025-12-14,ord_1900,Sunset Mug,direct,46.64,0
2025-12-14,ord_1901,Espresso Cup Pair,direct,48.77,1
2025-12-14,ord_1902,Sunset Mug,direct,41.63,0
2025-12-14,ord_1903,Sunset Mug,instagram,45.03,0
2025-12-14,ord_1904,Speckled Bowl,instagram,57.82,0
2025-12-14,ord_1905,Sunset Mug,referral,43.84,0
2025-12-14,ord_1906,Planter,direct,62.5,1
2025-12-14,ord_1907,Ridge Vase,instagram,72.47,0
2025-12-15,ord_1908,Espresso Cup Pair,unknown,43.65,1
2025-12-15,ord_1909,Butter Dish,referral,42.77,0
2025-12-15,ord_1910,Butter Dish,instagram,40.52,1
2025-12-15,ord_1911,Speckled Bowl,direct,45.62,1
2025-12-15,ord_1912,Serving Platter,referral,82.79,1
2025-12-15,ord_1913,Serving Platter,unknown,83.28,0
2025-12-15,ord_1914,Dinner Plate Set,instagram,133.29,0
2025-12-15,ord_1915,Sunset Mug,referral,39.68,0
2025-12-15,ord_1916,Ridge Vase,direct,73.66,1
2025-12-15,ord_1917,Planter,unknown,49.09,1
2025-12-15,ord_1918,Espresso Cup Pair,direct,39.89,0
2025-12-15,ord_1919,Ridge Vase,instagram,63.73,0
2025-12-15,ord_1920,Ridge Vase,direct,62.43,0
2025-12-15,ord_1921,Dinner Plate Set,instagram,142.47,1
2025-12-15,ord_1922,Dinner Plate Set,direct,108.13,1
2025-12-15,ord_1923,Sunset Mug,instagram,35.59,1
2025-12-15,ord_1924,Dinner Plate Set,instagram,127.64,0
2025-12-15,ord_1925,Speckled Bowl,instagram,50.25,0
2025-12-15,ord_1926,Sunset Mug,direct,48.08,1
2025-12-15,ord_1927,Ridge Vase,instagram,75.39,0
2025-12-15,ord_1928,Ridge Vase,unknown,65.31,0
2025-12-15,ord_1929,Planter,instagram,56.49,0
2025-12-15,ord_1930,Serving Platter,instagram,116.72,0
2025-12-15,ord_1931,Sunset Mug,direct,47.96,0
2025-12-15,ord_1932,Espresso Cup Pair,instagram,50.11,0
2025-12-15,ord_1933,Sunset Mug,instagram,32.36,0
2025-12-15,ord_1934,Speckled Bowl,direct,50.2,0
2025-12-15,ord_1935,Speckled Bowl,referral,48.51,0
2025-12-15,ord_1936,Butter Dish,direct,37.28,0
2025-12-15,ord_1937,Butter Dish,direct,39.75,1
2025-12-15,ord_1938,Espresso Cup Pair,unknown,52.08,0
2025-12-15,ord_1939,Ridge Vase,instagram,55.15,1
2025-12-15,ord_1940,Speckled Bowl,instagram,37.59,0
2025-12-15,ord_1941,Butter Dish,direct,35.03,1
2025-12-15,ord_1942,Sunset Mug,instagram,37.83,1
2025-12-15,ord_1943,Espresso Cup Pair,unknown,44.39,1
2025-12-15,ord_1944,Serving Platter,unknown,74.97,0
2025-12-15,ord_1945,Planter,instagram,49.9,0
2025-12-15,ord_1946,Butter Dish,unknown,42.09,1
2025-12-15,ord_1947,Speckled Bowl,direct,52.35,0
2025-12-15,ord_1948,Sunset Mug,direct,34.75,0
2025-12-15,ord_1949,Butter Dish,direct,31.82,0
2025-12-15,ord_1950,Dinner Plate Set,instagram,135.34,0
2025-12-15,ord_1951,Dinner Plate Set,direct,146.28,0
2025-12-15,ord_1952,Speckled Bowl,unknown,44.22,0
2025-12-15,ord_1953,Planter,direct,50.75,1
2025-12-15,ord_1954,Serving Platter,referral,103.34,0
2025-12-15,ord_1955,Sunset Mug,unknown,32.41,0
2025-12-15,ord_1956,Serving Platter,instagram,115.43,1
2025-12-15,ord_1957,Dinner Plate Set,instagram,161.68,0
2025-12-15,ord_1958,Speckled Bowl,direct,45.67,1
2025-12-15,ord_1959,Speckled Bowl,unknown,59.24,0
2025-12-15,ord_1960,Ridge Vase,referral,65.31,0
2025-12-15,ord_1961,Dinner Plate Set,direct,110.79,0
2025-12-15,ord_1962,Ridge Vase,referral,78.01,0
2025-12-15,ord_1963,Serving Platter,referral,112.77,1
2025-12-15,ord_1964,Speckled Bowl,unknown,46.18,1
2025-12-15,ord_1965,Dinner Plate Set,instagram,107.3,0
2025-12-15,ord_1966,Sunset Mug,unknown,48.63,0
2025-12-15,ord_1967,Planter,instagram,61.09,0
2025-12-15,ord_1968,Sunset Mug,direct,50.42,0
2025-12-16,ord_1969,Speckled Bowl,referral,57.97,1
2025-12-16,ord_1970,Speckled Bowl,instagram,57.23,0
2025-12-16,ord_1971,Espresso Cup Pair,referral,56.53,0
2025-12-16,ord_1972,Ridge Vase,instagram,56.9,0
2025-12-16,ord_1973,Sunset Mug,referral,50.04,0
2025-12-16,ord_1974,Butter Dish,instagram,36.29,0
2025-12-16,ord_1975,Dinner Plate Set,instagram,140.5,0
2025-12-16,ord_1976,Ridge Vase,referral,79.85,0
2025-12-16,ord_1977,Sunset Mug,instagram,49.98,0
2025-12-16,ord_1978,Speckled Bowl,unknown,46.1,0
2025-12-16,ord_1979,Sunset Mug,unknown,36.64,0
2025-12-16,ord_1980,Sunset Mug,instagram,35.81,1
2025-12-16,ord_1981,Ridge Vase,instagram,59.7,0
2025-12-16,ord_1982,Speckled Bowl,instagram,49.1,0
2025-12-16,ord_1983,Sunset Mug,direct,40.13,0
2025-12-16,ord_1984,Speckled Bowl,instagram,39.86,1
2025-12-16,ord_1985,Dinner Plate Set,direct,145.14,0
2025-12-16,ord_1986,Planter,direct,58.1,0
2025-12-16,ord_1987,Planter,direct,42.47,1
2025-12-16,ord_1988,Serving Platter,direct,77.58,1
2025-12-16,ord_1989,Sunset Mug,instagram,36.42,0
2025-12-16,ord_1990,Dinner Plate Set,instagram,147.17,1
2025-12-16,ord_1991,Sunset Mug,direct,49.34,0
2025-12-16,ord_1992,Serving Platter,direct,80.26,1
2025-12-16,ord_1993,Sunset Mug,referral,39.38,0
2025-12-16,ord_1994,Espresso Cup Pair,direct,43.1,1
2025-12-16,ord_1995,Speckled Bowl,instagram,56.29,1
2025-12-16,ord_1996,Ridge Vase,direct,72.23,1
2025-12-16,ord_1997,Serving Platter,referral,85.96,0
2025-12-16,ord_1998,Ridge Vase,instagram,81.9,1
2025-12-16,ord_1999,Speckled Bowl,instagram,50.81,0
2025-12-16,ord_2000,Sunset Mug,referral,50.56,0
2025-12-16,ord_2001,Planter,referral,41.48,0
2025-12-16,ord_2002,Sunset Mug,unknown,35.78,0
2025-12-16,ord_2003,Butter Dish,referral,33.47,1
2025-12-16,ord_2004,Sunset Mug,instagram,48.86,1
2025-12-16,ord_2005,Ridge Vase,direct,81.35,0
2025-12-16,ord_2006,Butter Dish,direct,33.05,1
2025-12-16,ord_2007,Butter Dish,unknown,33.31,0
2025-12-16,ord_2008,Espresso Cup Pair,referral,56.12,0
2025-12-16,ord_2009,Espresso Cup Pair,referral,46.15,0
2025-12-16,ord_2010,Speckled Bowl,instagram,39.7,0
2025-12-16,ord_2011,Butter Dish,unknown,41.84,0
2025-12-16,ord_2012,Espresso Cup Pair,instagram,42.97,0
2025-12-16,ord_2013,Butter Dish,direct,40.62,1
2025-12-16,ord_2014,Serving Platter,referral,105.23,1
2025-12-16,ord_2015,Ridge Vase,instagram,64.8,0
2025-12-16,ord_2016,Planter,unknown,48.39,0
2025-12-16,ord_2017,Speckled Bowl,instagram,44.51,1
2025-12-16,ord_2018,Sunset Mug,instagram,43.47,0
2025-12-16,ord_2019,Sunset Mug,instagram,42.26,0
2025-12-16,ord_2020,Ridge Vase,direct,64.17,0
2025-12-16,ord_2021,Planter,instagram,43.69,1
2025-12-16,ord_2022,Butter Dish,direct,31.98,0
2025-12-16,ord_2023,Ridge Vase,instagram,79.18,0
2025-12-16,ord_2024,Butter Dish,unknown,31.15,0
2025-12-16,ord_2025,Sunset Mug,unknown,44.48,0
2025-12-16,ord_2026,Butter Dish,direct,43.09,1
2025-12-16,ord_2027,Speckled Bowl,referral,38.72,0
2025-12-16,ord_2028,Serving Platter,unknown,104.02,0
2025-12-16,ord_2029,Butter Dish,instagram,33.2,1
2025-12-16,ord_2030,Dinner Plate Set,instagram,147.0,0
2025-12-16,ord_2031,Serving Platter,instagram,94.81,0
2025-12-16,ord_2032,Sunset Mug,unknown,49.2,1
2025-12-16,ord_2033,Planter,instagram,52.67,0
2025-12-16,ord_2034,Serving Platter,direct,84.25,0
2025-12-17,ord_2035,Serving Platter,direct,112.45,0
2025-12-17,ord_2036,Sunset Mug,instagram,47.51,0
2025-12-17,ord_2037,Speckled Bowl,instagram,49.06,1
2025-12-17,ord_2038,Butter Dish,referral,30.72,0
2025-12-17,ord_2039,Serving Platter,instagram,90.12,1
2025-12-17,ord_2040,Speckled Bowl,unknown,39.33,0
2025-12-17,ord_2041,Butter Dish,instagram,44.86,0
2025-12-17,ord_2042,Sunset Mug,unknown,34.72,0
2025-12-17,ord_2043,Ridge Vase,instagram,67.08,0
2025-12-17,ord_2044,Dinner Plate Set,direct,160.31,0
2025-12-17,ord_2045,Dinner Plate Set,instagram,111.92,1
2025-12-17,ord_2046,Butter Dish,instagram,29.02,0
2025-12-17,ord_2047,Planter,unknown,62.15,0
2025-12-17,ord_2048,Speckled Bowl,instagram,39.17,0
2025-12-17,ord_2049,Butter Dish,unknown,44.68,0
2025-12-17,ord_2050,Ridge Vase,direct,69.95,0
2025-12-17,ord_2051,Butter Dish,direct,39.37,0
2025-12-17,ord_2052,Sunset Mug,referral,48.37,1
2025-12-17,ord_2053,Espresso Cup Pair,referral,52.44,0
2025-12-17,ord_2054,Dinner Plate Set,referral,155.15,0
2025-12-17,ord_2055,Butter Dish,direct,30.34,1
2025-12-17,ord_2056,Butter Dish,referral,44.57,1
2025-12-17,ord_2057,Butter Dish,referral,29.27,0
2025-12-17,ord_2058,Serving Platter,unknown,100.36,1
2025-12-17,ord_2059,Planter,direct,42.46,0
2025-12-17,ord_2060,Espresso Cup Pair,unknown,38.77,1
2025-12-17,ord_2061,Speckled Bowl,instagram,38.6,0
2025-12-17,ord_2062,Planter,referral,55.26,0
2025-12-17,ord_2063,Speckled Bowl,instagram,42.97,0
2025-12-17,ord_2064,Serving Platter,instagram,77.31,0
2025-12-17,ord_2065,Serving Platter,referral,113.82,0
2025-12-17,ord_2066,Espresso Cup Pair,unknown,44.83,1
2025-12-17,ord_2067,Ridge Vase,unknown,65.69,0
2025-12-17,ord_2068,Dinner Plate Set,instagram,124.28,1
2025-12-17,ord_2069,Sunset Mug,instagram,33.93,1
2025-12-17,ord_2070,Espresso Cup Pair,instagram,47.88,0
2025-12-17,ord_2071,Speckled Bowl,unknown,53.2,0
2025-12-17,ord_2072,Sunset Mug,referral,33.83,1
2025-12-17,ord_2073,Ridge Vase,direct,76.47,0
2025-12-17,ord_2074,Espresso Cup Pair,instagram,36.81,0
2025-12-17,ord_2075,Dinner Plate Set,referral,143.23,1
2025-12-17,ord_2076,Ridge Vase,unknown,73.21,0
2025-12-17,ord_2077,Espresso Cup Pair,instagram,54.74,0
2025-12-17,ord_2078,Ridge Vase,instagram,72.9,0
2025-12-17,ord_2079,Dinner Plate Set,direct,148.52,1
2025-12-17,ord_2080,Ridge Vase,instagram,68.94,0
2025-12-17,ord_2081,Planter,direct,53.61,0
2025-12-17,ord_2082,Butter Dish,unknown,37.33,0
2025-12-17,ord_2083,Ridge Vase,referral,69.76,1
2025-12-17,ord_2084,Dinner Plate Set,instagram,118.88,1
2025-12-17,ord_2085,Speckled Bowl,instagram,51.25,1
2025-12-17,ord_2086,Espresso Cup Pair,unknown,38.48,0
2025-12-17,ord_2087,Ridge Vase,direct,61.94,0
2025-12-17,ord_2088,Sunset Mug,instagram,33.67,1
2025-12-17,ord_2089,Sunset Mug,direct,51.15,0
2025-12-17,ord_2090,Sunset Mug,referral,36.12,0
2025-12-17,ord_2091,Dinner Plate Set,instagram,124.79,1
2025-12-17,ord_2092,Espresso Cup Pair,direct,48.28,0
2025-12-17,ord_2093,Ridge Vase,referral,54.56,1
2025-12-17,ord_2094,Sunset Mug,unknown,49.88,0
2025-12-17,ord_2095,Sunset Mug,unknown,34.94,1
2025-12-17,ord_2096,Butter Dish,referral,40.8,0
2025-12-17,ord_2097,Dinner Plate Set,instagram,125.87,1
2025-12-17,ord_2098,Dinner Plate Set,instagram,120.64,1
2025-12-17,ord_2099,Butter Dish,referral,41.84,1
2025-12-18,ord_2100,Ridge Vase,referral,67.34,0
2025-12-18,ord_2101,Espresso Cup Pair,direct,50.43,1
2025-12-18,ord_2102,Butter Dish,instagram,29.54,0
2025-12-18,ord_2103,Speckled Bowl,referral,45.78,0
2025-12-18,ord_2104,Speckled Bowl,direct,45.73,0
2025-12-18,ord_2105,Espresso Cup Pair,direct,46.23,0
2025-12-18,ord_2106,Ridge Vase,referral,83.25,0
2025-12-18,ord_2107,Sunset Mug,instagram,34.9,0
2025-12-18,ord_2108,Ridge Vase,instagram,68.88,0
2025-12-18,ord_2109,Sunset Mug,instagram,43.32,0
2025-12-18,ord_2110,Butter Dish,referral,31.83,0
2025-12-18,ord_2111,Dinner Plate Set,instagram,130.38,1
2025-12-18,ord_2112,Speckled Bowl,instagram,49.76,0
2025-12-18,ord_2113,Ridge Vase,instagram,81.24,0
2025-12-18,ord_2114,Dinner Plate Set,instagram,107.54,0
2025-12-18,ord_2115,Dinner Plate Set,referral,105.39,0
2025-12-18,ord_2116,Butter Dish,referral,44.69,0
2025-12-18,ord_2117,Planter,instagram,55.43,1
2025-12-18,ord_2118,Dinner Plate Set,unknown,148.22,0
2025-12-18,ord_2119,Planter,instagram,56.71,1
2025-12-18,ord_2120,Dinner Plate Set,unknown,125.26,1
2025-12-18,ord_2121,Dinner Plate Set,unknown,127.29,0
2025-12-18,ord_2122,Ridge Vase,instagram,78.3,0
2025-12-18,ord_2123,Sunset Mug,direct,43.41,0
2025-12-18,ord_2124,Planter,instagram,50.05,0
2025-12-18,ord_2125,Ridge Vase,instagram,57.39,1
2025-12-18,ord_2126,Ridge Vase,instagram,73.57,0
2025-12-18,ord_2127,Dinner Plate Set,instagram,123.73,0
2025-12-18,ord_2128,Sunset Mug,instagram,50.01,0
2025-12-18,ord_2129,Speckled Bowl,referral,44.45,0
2025-12-18,ord_2130,Sunset Mug,direct,47.15,0
2025-12-18,ord_2131,Speckled Bowl,direct,47.82,0
2025-12-18,ord_2132,Ridge Vase,instagram,81.72,1
2025-12-18,ord_2133,Dinner Plate Set,direct,136.0,0
2025-12-18,ord_2134,Dinner Plate Set,direct,111.41,1
2025-12-18,ord_2135,Ridge Vase,instagram,59.26,1
2025-12-18,ord_2136,Serving Platter,direct,95.63,0
2025-12-18,ord_2137,Serving Platter,referral,99.92,1
2025-12-18,ord_2138,Sunset Mug,referral,36.93,0
2025-12-18,ord_2139,Serving Platter,referral,104.94,1
2025-12-18,ord_2140,Speckled Bowl,direct,39.57,1
2025-12-18,ord_2141,Espresso Cup Pair,referral,38.3,0
2025-12-18,ord_2142,Serving Platter,unknown,113.34,0
2025-12-18,ord_2143,Sunset Mug,direct,41.05,0
2025-12-18,ord_2144,Espresso Cup Pair,unknown,40.64,0
2025-12-18,ord_2145,Ridge Vase,instagram,72.37,0
2025-12-18,ord_2146,Speckled Bowl,direct,57.24,0
2025-12-18,ord_2147,Speckled Bowl,direct,51.61,0
2025-12-18,ord_2148,Speckled Bowl,direct,55.31,0
2025-12-18,ord_2149,Sunset Mug,direct,43.69,0
2025-12-18,ord_2150,Dinner Plate Set,unknown,149.21,1
2025-12-18,ord_2151,Ridge Vase,direct,71.27,0
2025-12-18,ord_2152,Dinner Plate Set,direct,108.37,0
2025-12-18,ord_2153,Butter Dish,referral,41.56,0
2025-12-18,ord_2154,Sunset Mug,instagram,47.24,1
2025-12-18,ord_2155,Planter,unknown,49.11,0
2025-12-18,ord_2156,Speckled Bowl,instagram,46.41,0
2025-12-18,ord_2157,Speckled Bowl,direct,39.79,1
2025-12-18,ord_2158,Ridge Vase,instagram,62.85,0
2025-12-18,ord_2159,Ridge Vase,instagram,72.49,0
2025-12-18,ord_2160,Serving Platter,instagram,77.4,0
2025-12-18,ord_2161,Butter Dish,instagram,45.22,0
2025-12-18,ord_2162,Ridge Vase,instagram,82.33,1
2025-12-19,ord_2163,Planter,referral,44.36,0
2025-12-19,ord_2164,Ridge Vase,instagram,65.04,0
2025-12-19,ord_2165,Speckled Bowl,direct,50.48,0
2025-12-19,ord_2166,Butter Dish,direct,45.77,0
2025-12-19,ord_2167,Ridge Vase,instagram,65.52,0
2025-12-19,ord_2168,Butter Dish,direct,29.45,1
2025-12-19,ord_2169,Butter Dish,unknown,39.98,0
2025-12-19,ord_2170,Espresso Cup Pair,instagram,41.5,0
2025-12-19,ord_2171,Dinner Plate Set,referral,134.65,1
2025-12-19,ord_2172,Ridge Vase,instagram,55.55,1
2025-12-19,ord_2173,Sunset Mug,instagram,34.31,1
2025-12-19,ord_2174,Ridge Vase,direct,67.26,0
2025-12-19,ord_2175,Dinner Plate Set,unknown,144.05,0
2025-12-19,ord_2176,Planter,instagram,47.55,0
2025-12-19,ord_2177,Dinner Plate Set,direct,157.17,0
2025-12-19,ord_2178,Sunset Mug,instagram,39.69,0
2025-12-19,ord_2179,Espresso Cup Pair,instagram,37.95,0
2025-12-19,ord_2180,Dinner Plate Set,instagram,140.14,0
2025-12-19,ord_2181,Dinner Plate Set,instagram,114.39,0
2025-12-19,ord_2182,Espresso Cup Pair,unknown,36.31,0
2025-12-19,ord_2183,Sunset Mug,direct,43.43,0
2025-12-19,ord_2184,Speckled Bowl,unknown,48.14,0
2025-12-19,ord_2185,Speckled Bowl,instagram,57.76,1
2025-12-19,ord_2186,Dinner Plate Set,instagram,111.54,1
2025-12-19,ord_2187,Speckled Bowl,instagram,55.62,0
2025-12-19,ord_2188,Espresso Cup Pair,instagram,39.87,0
2025-12-19,ord_2189,Speckled Bowl,instagram,56.98,0
2025-12-19,ord_2190,Butter Dish,unknown,43.7,1
2025-12-19,ord_2191,Speckled Bowl,direct,41.18,0
2025-12-19,ord_2192,Serving Platter,direct,97.86,0
2025-12-19,ord_2193,Sunset Mug,instagram,48.5,1
2025-12-19,ord_2194,Speckled Bowl,instagram,47.44,0
2025-12-19,ord_2195,Speckled Bowl,instagram,51.85,0
2025-12-19,ord_2196,Speckled Bowl,direct,42.13,0
2025-12-19,ord_2197,Sunset Mug,direct,38.07,0
2025-12-19,ord_2198,Planter,direct,57.8,1
2025-12-19,ord_2199,Espresso Cup Pair,direct,51.17,0
2025-12-19,ord_2200,Butter Dish,direct,34.48,0
2025-12-19,ord_2201,Speckled Bowl,unknown,40.02,0
2025-12-19,ord_2202,Sunset Mug,direct,45.29,1
2025-12-19,ord_2203,Butter Dish,instagram,45.86,0
2025-12-19,ord_2204,Sunset Mug,instagram,33.39,0
2025-12-19,ord_2205,Planter,instagram,45.01,0
2025-12-19,ord_2206,Espresso Cup Pair,instagram,41.07,0
2025-12-19,ord_2207,Planter,instagram,64.64,0
2025-12-19,ord_2208,Butter Dish,direct,40.3,0
2025-12-19,ord_2209,Butter Dish,instagram,41.11,0
2025-12-19,ord_2210,Sunset Mug,instagram,44.42,0
2025-12-19,ord_2211,Butter Dish,instagram,36.1,0
2025-12-19,ord_2212,Sunset Mug,instagram,33.62,0
2025-12-19,ord_2213,Espresso Cup Pair,instagram,51.45,0
2025-12-19,ord_2214,Speckled Bowl,instagram,43.17,0
2025-12-19,ord_2215,Sunset Mug,direct,34.26,0
2025-12-19,ord_2216,Sunset Mug,unknown,39.71,1
2025-12-19,ord_2217,Speckled Bowl,unknown,51.29,0
2025-12-19,ord_2218,Speckled Bowl,direct,54.23,0
2025-12-19,ord_2219,Sunset Mug,instagram,42.18,1
2025-12-19,ord_2220,Speckled Bowl,instagram,49.58,1
2025-12-19,ord_2221,Serving Platter,direct,82.19,1
2025-12-19,ord_2222,Dinner Plate Set,instagram,137.51,0
2025-12-19,ord_2223,Dinner Plate Set,instagram,158.93,0
2025-12-19,ord_2224,Sunset Mug,instagram,41.45,0
2025-12-19,ord_2225,Dinner Plate Set,instagram,144.98,0
2025-12-19,ord_2226,Planter,direct,64.25,0
2025-12-19,ord_2227,Sunset Mug,instagram,48.12,1
2025-12-19,ord_2228,Sunset Mug,direct,45.49,0
2025-12-19,ord_2229,Serving Platter,direct,95.41,1
2025-12-19,ord_2230,Planter,instagram,59.94,0
2025-12-19,ord_2231,Butter Dish,direct,29.45,1
2025-12-19,ord_2232,Planter,referral,50.79,0
2025-12-19,ord_2233,Planter,referral,41.4,0
2025-12-19,ord_2234,Dinner Plate Set,referral,133.87,0
2025-12-19,ord_2235,Espresso Cup Pair,instagram,48.55,1
2025-12-19,ord_2236,Butter Dish,instagram,34.43,1
2025-12-19,ord_2237,Espresso Cup Pair,instagram,39.92,1
2025-12-19,ord_2238,Butter Dish,instagram,43.16,0
2025-12-19,ord_2239,Ridge Vase,instagram,76.95,1
2025-12-19,ord_2240,Sunset Mug,instagram,36.75,0
2025-12-20,ord_2241,Speckled Bowl,instagram,43.55,0
2025-12-20,ord_2242,Sunset Mug,direct,35.97,0
2025-12-20,ord_2243,Sunset Mug,instagram,43.12,1
2025-12-20,ord_2244,Ridge Vase,instagram,55.66,0
2025-12-20,ord_2245,Ridge Vase,instagram,82.65,0
2025-12-20,ord_2246,Serving Platter,referral,114.04,0
2025-12-20,ord_2247,Sunset Mug,unknown,34.82,0
2025-12-20,ord_2248,Planter,instagram,48.47,0
2025-12-20,ord_2249,Sunset Mug,instagram,32.92,0
2025-12-20,ord_2250,Sunset Mug,instagram,36.65,1
2025-12-20,ord_2251,Sunset Mug,unknown,36.27,0
2025-12-20,ord_2252,Butter Dish,instagram,45.09,0
2025-12-20,ord_2253,Sunset Mug,instagram,34.47,0
2025-12-20,ord_2254,Espresso Cup Pair,instagram,40.91,0
2025-12-20,ord_2255,Sunset Mug,instagram,42.65,0
2025-12-20,ord_2256,Speckled Bowl,instagram,46.76,1
2025-12-20,ord_2257,Sunset Mug,instagram,33.85,0
2025-12-20,ord_2258,Espresso Cup Pair,instagram,45.49,0
2025-12-20,ord_2259,Ridge Vase,instagram,81.08,1
2025-12-20,ord_2260,Dinner Plate Set,unknown,126.57,0
2025-12-20,ord_2261,Sunset Mug,instagram,36.48,1
2025-12-20,ord_2262,Dinner Plate Set,instagram,150.36,0
2025-12-20,ord_2263,Dinner Plate Set,direct,107.39,1
2025-12-20,ord_2264,Butter Dish,direct,30.78,1
2025-12-20,ord_2265,Espresso Cup Pair,instagram,36.23,0
2025-12-20,ord_2266,Speckled Bowl,direct,43.79,0
2025-12-20,ord_2267,Planter,instagram,59.94,0
2025-12-20,ord_2268,Speckled Bowl,instagram,55.4,0
2025-12-20,ord_2269,Speckled Bowl,instagram,39.71,0
2025-12-20,ord_2270,Speckled Bowl,instagram,53.15,0
2025-12-20,ord_2271,Planter,instagram,63.32,0
2025-12-20,ord_2272,Speckled Bowl,instagram,48.82,0
2025-12-20,ord_2273,Speckled Bowl,referral,39.83,0
2025-12-20,ord_2274,Planter,instagram,57.95,0
2025-12-20,ord_2275,Ridge Vase,direct,73.28,0
2025-12-20,ord_2276,Speckled Bowl,instagram,42.1,0
2025-12-20,ord_2277,Dinner Plate Set,direct,149.83,0
2025-12-20,ord_2278,Ridge Vase,instagram,79.89,1
2025-12-20,ord_2279,Dinner Plate Set,instagram,121.13,0
2025-12-20,ord_2280,Dinner Plate Set,unknown,142.08,0
2025-12-20,ord_2281,Ridge Vase,unknown,59.75,0
2025-12-20,ord_2282,Sunset Mug,instagram,46.25,1
2025-12-20,ord_2283,Espresso Cup Pair,instagram,45.76,0
2025-12-20,ord_2284,Speckled Bowl,instagram,43.33,0
2025-12-20,ord_2285,Espresso Cup Pair,instagram,38.15,0
2025-12-20,ord_2286,Ridge Vase,direct,58.55,0
2025-12-20,ord_2287,Butter Dish,direct,41.51,1
2025-12-20,ord_2288,Sunset Mug,direct,33.6,0
2025-12-20,ord_2289,Sunset Mug,instagram,38.85,0
2025-12-20,ord_2290,Speckled Bowl,instagram,54.41,1
2025-12-20,ord_2291,Sunset Mug,direct,38.04,0
2025-12-20,ord_2292,Ridge Vase,direct,69.61,0
2025-12-20,ord_2293,Espresso Cup Pair,referral,41.26,1
2025-12-20,ord_2294,Serving Platter,unknown,106.85,0
2025-12-20,ord_2295,Espresso Cup Pair,direct,53.07,0
2025-12-20,ord_2296,Speckled Bowl,direct,39.07,1
2025-12-20,ord_2297,Speckled Bowl,instagram,50.11,0
2025-12-20,ord_2298,Sunset Mug,instagram,34.68,1
2025-12-20,ord_2299,Ridge Vase,instagram,55.81,0
2025-12-20,ord_2300,Ridge Vase,instagram,69.34,0
2025-12-20,ord_2301,Speckled Bowl,instagram,54.3,0
2025-12-20,ord_2302,Espresso Cup Pair,instagram,48.35,0
2025-12-20,ord_2303,Serving Platter,instagram,97.74,0
2025-12-20,ord_2304,Ridge Vase,instagram,58.56,0
2025-12-20,ord_2305,Planter,direct,45.56,0
2025-12-20,ord_2306,Sunset Mug,instagram,33.7,0
2025-12-20,ord_2307,Sunset Mug,instagram,42.24,0
2025-12-20,ord_2308,Serving Platter,instagram,110.44,0
2025-12-20,ord_2309,Butter Dish,referral,41.43,1
2025-12-20,ord_2310,Sunset Mug,unknown,42.71,0
2025-12-20,ord_2311,Butter Dish,referral,36.58,0
2025-12-20,ord_2312,Sunset Mug,instagram,46.7,0
2025-12-20,ord_2313,Serving Platter,instagram,89.91,0
2025-12-20,ord_2314,Butter Dish,instagram,43.13,0
2025-12-20,ord_2315,Sunset Mug,direct,32.55,0
2025-12-20,ord_2316,Sunset Mug,instagram,45.02,0
2025-12-20,ord_2317,Planter,referral,56.34,0
2025-12-20,ord_2318,Speckled Bowl,referral,51.36,1
2025-12-20,ord_2319,Butter Dish,direct,29.11,0
2025-12-20,ord_2320,Espresso Cup Pair,instagram,39.8,0
2025-12-20,ord_2321,Ridge Vase,unknown,65.42,1
2025-12-20,ord_2322,Ridge Vase,instagram,81.46,0
2025-12-20,ord_2323,Sunset Mug,unknown,50.65,1
2025-12-20,ord_2324,Speckled Bowl,unknown,47.22,1
2025-12-20,ord_2325,Speckled Bowl,referral,53.19,0
2025-12-20,ord_2326,Ridge Vase,instagram,80.57,0
2025-12-20,ord_2327,Speckled Bowl,direct,40.25,1
2025-12-20,ord_2328,Espresso Cup Pair,instagram,52.05,1
2025-12-20,ord_2329,Ridge Vase,direct,81.88,0
2025-12-21,ord_2330,Serving Platter,instagram,117.56,1
2025-12-21,ord_2331,Butter Dish,instagram,39.28,0
2025-12-21,ord_2332,Serving Platter,unknown,82.38,1
2025-12-21,ord_2333,Planter,instagram,52.56,1
2025-12-21,ord_2334,Ridge Vase,instagram,69.2,0
2025-12-21,ord_2335,Ridge Vase,unknown,74.76,1
2025-12-21,ord_2336,Ridge Vase,instagram,60.63,0
2025-12-21,ord_2337,Espresso Cup Pair,instagram,45.71,0
2025-12-21,ord_2338,Ridge Vase,direct,71.65,1
2025-12-21,ord_2339,Ridge Vase,direct,81.31,1
2025-12-21,ord_2340,Ridge Vase,instagram,68.99,0
2025-12-21,ord_2341,Speckled Bowl,instagram,58.57,1
2025-12-21,ord_2342,Dinner Plate Set,referral,152.9,0
2025-12-21,ord_2343,Ridge Vase,instagram,54.89,1
2025-12-21,ord_2344,Serving Platter,instagram,93.66,1
2025-12-21,ord_2345,Sunset Mug,direct,37.88,0
2025-12-21,ord_2346,Dinner Plate Set,instagram,119.14,0
2025-12-21,ord_2347,Speckled Bowl,unknown,50.25,0
2025-12-21,ord_2348,Sunset Mug,direct,39.58,0
2025-12-21,ord_2349,Ridge Vase,instagram,82.2,0
2025-12-21,ord_2350,Ridge Vase,unknown,56.84,1
2025-12-21,ord_2351,Speckled Bowl,referral,55.51,0
2025-12-21,ord_2352,Espresso Cup Pair,referral,43.33,0
2025-12-21,ord_2353,Dinner Plate Set,unknown,137.72,0
2025-12-21,ord_2354,Planter,direct,55.31,0
2025-12-21,ord_2355,Serving Platter,direct,76.97,1
2025-12-21,ord_2356,Serving Platter,instagram,104.01,1
2025-12-21,ord_2357,Sunset Mug,unknown,48.47,0
2025-12-21,ord_2358,Dinner Plate Set,instagram,136.07,0
2025-12-21,ord_2359,Ridge Vase,instagram,59.18,1
2025-12-21,ord_2360,Sunset Mug,unknown,36.28,0
2025-12-21,ord_2361,Espresso Cup Pair,referral,35.84,0
2025-12-21,ord_2362,Speckled Bowl,referral,52.72,0
2025-12-21,ord_2363,Butter Dish,referral,36.55,1
2025-12-21,ord_2364,Serving Platter,instagram,104.83,1
2025-12-21,ord_2365,Espresso Cup Pair,referral,37.82,0
2025-12-21,ord_2366,Sunset Mug,referral,46.43,1
2025-12-21,ord_2367,Espresso Cup Pair,referral,43.75,1
2025-12-21,ord_2368,Speckled Bowl,instagram,43.52,0
2025-12-21,ord_2369,Planter,direct,40.99,0
2025-12-21,ord_2370,Serving Platter,instagram,100.84,1
2025-12-21,ord_2371,Ridge Vase,referral,66.68,1
2025-12-21,ord_2372,Dinner Plate Set,instagram,108.55,0
2025-12-21,ord_2373,Planter,instagram,63.62,0
2025-12-21,ord_2374,Butter Dish,direct,32.81,0
2025-12-21,ord_2375,Speckled Bowl,referral,56.09,0
2025-12-21,ord_2376,Sunset Mug,direct,44.21,0
2025-12-21,ord_2377,Espresso Cup Pair,referral,40.03,0
2025-12-21,ord_2378,Serving Platter,instagram,109.62,0
2025-12-21,ord_2379,Sunset Mug,instagram,44.78,0
2025-12-21,ord_2380,Sunset Mug,instagram,48.52,0
2025-12-21,ord_2381,Speckled Bowl,direct,59.14,0
2025-12-21,ord_2382,Ridge Vase,instagram,56.01,1
2025-12-21,ord_2383,Sunset Mug,instagram,43.54,0
2025-12-21,ord_2384,Ridge Vase,instagram,78.61,0
2025-12-21,ord_2385,Butter Dish,direct,40.65,1
2025-12-21,ord_2386,Speckled Bowl,referral,52.94,0
2025-12-21,ord_2387,Espresso Cup Pair,instagram,43.39,0
2025-12-21,ord_2388,Planter,unknown,51.88,0
2025-12-21,ord_2389,Serving Platter,direct,118.3,0
2025-12-21,ord_2390,Ridge Vase,direct,52.89,0
2025-12-21,ord_2391,Ridge Vase,direct,68.54,0
2025-12-21,ord_2392,Ridge Vase,instagram,67.26,1
2025-12-21,ord_2393,Butter Dish,unknown,34.89,0
2025-12-21,ord_2394,Speckled Bowl,referral,55.08,0
2025-12-21,ord_2395,Espresso Cup Pair,instagram,55.77,0
2025-12-21,ord_2396,Speckled Bowl,instagram,52.83,1
2025-12-21,ord_2397,Speckled Bowl,instagram,49.96,1
2025-12-21,ord_2398,Speckled Bowl,direct,57.32,1
2025-12-21,ord_2399,Sunset Mug,direct,37.94,0
2025-12-21,ord_2400,Sunset Mug,direct,34.75,1
2025-12-21,ord_2401,Butter Dish,direct,40.87,0
2025-12-21,ord_2402,Espresso Cup Pair,direct,48.54,1
2025-12-21,ord_2403,Speckled Bowl,unknown,56.9,1
2025-12-21,ord_2404,Speckled Bowl,referral,50.36,0
2025-12-21,ord_2405,Dinner Plate Set,direct,122.58,1
2025-12-21,ord_2406,Planter,instagram,54.49,1
2025-12-21,ord_2407,Sunset Mug,instagram,49.86,0
2025-12-21,ord_2408,Espresso Cup Pair,instagram,56.21,1
2025-12-21,ord_2409,Sunset Mug,referral,35.55,1
2025-12-21,ord_2410,Butter Dish,instagram,40.16,0
2025-12-21,ord_2411,Sunset Mug,direct,40.59,1
2025-12-21,ord_2412,Espresso Cup Pair,unknown,45.28,0
2025-12-21,ord_2413,Speckled Bowl,instagram,54.65,1
2025-12-21,ord_2414,Butter Dish,instagram,37.3,0
2025-12-21,ord_2415,Planter,instagram,57.42,1
2025-12-21,ord_2416,Serving Platter,referral,105.7,1
2025-12-21,ord_2417,Sunset Mug,instagram,50.12,1
2025-12-21,ord_2418,Dinner Plate Set,instagram,141.91,1
2025-12-22,ord_2419,Speckled Bowl,instagram,41.9,1
2025-12-22,ord_2420,Sunset Mug,direct,44.18,0
2025-12-22,ord_2421,Espresso Cup Pair,instagram,45.72,0
2025-12-22,ord_2422,Butter Dish,instagram,43.11,0
2025-12-22,ord_2423,Sunset Mug,referral,50.12,1
2025-12-22,ord_2424,Speckled Bowl,instagram,47.48,1
2025-12-22,ord_2425,Dinner Plate Set,direct,122.2,1
2025-12-22,ord_2426,Butter Dish,direct,37.21,0
2025-12-22,ord_2427,Espresso Cup Pair,direct,50.21,0
2025-12-22,ord_2428,Butter Dish,unknown,42.48,1
2025-12-22,ord_2429,Butter Dish,instagram,29.65,0
2025-12-22,ord_2430,Planter,instagram,54.58,1
2025-12-22,ord_2431,Speckled Bowl,direct,53.23,0
2025-12-22,ord_2432,Speckled Bowl,direct,49.27,0
2025-12-22,ord_2433,Ridge Vase,instagram,58.44,0
2025-12-22,ord_2434,Butter Dish,direct,30.17,1
2025-12-22,ord_2435,Sunset Mug,instagram,38.85,1
2025-12-22,ord_2436,Ridge Vase,direct,57.74,0
2025-12-22,ord_2437,Ridge Vase,referral,70.78,1
2025-12-22,ord_2438,Butter Dish,unknown,43.93,1
2025-12-22,ord_2439,Espresso Cup Pair,referral,51.08,0
2025-12-22,ord_2440,Butter Dish,instagram,37.33,1
2025-12-22,ord_2441,Butter Dish,direct,40.39,0
2025-12-22,ord_2442,Sunset Mug,direct,51.26,0
2025-12-22,ord_2443,Sunset Mug,instagram,49.69,0
2025-12-22,ord_2444,Espresso Cup Pair,referral,47.24,1
2025-12-22,ord_2445,Butter Dish,instagram,44.76,0
2025-12-22,ord_2446,Speckled Bowl,instagram,45.08,0
2025-12-22,ord_2447,Serving Platter,instagram,87.75,0
2025-12-22,ord_2448,Dinner Plate Set,instagram,159.54,0
2025-12-22,ord_2449,Espresso Cup Pair,direct,40.07,0
2025-12-22,ord_2450,Sunset Mug,direct,43.63,1
2025-12-22,ord_2451,Sunset Mug,direct,41.68,0
2025-12-22,ord_2452,Planter,instagram,47.42,0
2025-12-22,ord_2453,Sunset Mug,instagram,38.93,0
2025-12-22,ord_2454,Speckled Bowl,direct,47.36,0
2025-12-22,ord_2455,Ridge Vase,referral,55.37,0
2025-12-22,ord_2456,Ridge Vase,instagram,66.34,0
2025-12-22,ord_2457,Espresso Cup Pair,direct,52.16,0
2025-12-22,ord_2458,Sunset Mug,instagram,38.05,0
2025-12-22,ord_2459,Sunset Mug,instagram,33.78,0
2025-12-22,ord_2460,Butter Dish,instagram,34.83,0
2025-12-22,ord_2461,Dinner Plate Set,referral,128.23,0
2025-12-22,ord_2462,Dinner Plate Set,instagram,140.1,1
2025-12-22,ord_2463,Ridge Vase,unknown,80.8,1
2025-12-22,ord_2464,Sunset Mug,instagram,33.97,0
2025-12-22,ord_2465,Butter Dish,instagram,41.46,0
2025-12-22,ord_2466,Butter Dish,instagram,37.2,1
2025-12-22,ord_2467,Speckled Bowl,referral,54.34,1
2025-12-22,ord_2468,Planter,instagram,44.12,1
2025-12-22,ord_2469,Espresso Cup Pair,direct,49.33,0
2025-12-22,ord_2470,Sunset Mug,direct,41.75,0
2025-12-22,ord_2471,Serving Platter,instagram,112.89,0
2025-12-22,ord_2472,Ridge Vase,direct,79.54,0
2025-12-22,ord_2473,Sunset Mug,referral,38.34,0
2025-12-22,ord_2474,Dinner Plate Set,direct,159.64,0
2025-12-22,ord_2475,Sunset Mug,direct,40.81,0
2025-12-22,ord_2476,Butter Dish,unknown,32.39,0
2025-12-22,ord_2477,Ridge Vase,instagram,69.92,1
2025-12-22,ord_2478,Ridge Vase,unknown,54.54,0
2025-12-22,ord_2479,Dinner Plate Set,instagram,125.21,0
2025-12-23,ord_2480,Espresso Cup Pair,instagram,55.32,0
2025-12-23,ord_2481,Ridge Vase,instagram,58.57,1
2025-12-23,ord_2482,Sunset Mug,instagram,36.34,0
2025-12-23,ord_2483,Espresso Cup Pair,direct,44.25,0
2025-12-23,ord_2484,Dinner Plate Set,instagram,137.35,0
2025-12-23,ord_2485,Dinner Plate Set,referral,141.57,0
2025-12-23,ord_2486,Ridge Vase,instagram,59.95,0
2025-12-23,ord_2487,Speckled Bowl,instagram,38.96,0
2025-12-23,ord_2488,Dinner Plate Set,instagram,151.97,1
2025-12-23,ord_2489,Ridge Vase,unknown,62.44,1
2025-12-23,ord_2490,Speckled Bowl,instagram,49.39,0
2025-12-23,ord_2491,Dinner Plate Set,instagram,120.43,0
2025-12-23,ord_2492,Speckled Bowl,direct,53.28,0
2025-12-23,ord_2493,Speckled Bowl,referral,45.29,0
2025-12-23,ord_2494,Serving Platter,referral,91.71,0
2025-12-23,ord_2495,Speckled Bowl,instagram,49.5,0
2025-12-23,ord_2496,Espresso Cup Pair,direct,43.94,1
2025-12-23,ord_2497,Speckled Bowl,instagram,44.32,1
2025-12-23,ord_2498,Speckled Bowl,direct,48.97,0
2025-12-23,ord_2499,Espresso Cup Pair,instagram,36.83,1
2025-12-23,ord_2500,Planter,direct,63.44,0
2025-12-23,ord_2501,Butter Dish,instagram,36.3,0
2025-12-23,ord_2502,Dinner Plate Set,instagram,123.39,0
2025-12-23,ord_2503,Serving Platter,instagram,89.97,0
2025-12-23,ord_2504,Ridge Vase,instagram,54.86,0
2025-12-23,ord_2505,Espresso Cup Pair,instagram,52.71,0
2025-12-23,ord_2506,Speckled Bowl,instagram,54.4,1
2025-12-23,ord_2507,Espresso Cup Pair,direct,40.33,0
2025-12-23,ord_2508,Espresso Cup Pair,instagram,39.04,0
2025-12-23,ord_2509,Planter,direct,47.2,0
2025-12-23,ord_2510,Planter,instagram,42.96,1
2025-12-23,ord_2511,Sunset Mug,instagram,49.56,0
2025-12-23,ord_2512,Butter Dish,referral,43.23,0
2025-12-23,ord_2513,Butter Dish,direct,33.28,0
2025-12-23,ord_2514,Espresso Cup Pair,direct,45.69,0
2025-12-23,ord_2515,Butter Dish,unknown,29.67,1
2025-12-23,ord_2516,Serving Platter,instagram,93.72,0
2025-12-23,ord_2517,Espresso Cup Pair,instagram,51.04,0
2025-12-23,ord_2518,Ridge Vase,instagram,71.36,0
2025-12-23,ord_2519,Serving Platter,unknown,100.86,0
2025-12-23,ord_2520,Speckled Bowl,instagram,53.97,0
2025-12-23,ord_2521,Speckled Bowl,direct,42.8,0
2025-12-23,ord_2522,Butter Dish,instagram,42.89,0
2025-12-23,ord_2523,Dinner Plate Set,direct,148.77,0
2025-12-23,ord_2524,Sunset Mug,instagram,51.07,0
2025-12-23,ord_2525,Dinner Plate Set,direct,135.89,1
2025-12-23,ord_2526,Serving Platter,instagram,97.6,0
2025-12-23,ord_2527,Ridge Vase,referral,66.82,0
2025-12-23,ord_2528,Espresso Cup Pair,direct,55.86,0
2025-12-23,ord_2529,Ridge Vase,instagram,72.29,0
2025-12-23,ord_2530,Serving Platter,instagram,84.51,1
2025-12-23,ord_2531,Planter,direct,45.06,1
2025-12-23,ord_2532,Dinner Plate Set,instagram,122.86,0
2025-12-23,ord_2533,Sunset Mug,instagram,48.51,0
2025-12-23,ord_2534,Butter Dish,instagram,34.41,0
2025-12-23,ord_2535,Espresso Cup Pair,instagram,39.24,0
2025-12-23,ord_2536,Speckled Bowl,direct,44.98,0
2025-12-23,ord_2537,Sunset Mug,direct,40.91,0
2025-12-23,ord_2538,Ridge Vase,direct,54.4,0
2025-12-23,ord_2539,Sunset Mug,instagram,38.14,0
2025-12-23,ord_2540,Speckled Bowl,instagram,39.9,1
2025-12-23,ord_2541,Butter Dish,direct,29.57,0
2025-12-23,ord_2542,Dinner Plate Set,direct,104.45,0
2025-12-23,ord_2543,Serving Platter,instagram,115.33,0
2025-12-23,ord_2544,Serving Platter,direct,104.51,0
2025-12-23,ord_2545,Sunset Mug,instagram,40.01,0
2025-12-23,ord_2546,Dinner Plate Set,unknown,140.98,0
2025-12-24,ord_2547,Espresso Cup Pair,instagram,55.6,0
2025-12-24,ord_2548,Serving Platter,unknown,117.25,0
2025-12-24,ord_2549,Espresso Cup Pair,instagram,48.72,0
2025-12-24,ord_2550,Butter Dish,direct,42.29,0
2025-12-24,ord_2551,Dinner Plate Set,direct,148.42,1
2025-12-24,ord_2552,Dinner Plate Set,unknown,157.76,1
2025-12-24,ord_2553,Sunset Mug,unknown,50.92,0
2025-12-24,ord_2554,Speckled Bowl,instagram,55.78,0
2025-12-24,ord_2555,Espresso Cup Pair,referral,39.27,0
2025-12-24,ord_2556,Butter Dish,instagram,31.88,0
2025-12-24,ord_2557,Ridge Vase,instagram,77.41,0
2025-12-24,ord_2558,Dinner Plate Set,unknown,113.63,0
2025-12-24,ord_2559,Planter,instagram,55.78,0
2025-12-24,ord_2560,Sunset Mug,direct,47.64,1
2025-12-24,ord_2561,Butter Dish,instagram,38.6,0
2025-12-24,ord_2562,Dinner Plate Set,instagram,145.87,0
2025-12-24,ord_2563,Sunset Mug,unknown,47.83,0
2025-12-24,ord_2564,Sunset Mug,direct,50.08,0
2025-12-24,ord_2565,Serving Platter,direct,92.79,0
2025-12-24,ord_2566,Butter Dish,referral,40.82,1
2025-12-24,ord_2567,Dinner Plate Set,direct,114.79,0
2025-12-24,ord_2568,Sunset Mug,referral,43.8,1
2025-12-24,ord_2569,Dinner Plate Set,instagram,153.85,0
2025-12-24,ord_2570,Sunset Mug,instagram,45.61,0
2025-12-24,ord_2571,Espresso Cup Pair,instagram,50.99,0
2025-12-24,ord_2572,Planter,referral,43.59,0
2025-12-24,ord_2573,Dinner Plate Set,referral,130.96,0
2025-12-24,ord_2574,Sunset Mug,instagram,33.54,0
2025-12-24,ord_2575,Sunset Mug,direct,34.18,0
2025-12-24,ord_2576,Sunset Mug,instagram,37.39,0
2025-12-24,ord_2577,Sunset Mug,referral,38.35,1
2025-12-24,ord_2578,Butter Dish,instagram,45.62,1
2025-12-24,ord_2579,Serving Platter,unknown,85.63,1
2025-12-24,ord_2580,Planter,direct,64.75,0
2025-12-24,ord_2581,Sunset Mug,instagram,45.46,0
2025-12-24,ord_2582,Butter Dish,instagram,45.12,0
2025-12-24,ord_2583,Butter Dish,direct,37.18,0
2025-12-24,ord_2584,Speckled Bowl,instagram,38.41,1
2025-12-24,ord_2585,Planter,direct,50.05,1
2025-12-24,ord_2586,Ridge Vase,instagram,64.94,1
2025-12-24,ord_2587,Sunset Mug,instagram,46.73,0
2025-12-24,ord_2588,Speckled Bowl,instagram,50.37,0
2025-12-24,ord_2589,Butter Dish,referral,36.15,1
2025-12-24,ord_2590,Dinner Plate Set,instagram,148.21,0
2025-12-24,ord_2591,Sunset Mug,unknown,39.18,0
2025-12-24,ord_2592,Sunset Mug,instagram,47.87,0
2025-12-24,ord_2593,Butter Dish,instagram,37.06,0
2025-12-24,ord_2594,Dinner Plate Set,direct,111.19,1
2025-12-24,ord_2595,Espresso Cup Pair,direct,41.49,1
2025-12-24,ord_2596,Planter,direct,56.25,0
2025-12-24,ord_2597,Planter,instagram,49.03,1
2025-12-24,ord_2598,Serving Platter,direct,98.34,0
2025-12-24,ord_2599,Serving Platter,direct,89.18,1
2025-12-24,ord_2600,Dinner Plate Set,referral,155.86,0
2025-12-24,ord_2601,Sunset Mug,unknown,39.52,0
2025-12-24,ord_2602,Sunset Mug,instagram,50.9,0
2025-12-24,ord_2603,Espresso Cup Pair,instagram,44.24,0
2025-12-24,ord_2604,Speckled Bowl,direct,45.37,0
2025-12-24,ord_2605,Sunset Mug,direct,43.55,1
2025-12-24,ord_2606,Serving Platter,instagram,89.09,1
2025-12-24,ord_2607,Butter Dish,direct,38.14,1
2025-12-24,ord_2608,Sunset Mug,unknown,39.06,0
2025-12-24,ord_2609,Planter,direct,55.26,0
2025-12-24,ord_2610,Sunset Mug,instagram,37.85,1
2025-12-24,ord_2611,Espresso Cup Pair,instagram,36.09,0
2025-12-24,ord_2612,Ridge Vase,unknown,80.12,0
2025-12-24,ord_2613,Planter,instagram,49.67,0
2025-12-24,ord_2614,Planter,direct,47.61,1
2025-12-24,ord_2615,Sunset Mug,referral,33.06,0
2025-12-24,ord_2616,Ridge Vase,instagram,54.71,0
2025-12-24,ord_2617,Espresso Cup Pair,referral,46.74,1
2025-12-25,ord_2618,Sunset Mug,instagram,36.83,0
2025-12-25,ord_2619,Dinner Plate Set,direct,117.9,0
2025-12-25,ord_2620,Speckled Bowl,instagram,58.44,1
2025-12-25,ord_2621,Planter,direct,42.84,1
2025-12-25,ord_2622,Ridge Vase,unknown,72.66,1
2025-12-25,ord_2623,Espresso Cup Pair,instagram,41.45,0
2025-12-25,ord_2624,Ridge Vase,direct,56.41,0
2025-12-25,ord_2625,Sunset Mug,referral,44.71,0
2025-12-25,ord_2626,Dinner Plate Set,direct,122.49,0
2025-12-25,ord_2627,Speckled Bowl,instagram,42.54,0
2025-12-25,ord_2628,Sunset Mug,instagram,45.25,0
2025-12-25,ord_2629,Espresso Cup Pair,instagram,45.22,1
2025-12-25,ord_2630,Dinner Plate Set,referral,141.21,1
2025-12-25,ord_2631,Speckled Bowl,direct,54.74,0
2025-12-25,ord_2632,Planter,direct,55.85,0
2025-12-25,ord_2633,Butter Dish,instagram,32.51,0
2025-12-25,ord_2634,Sunset Mug,referral,34.41,0
2025-12-25,ord_2635,Butter Dish,instagram,38.72,0
2025-12-25,ord_2636,Butter Dish,direct,35.33,0
2025-12-25,ord_2637,Ridge Vase,unknown,78.51,0
2025-12-25,ord_2638,Ridge Vase,unknown,69.44,1
2025-12-25,ord_2639,Planter,referral,53.22,0
2025-12-25,ord_2640,Dinner Plate Set,instagram,130.83,0
2025-12-25,ord_2641,Speckled Bowl,referral,51.43,0
2025-12-25,ord_2642,Butter Dish,instagram,39.14,1
2025-12-25,ord_2643,Ridge Vase,direct,53.71,1
2025-12-25,ord_2644,Serving Platter,instagram,84.37,0
2025-12-25,ord_2645,Dinner Plate Set,instagram,135.25,0
2025-12-25,ord_2646,Dinner Plate Set,direct,148.17,1
2025-12-25,ord_2647,Ridge Vase,instagram,79.11,1
2025-12-25,ord_2648,Planter,direct,46.28,1
2025-12-25,ord_2649,Ridge Vase,instagram,67.95,0
2025-12-25,ord_2650,Planter,instagram,59.02,0
2025-12-25,ord_2651,Serving Platter,direct,78.16,0
2025-12-25,ord_2652,Planter,direct,53.0,0
2025-12-25,ord_2653,Planter,direct,57.16,0
2025-12-25,ord_2654,Espresso Cup Pair,direct,45.25,1
2025-12-25,ord_2655,Sunset Mug,instagram,41.93,1
2025-12-25,ord_2656,Sunset Mug,instagram,48.4,0
2025-12-25,ord_2657,Speckled Bowl,direct,53.88,0
2025-12-25,ord_2658,Planter,direct,64.23,0
2025-12-25,ord_2659,Ridge Vase,referral,73.5,1
2025-12-25,ord_2660,Speckled Bowl,instagram,46.72,0
2025-12-25,ord_2661,Ridge Vase,instagram,53.57,0
2025-12-25,ord_2662,Speckled Bowl,instagram,47.43,1
2025-12-25,ord_2663,Espresso Cup Pair,instagram,47.78,0
2025-12-25,ord_2664,Dinner Plate Set,referral,122.25,0
2025-12-25,ord_2665,Sunset Mug,instagram,35.31,1
2025-12-25,ord_2666,Dinner Plate Set,referral,155.09,1
2025-12-25,ord_2667,Butter Dish,direct,43.12,0
2025-12-25,ord_2668,Planter,instagram,45.08,0
2025-12-25,ord_2669,Butter Dish,instagram,34.71,0
2025-12-25,ord_2670,Espresso Cup Pair,instagram,39.75,0
2025-12-25,ord_2671,Planter,direct,44.68,1
2025-12-25,ord_2672,Espresso Cup Pair,instagram,52.56,0
2025-12-25,ord_2673,Dinner Plate Set,unknown,111.53,0
2025-12-25,ord_2674,Espresso Cup Pair,referral,37.91,0
2025-12-25,ord_2675,Espresso Cup Pair,instagram,37.57,0
2025-12-25,ord_2676,Planter,referral,61.03,1
2025-12-25,ord_2677,Planter,direct,41.61,1
2025-12-26,ord_2678,Dinner Plate Set,instagram,106.92,0
2025-12-26,ord_2679,Sunset Mug,instagram,38.29,0
2025-12-26,ord_2680,Espresso Cup Pair,instagram,49.57,1
2025-12-26,ord_2681,Speckled Bowl,unknown,47.08,0
2025-12-26,ord_2682,Espresso Cup Pair,direct,52.68,0
2025-12-26,ord_2683,Dinner Plate Set,instagram,135.63,1
2025-12-26,ord_2684,Butter Dish,direct,32.87,0
2025-12-26,ord_2685,Dinner Plate Set,referral,152.39,0
2025-12-26,ord_2686,Ridge Vase,instagram,54.98,0
2025-12-26,ord_2687,Planter,unknown,42.03,0
2025-12-26,ord_2688,Sunset Mug,instagram,37.1,0
2025-12-26,ord_2689,Serving Platter,direct,84.39,0
2025-12-26,ord_2690,Sunset Mug,direct,46.21,0
2025-12-26,ord_2691,Speckled Bowl,instagram,49.95,0
2025-12-26,ord_2692,Serving Platter,instagram,118.07,1
2025-12-26,ord_2693,Sunset Mug,direct,35.72,1
2025-12-26,ord_2694,Sunset Mug,unknown,37.99,1
2025-12-26,ord_2695,Sunset Mug,direct,48.35,0
2025-12-26,ord_2696,Sunset Mug,referral,40.14,0
2025-12-26,ord_2697,Espresso Cup Pair,direct,51.74,0
2025-12-26,ord_2698,Ridge Vase,instagram,53.47,0
2025-12-26,ord_2699,Sunset Mug,direct,36.67,0
2025-12-26,ord_2700,Sunset Mug,direct,46.51,1
2025-12-26,ord_2701,Serving Platter,referral,80.86,1
2025-12-26,ord_2702,Ridge Vase,direct,68.61,1
2025-12-26,ord_2703,Speckled Bowl,unknown,38.06,0
2025-12-26,ord_2704,Butter Dish,instagram,30.0,1
2025-12-26,ord_2705,Sunset Mug,direct,43.75,0
2025-12-26,ord_2706,Sunset Mug,instagram,43.27,0
2025-12-26,ord_2707,Butter Dish,referral,34.74,0
2025-12-26,ord_2708,Butter Dish,direct,37.09,1
2025-12-26,ord_2709,Butter Dish,referral,30.85,1
2025-12-26,ord_2710,Sunset Mug,instagram,34.08,0
2025-12-26,ord_2711,Butter Dish,referral,41.15,0
2025-12-26,ord_2712,Speckled Bowl,instagram,44.13,1
2025-12-26,ord_2713,Ridge Vase,instagram,73.43,1
2025-12-26,ord_2714,Serving Platter,unknown,86.05,1
2025-12-26,ord_2715,Dinner Plate Set,direct,134.41,1
2025-12-26,ord_2716,Serving Platter,instagram,79.09,0
2025-12-26,ord_2717,Dinner Plate Set,instagram,118.63,0
2025-12-26,ord_2718,Sunset Mug,direct,33.73,0
2025-12-26,ord_2719,Serving Platter,instagram,100.22,0
2025-12-26,ord_2720,Butter Dish,instagram,41.95,0
2025-12-26,ord_2721,Sunset Mug,unknown,46.87,0
2025-12-26,ord_2722,Speckled Bowl,direct,40.54,1
2025-12-26,ord_2723,Butter Dish,instagram,33.85,0
2025-12-26,ord_2724,Sunset Mug,instagram,43.63,0
2025-12-26,ord_2725,Speckled Bowl,referral,58.4,1
2025-12-26,ord_2726,Butter Dish,direct,30.79,0
2025-12-26,ord_2727,Planter,direct,44.51,0
2025-12-26,ord_2728,Espresso Cup Pair,direct,38.34,1
2025-12-26,ord_2729,Serving Platter,instagram,116.6,0
2025-12-26,ord_2730,Sunset Mug,referral,35.71,1
2025-12-26,ord_2731,Sunset Mug,referral,47.86,0
2025-12-26,ord_2732,Serving Platter,referral,96.16,0
2025-12-26,ord_2733,Ridge Vase,instagram,69.4,0
2025-12-26,ord_2734,Dinner Plate Set,instagram,115.84,0
2025-12-26,ord_2735,Speckled Bowl,instagram,53.56,0
2025-12-26,ord_2736,Ridge Vase,direct,75.42,0
2025-12-26,ord_2737,Ridge Vase,instagram,61.09,0
2025-12-26,ord_2738,Ridge Vase,instagram,60.55,1
2025-12-26,ord_2739,Sunset Mug,referral,43.12,0
2025-12-26,ord_2740,Sunset Mug,direct,39.15,0
2025-12-26,ord_2741,Ridge Vase,instagram,74.94,1
2025-12-26,ord_2742,Planter,instagram,45.77,0
2025-12-26,ord_2743,Planter,direct,48.17,0
2025-12-26,ord_2744,Serving Platter,referral,77.24,0
2025-12-26,ord_2745,Butter Dish,referral,30.84,1
2025-12-26,ord_2746,Espresso Cup Pair,direct,52.58,0
2025-12-26,ord_2747,Speckled Bowl,referral,42.52,0
2025-12-26,ord_2748,Planter,instagram,45.19,1
2025-12-26,ord_2749,Serving Platter,direct,90.3,1
2025-12-27,ord_2750,Speckled Bowl,instagram,53.31,0
2025-12-27,ord_2751,Dinner Plate Set,unknown,120.5,1
2025-12-27,ord_2752,Dinner Plate Set,instagram,109.99,0
2025-12-27,ord_2753,Sunset Mug,unknown,45.5,0
2025-12-27,ord_2754,Ridge Vase,direct,59.98,0
2025-12-27,ord_2755,Dinner Plate Set,instagram,141.2,0
2025-12-27,ord_2756,Speckled Bowl,referral,56.72,1
2025-12-27,ord_2757,Espresso Cup Pair,instagram,48.46,0
2025-12-27,ord_2758,Espresso Cup Pair,referral,45.07,1
2025-12-27,ord_2759,Butter Dish,referral,40.53,1
2025-12-27,ord_2760,Espresso Cup Pair,referral,46.04,0
2025-12-27,ord_2761,Planter,referral,42.99,1
2025-12-27,ord_2762,Butter Dish,unknown,30.17,0
2025-12-27,ord_2763,Ridge Vase,direct,77.39,0
2025-12-27,ord_2764,Speckled Bowl,instagram,51.76,0
2025-12-27,ord_2765,Sunset Mug,referral,33.29,0
2025-12-27,ord_2766,Sunset Mug,instagram,46.63,0
2025-12-27,ord_2767,Espresso Cup Pair,direct,38.3,0
2025-12-27,ord_2768,Sunset Mug,instagram,45.57,0
2025-12-27,ord_2769,Espresso Cup Pair,unknown,52.83,0
2025-12-27,ord_2770,Planter,instagram,59.95,0
2025-12-27,ord_2771,Sunset Mug,direct,40.16,0
2025-12-27,ord_2772,Planter,unknown,56.26,0
2025-12-27,ord_2773,Sunset Mug,direct,33.28,1
2025-12-27,ord_2774,Dinner Plate Set,instagram,153.46,0
2025-12-27,ord_2775,Sunset Mug,direct,50.27,0
2025-12-27,ord_2776,Ridge Vase,direct,62.65,1
2025-12-27,ord_2777,Speckled Bowl,instagram,46.33,1
2025-12-27,ord_2778,Ridge Vase,instagram,65.14,0
2025-12-27,ord_2779,Ridge Vase,unknown,68.23,1
2025-12-27,ord_2780,Espresso Cup Pair,instagram,36.55,0
2025-12-27,ord_2781,Serving Platter,referral,95.7,0
2025-12-27,ord_2782,Dinner Plate Set,instagram,116.8,0
2025-12-27,ord_2783,Speckled Bowl,direct,52.24,0
2025-12-27,ord_2784,Ridge Vase,referral,83.27,1
2025-12-27,ord_2785,Speckled Bowl,direct,54.01,1
2025-12-27,ord_2786,Planter,direct,62.02,1
2025-12-27,ord_2787,Dinner Plate Set,referral,154.9,1
2025-12-27,ord_2788,Butter Dish,direct,29.35,0
2025-12-27,ord_2789,Espresso Cup Pair,direct,45.81,0
2025-12-27,ord_2790,Speckled Bowl,referral,51.69,0
2025-12-27,ord_2791,Speckled Bowl,unknown,56.97,1
2025-12-27,ord_2792,Planter,instagram,55.93,0
2025-12-27,ord_2793,Planter,instagram,56.09,1
2025-12-27,ord_2794,Serving Platter,instagram,112.13,1
2025-12-27,ord_2795,Planter,direct,45.66,1
2025-12-27,ord_2796,Sunset Mug,direct,40.26,1
2025-12-27,ord_2797,Sunset Mug,direct,49.52,1
2025-12-27,ord_2798,Serving Platter,direct,78.77,0
2025-12-27,ord_2799,Dinner Plate Set,direct,116.45,1
2025-12-27,ord_2800,Speckled Bowl,direct,50.36,0
2025-12-27,ord_2801,Speckled Bowl,instagram,42.23,0
2025-12-27,ord_2802,Butter Dish,instagram,33.55,1
2025-12-27,ord_2803,Ridge Vase,direct,60.69,0
2025-12-27,ord_2804,Planter,unknown,55.18,0
2025-12-27,ord_2805,Sunset Mug,instagram,43.32,1
2025-12-27,ord_2806,Sunset Mug,unknown,46.27,0
2025-12-27,ord_2807,Speckled Bowl,referral,37.69,1
2025-12-27,ord_2808,Butter Dish,unknown,30.83,0
2025-12-27,ord_2809,Butter Dish,unknown,38.9,0
2025-12-27,ord_2810,Serving Platter,instagram,82.01,0
2025-12-27,ord_2811,Ridge Vase,instagram,77.51,0
2025-12-27,ord_2812,Speckled Bowl,instagram,53.23,1
2025-12-28,ord_2813,Planter,referral,52.81,0
2025-12-28,ord_2814,Espresso Cup Pair,referral,43.89,0
2025-12-28,ord_2815,Planter,unknown,53.38,1
2025-12-28,ord_2816,Dinner Plate Set,direct,153.95,0
2025-12-28,ord_2817,Speckled Bowl,referral,46.04,1
2025-12-28,ord_2818,Speckled Bowl,instagram,42.83,1
2025-12-28,ord_2819,Ridge Vase,instagram,81.67,0
2025-12-28,ord_2820,Speckled Bowl,direct,54.0,0
2025-12-28,ord_2821,Sunset Mug,direct,33.64,0
2025-12-28,ord_2822,Espresso Cup Pair,unknown,52.64,0
2025-12-28,ord_2823,Ridge Vase,unknown,56.97,1
2025-12-28,ord_2824,Planter,direct,54.47,0
2025-12-28,ord_2825,Speckled Bowl,unknown,50.22,0
2025-12-28,ord_2826,Dinner Plate Set,unknown,135.23,0
2025-12-28,ord_2827,Espresso Cup Pair,direct,54.82,0
2025-12-28,ord_2828,Espresso Cup Pair,direct,44.43,0
2025-12-28,ord_2829,Espresso Cup Pair,direct,55.05,1
2025-12-28,ord_2830,Ridge Vase,unknown,60.73,0
2025-12-28,ord_2831,Sunset Mug,instagram,39.63,0
2025-12-28,ord_2832,Sunset Mug,direct,37.03,1
2025-12-28,ord_2833,Planter,instagram,62.49,0
2025-12-28,ord_2834,Dinner Plate Set,instagram,109.02,0
2025-12-28,ord_2835,Speckled Bowl,instagram,42.84,0
2025-12-28,ord_2836,Sunset Mug,direct,32.53,0
2025-12-28,ord_2837,Planter,direct,55.39,0
2025-12-28,ord_2838,Serving Platter,instagram,88.39,0
2025-12-28,ord_2839,Sunset Mug,instagram,37.42,0
2025-12-28,ord_2840,Speckled Bowl,referral,53.11,0
2025-12-28,ord_2841,Speckled Bowl,instagram,43.11,0
2025-12-28,ord_2842,Sunset Mug,direct,43.46,1
2025-12-28,ord_2843,Serving Platter,instagram,98.55,0
2025-12-28,ord_2844,Butter Dish,instagram,40.33,0
2025-12-28,ord_2845,Butter Dish,referral,35.47,0
2025-12-28,ord_2846,Speckled Bowl,instagram,55.25,1
2025-12-28,ord_2847,Sunset Mug,direct,48.18,0
2025-12-28,ord_2848,Ridge Vase,direct,70.61,1
2025-12-28,ord_2849,Sunset Mug,direct,50.49,0
2025-12-28,ord_2850,Sunset Mug,referral,39.18,0
2025-12-28,ord_2851,Sunset Mug,instagram,42.84,0
2025-12-28,ord_2852,Planter,direct,63.18,0
2025-12-28,ord_2853,Ridge Vase,unknown,70.72,1
2025-12-28,ord_2854,Sunset Mug,direct,37.43,0
2025-12-28,ord_2855,Butter Dish,direct,44.35,0
2025-12-28,ord_2856,Speckled Bowl,unknown,46.31,1
2025-12-28,ord_2857,Planter,referral,53.5,0
2025-12-28,ord_2858,Sunset Mug,instagram,46.35,0
2025-12-28,ord_2859,Speckled Bowl,direct,38.28,1
2025-12-28,ord_2860,Dinner Plate Set,direct,121.97,0
2025-12-28,ord_2861,Espresso Cup Pair,direct,47.64,0
2025-12-28,ord_2862,Butter Dish,referral,42.16,1
2025-12-28,ord_2863,Dinner Plate Set,instagram,116.19,1
2025-12-28,ord_2864,Dinner Plate Set,instagram,102.27,1
2025-12-28,ord_2865,Speckled Bowl,referral,42.24,0
2025-12-28,ord_2866,Butter Dish,instagram,37.59,0
2025-12-28,ord_2867,Speckled Bowl,instagram,46.25,1
2025-12-28,ord_2868,Butter Dish,direct,45.14,0
2025-12-28,ord_2869,Sunset Mug,unknown,45.62,1
2025-12-28,ord_2870,Speckled Bowl,unknown,52.23,0
2025-12-28,ord_2871,Speckled Bowl,direct,49.84,1
2025-12-28,ord_2872,Sunset Mug,instagram,37.65,0
2025-12-28,ord_2873,Speckled Bowl,direct,56.49,0
2025-12-28,ord_2874,Sunset Mug,instagram,50.96,1
2025-12-28,ord_2875,Serving Platter,direct,76.83,0
2025-12-28,ord_2876,Espresso Cup Pair,instagram,38.23,0
2025-12-28,ord_2877,Serving Platter,instagram,82.84,0
2025-12-28,ord_2878,Speckled Bowl,instagram,52.5,0
2025-12-28,ord_2879,Planter,instagram,50.77,0
2025-12-28,ord_2880,Speckled Bowl,direct,52.7,0
2025-12-28,ord_2881,Sunset Mug,referral,42.06,0
2025-12-28,ord_2882,Espresso Cup Pair,unknown,47.75,0
2025-12-28,ord_2883,Ridge Vase,instagram,61.28,1
2025-12-28,ord_2884,Ridge Vase,instagram,70.26,0
2025-12-28,ord_2885,Dinner Plate Set,instagram,142.61,0
2025-12-28,ord_2886,Dinner Plate Set,direct,140.01,0
2025-12-28,ord_2887,Speckled Bowl,instagram,38.23,1
2025-12-28,ord_2888,Serving Platter,direct,117.49,0
2025-12-28,ord_2889,Speckled Bowl,instagram,52.32,1
2025-12-28,ord_2890,Butter Dish,direct,44.53,0
2025-12-28,ord_2891,Speckled Bowl,referral,51.69,1
2025-12-28,ord_2892,Butter Dish,direct,41.7,0
2025-12-28,ord_2893,Espresso Cup Pair,instagram,52.87,1
2025-12-28,ord_2894,Planter,instagram,42.51,0
2025-12-28,ord_2895,Planter,unknown,48.06,0
2025-12-28,ord_2896,Butter Dish,instagram,33.45,0
2025-12-28,ord_2897,Ridge Vase,direct,63.96,1
2025-12-28,ord_2898,Butter Dish,referral,42.22,0
2025-12-28,ord_2899,Speckled Bowl,direct,48.23,0
2025-12-28,ord_2900,Ridge Vase,direct,58.87,0
2025-12-28,ord_2901,Espresso Cup Pair,unknown,44.64,0
2025-12-28,ord_2902,Serving Platter,instagram,110.95,0
2025-12-28,ord_2903,Serving Platter,instagram,83.75,0
2025-12-29,ord_2904,Dinner Plate Set,direct,121.44,0
2025-12-29,ord_2905,Butter Dish,instagram,44.53,0
2025-12-29,ord_2906,Ridge Vase,referral,64.33,0
2025-12-29,ord_2907,Speckled Bowl,instagram,37.6,0
2025-12-29,ord_2908,Sunset Mug,instagram,44.84,0
2025-12-29,ord_2909,Ridge Vase,instagram,73.22,1
2025-12-29,ord_2910,Sunset Mug,instagram,40.92,0
2025-12-29,ord_2911,Speckled Bowl,instagram,39.03,1
2025-12-29,ord_2912,Dinner Plate Set,instagram,114.5,0
2025-12-29,ord_2913,Espresso Cup Pair,instagram,52.52,1
2025-12-29,ord_2914,Sunset Mug,instagram,32.95,1
2025-12-29,ord_2915,Speckled Bowl,unknown,52.77,0
2025-12-29,ord_2916,Ridge Vase,unknown,63.21,0
2025-12-29,ord_2917,Butter Dish,instagram,32.53,1
2025-12-29,ord_2918,Sunset Mug,direct,44.1,0
2025-12-29,ord_2919,Dinner Plate Set,direct,153.31,1
2025-12-29,ord_2920,Speckled Bowl,instagram,52.79,0
2025-12-29,ord_2921,Sunset Mug,instagram,47.41,0
2025-12-29,ord_2922,Ridge Vase,direct,65.45,0
2025-12-29,ord_2923,Ridge Vase,direct,53.69,1
2025-12-29,ord_2924,Dinner Plate Set,instagram,138.83,0
2025-12-29,ord_2925,Espresso Cup Pair,direct,36.62,0
2025-12-29,ord_2926,Sunset Mug,referral,41.69,0
2025-12-29,ord_2927,Ridge Vase,instagram,75.42,0
2025-12-29,ord_2928,Butter Dish,direct,41.67,1
2025-12-29,ord_2929,Dinner Plate Set,unknown,145.45,1
2025-12-29,ord_2930,Butter Dish,unknown,40.95,0
2025-12-29,ord_2931,Speckled Bowl,instagram,55.08,1
2025-12-29,ord_2932,Sunset Mug,instagram,45.06,0
2025-12-29,ord_2933,Ridge Vase,direct,77.18,0
2025-12-29,ord_2934,Speckled Bowl,instagram,56.09,1
2025-12-29,ord_2935,Speckled Bowl,unknown,55.03,0
2025-12-29,ord_2936,Serving Platter,instagram,117.59,0
2025-12-29,ord_2937,Butter Dish,direct,40.14,0
2025-12-29,ord_2938,Butter Dish,instagram,31.0,0
2025-12-29,ord_2939,Ridge Vase,unknown,63.61,0
2025-12-29,ord_2940,Espresso Cup Pair,referral,54.71,0
2025-12-29,ord_2941,Serving Platter,unknown,104.8,0
2025-12-29,ord_2942,Butter Dish,instagram,37.68,1
2025-12-29,ord_2943,Ridge Vase,instagram,74.67,1
2025-12-29,ord_2944,Espresso Cup Pair,instagram,43.29,0
2025-12-29,ord_2945,Planter,referral,60.86,1
2025-12-29,ord_2946,Butter Dish,instagram,30.25,1
2025-12-29,ord_2947,Sunset Mug,instagram,48.11,1
2025-12-29,ord_2948,Ridge Vase,direct,81.49,1
2025-12-29,ord_2949,Planter,referral,49.67,0
2025-12-29,ord_2950,Sunset Mug,direct,43.2,0
2025-12-29,ord_2951,Speckled Bowl,referral,58.71,0
2025-12-29,ord_2952,Ridge Vase,instagram,52.86,1
2025-12-29,ord_2953,Speckled Bowl,referral,48.81,1
2025-12-29,ord_2954,Butter Dish,referral,36.51,0
2025-12-29,ord_2955,Ridge Vase,direct,74.99,0
2025-12-29,ord_2956,Butter Dish,instagram,36.94,0
2025-12-29,ord_2957,Dinner Plate Set,instagram,153.36,0
2025-12-29,ord_2958,Serving Platter,instagram,101.97,1
2025-12-29,ord_2959,Serving Platter,referral,106.17,0
2025-12-29,ord_2960,Planter,direct,57.34,1
2025-12-29,ord_2961,Espresso Cup Pair,instagram,42.25,0
2025-12-29,ord_2962,Ridge Vase,referral,72.53,0
2025-12-29,ord_2963,Espresso Cup Pair,referral,48.17,1
2025-12-29,ord_2964,Serving Platter,instagram,84.69,0
2025-12-29,ord_2965,Serving Platter,referral,99.69,0
2025-12-29,ord_2966,Speckled Bowl,instagram,57.47,0
2025-12-30,ord_2967,Dinner Plate Set,direct,148.09,0
2025-12-30,ord_2968,Speckled Bowl,instagram,50.07,0
2025-12-30,ord_2969,Speckled Bowl,referral,50.62,0
2025-12-30,ord_2970,Dinner Plate Set,instagram,128.19,0
2025-12-30,ord_2971,Sunset Mug,direct,49.12,0
2025-12-30,ord_2972,Espresso Cup Pair,referral,53.95,0
2025-12-30,ord_2973,Espresso Cup Pair,referral,42.94,0
2025-12-30,ord_2974,Speckled Bowl,referral,56.4,0
2025-12-30,ord_2975,Planter,instagram,61.49,0
2025-12-30,ord_2976,Sunset Mug,instagram,49.28,0
2025-12-30,ord_2977,Speckled Bowl,instagram,41.7,0
2025-12-30,ord_2978,Ridge Vase,instagram,77.79,0
2025-12-30,ord_2979,Sunset Mug,instagram,47.58,0
2025-12-30,ord_2980,Butter Dish,unknown,38.29,0
2025-12-30,ord_2981,Ridge Vase,direct,72.79,0
2025-12-30,ord_2982,Espresso Cup Pair,unknown,37.19,1
2025-12-30,ord_2983,Sunset Mug,direct,46.09,0
2025-12-30,ord_2984,Planter,instagram,46.5,1
2025-12-30,ord_2985,Butter Dish,referral,32.43,0
2025-12-30,ord_2986,Ridge Vase,unknown,60.58,0
2025-12-30,ord_2987,Planter,unknown,52.93,1
2025-12-30,ord_2988,Ridge Vase,instagram,72.0,0
2025-12-30,ord_2989,Butter Dish,unknown,32.99,1
2025-12-30,ord_2990,Speckled Bowl,instagram,46.42,0
2025-12-30,ord_2991,Dinner Plate Set,instagram,111.75,1
2025-12-30,ord_2992,Butter Dish,unknown,42.8,1
2025-12-30,ord_2993,Espresso Cup Pair,instagram,50.32,1
2025-12-30,ord_2994,Butter Dish,direct,34.65,0
2025-12-30,ord_2995,Sunset Mug,referral,48.18,0
2025-12-30,ord_2996,Speckled Bowl,instagram,37.8,0
2025-12-30,ord_2997,Serving Platter,instagram,109.47,1
2025-12-30,ord_2998,Espresso Cup Pair,instagram,42.85,0
2025-12-30,ord_2999,Speckled Bowl,instagram,56.25,1
2025-12-30,ord_3000,Butter Dish,referral,31.6,1
2025-12-30,ord_3001,Sunset Mug,direct,50.59,0
2025-12-30,ord_3002,Planter,direct,52.15,0
2025-12-30,ord_3003,Dinner Plate Set,referral,109.24,0
2025-12-30,ord_3004,Sunset Mug,unknown,35.82,0
2025-12-30,ord_3005,Sunset Mug,direct,49.52,0
2025-12-30,ord_3006,Sunset Mug,instagram,50.63,0
2025-12-30,ord_3007,Dinner Plate Set,direct,103.33,0
2025-12-30,ord_3008,Ridge Vase,instagram,59.12,1
2025-12-30,ord_3009,Butter Dish,direct,30.61,0
2025-12-30,ord_3010,Espresso Cup Pair,direct,41.31,0
2025-12-30,ord_3011,Ridge Vase,direct,60.12,1
2025-12-30,ord_3012,Dinner Plate Set,direct,159.26,1
2025-12-30,ord_3013,Sunset Mug,direct,44.91,1
2025-12-30,ord_3014,Ridge Vase,direct,72.1,0
2025-12-30,ord_3015,Ridge Vase,direct,60.9,0
2025-12-30,ord_3016,Ridge Vase,direct,78.15,0
2025-12-30,ord_3017,Serving Platter,direct,112.16,1
2025-12-30,ord_3018,Planter,instagram,51.79,1
2025-12-30,ord_3019,Dinner Plate Set,instagram,137.63,0
2025-12-30,ord_3020,Planter,unknown,43.86,0
2025-12-30,ord_3021,Sunset Mug,instagram,41.45,0
2025-12-30,ord_3022,Sunset Mug,unknown,37.83,0
2025-12-30,ord_3023,Ridge Vase,referral,78.69,0
2025-12-30,ord_3024,Butter Dish,direct,45.78,0
2025-12-30,ord_3025,Espresso Cup Pair,direct,47.97,0
2025-12-30,ord_3026,Serving Platter,unknown,87.29,0
2025-12-30,ord_3027,Sunset Mug,direct,50.26,1
2025-12-30,ord_3028,Ridge Vase,direct,66.18,0
2025-12-30,ord_3029,Sunset Mug,referral,49.07,0
2025-12-30,ord_3030,Serving Platter,instagram,95.09,1
2025-12-30,ord_3031,Dinner Plate Set,direct,103.26,1
2025-12-30,ord_3032,Dinner Plate Set,unknown,153.41,1
2025-12-30,ord_3033,Serving Platter,unknown,106.97,0
2025-12-30,ord_3034,Speckled Bowl,unknown,55.67,1
2025-12-30,ord_3035,Dinner Plate Set,instagram,131.23,1
2025-12-31,ord_3036,Serving Platter,referral,113.48,1
2025-12-31,ord_3037,Serving Platter,instagram,86.3,0
2025-12-31,ord_3038,Serving Platter,direct,115.04,0
2025-12-31,ord_3039,Sunset Mug,instagram,39.23,0
2025-12-31,ord_3040,Sunset Mug,instagram,40.05,0
2025-12-31,ord_3041,Sunset Mug,direct,50.6,0
2025-12-31,ord_3042,Dinner Plate Set,referral,160.49,1
2025-12-31,ord_3043,Butter Dish,referral,41.74,0
2025-12-31,ord_3044,Planter,direct,46.9,0
2025-12-31,ord_3045,Butter Dish,referral,41.27,0
2025-12-31,ord_3046,Ridge Vase,unknown,68.18,1
2025-12-31,ord_3047,Espresso Cup Pair,instagram,56.09,1
2025-12-31,ord_3048,Sunset Mug,direct,42.12,1
2025-12-31,ord_3049,Sunset Mug,instagram,32.48,1
2025-12-31,ord_3050,Dinner Plate Set,direct,126.61,0
2025-12-31,ord_3051,Espresso Cup Pair,instagram,47.67,1
2025-12-31,ord_3052,Espresso Cup Pair,instagram,54.58,1
2025-12-31,ord_3053,Sunset Mug,referral,45.25,1
2025-12-31,ord_3054,Butter Dish,referral,37.12,0
2025-12-31,ord_3055,Espresso Cup Pair,referral,37.81,0
2025-12-31,ord_3056,Serving Platter,referral,90.42,1
2025-12-31,ord_3057,Sunset Mug,direct,39.8,1
2025-12-31,ord_3058,Ridge Vase,direct,68.46,0
2025-12-31,ord_3059,Ridge Vase,direct,53.13,1
2025-12-31,ord_3060,Ridge Vase,instagram,58.37,0
2025-12-31,ord_3061,Planter,instagram,59.32,0
2025-12-31,ord_3062,Ridge Vase,instagram,66.36,1
2025-12-31,ord_3063,Speckled Bowl,direct,49.64,0
2025-12-31,ord_3064,Planter,direct,52.67,0
2025-12-31,ord_3065,Speckled Bowl,direct,46.86,0
2025-12-31,ord_3066,Dinner Plate Set,unknown,104.57,0
2025-12-31,ord_3067,Speckled Bowl,referral,57.97,0
2025-12-31,ord_3068,Butter Dish,direct,43.91,0
2025-12-31,ord_3069,Butter Dish,instagram,31.15,0
2025-12-31,ord_3070,Espresso Cup Pair,instagram,40.94,0
2025-12-31,ord_3071,Espresso Cup Pair,direct,47.25,0
2025-12-31,ord_3072,Serving Platter,direct,117.45,1
2025-12-31,ord_3073,Dinner Plate Set,direct,132.02,0
2025-12-31,ord_3074,Sunset Mug,instagram,48.15,0
2025-12-31,ord_3075,Sunset Mug,direct,33.09,1
2025-12-31,ord_3076,Speckled Bowl,referral,37.91,1
2025-12-31,ord_3077,Dinner Plate Set,unknown,147.99,0
2025-12-31,ord_3078,Butter Dish,referral,40.18,1
2025-12-31,ord_3079,Sunset Mug,unknown,48.25,0
2025-12-31,ord_3080,Serving Platter,unknown,98.15,1
2025-12-31,ord_3081,Speckled Bowl,unknown,40.91,0
2025-12-31,ord_3082,Butter Dish,unknown,36.05,0
2025-12-31,ord_3083,Espresso Cup Pair,unknown,43.25,0
2025-12-31,ord_3084,Butter Dish,direct,34.3,1
2025-12-31,ord_3085,Ridge Vase,direct,57.99,1
2025-12-31,ord_3086,Planter,referral,41.92,1
2025-12-31,ord_3087,Sunset Mug,direct,43.72,1
2025-12-31,ord_3088,Sunset Mug,direct,42.7,1
2025-12-31,ord_3089,Espresso Cup Pair,direct,36.43,0
2025-12-31,ord_3090,Butter Dish,direct,43.02,0
2025-12-31,ord_3091,Sunset Mug,referral,32.45,0
2025-12-31,ord_3092,Dinner Plate Set,instagram,108.98,1
2025-12-31,ord_3093,Speckled Bowl,referral,40.26,0
2025-12-31,ord_3094,Espresso Cup Pair,referral,36.11,0
2025-12-31,ord_3095,Speckled Bowl,direct,58.8,0
2025-12-31,ord_3096,Espresso Cup Pair,unknown,45.6,1
2025-12-31,ord_3097,Sunset Mug,instagram,33.01,0
2025-12-31,ord_3098,Sunset Mug,direct,40.99,0
2025-12-31,ord_3099,Serving Platter,instagram,93.16,0
2025-12-31,ord_3100,Butter Dish,direct,45.72,0
2025-12-31,ord_3101,Dinner Plate Set,direct,134.58,1
2025-12-31,ord_3102,Sunset Mug,instagram,44.83,0
2025-12-31,ord_3103,Butter Dish,instagram,33.74,1
2025-12-31,ord_3104,Speckled Bowl,instagram,44.52,0
2026-01-01,ord_3105,Butter Dish,referral,36.49,0
2026-01-01,ord_3106,Serving Platter,referral,112.97,0
2026-01-01,ord_3107,Sunset Mug,unknown,39.91,0
2026-01-01,ord_3108,Butter Dish,referral,36.37,0
2026-01-01,ord_3109,Butter Dish,direct,34.86,0
2026-01-01,ord_3110,Espresso Cup Pair,unknown,52.39,0
2026-01-01,ord_3111,Ridge Vase,instagram,74.4,0
2026-01-01,ord_3112,Sunset Mug,instagram,42.79,1
2026-01-01,ord_3113,Speckled Bowl,instagram,37.4,1
2026-01-01,ord_3114,Butter Dish,instagram,37.58,0
2026-01-01,ord_3115,Serving Platter,unknown,84.01,0
2026-01-01,ord_3116,Espresso Cup Pair,direct,52.15,0
2026-01-01,ord_3117,Speckled Bowl,unknown,41.32,0
2026-01-01,ord_3118,Ridge Vase,instagram,53.56,0
2026-01-01,ord_3119,Ridge Vase,instagram,70.04,1
2026-01-01,ord_3120,Serving Platter,referral,86.04,1
2026-01-01,ord_3121,Sunset Mug,referral,45.61,0
2026-01-01,ord_3122,Ridge Vase,referral,76.35,1
2026-01-01,ord_3123,Ridge Vase,referral,55.24,0
2026-01-01,ord_3124,Dinner Plate Set,referral,124.25,1
2026-01-01,ord_3125,Speckled Bowl,unknown,46.27,0
2026-01-01,ord_3126,Espresso Cup Pair,instagram,37.86,0
2026-01-01,ord_3127,Ridge Vase,instagram,79.35,1
2026-01-01,ord_3128,Sunset Mug,direct,50.63,0
2026-01-01,ord_3129,Sunset Mug,unknown,50.05,1
2026-01-01,ord_3130,Serving Platter,direct,77.84,0
2026-01-01,ord_3131,Speckled Bowl,direct,42.72,0
2026-01-01,ord_3132,Espresso Cup Pair,unknown,44.08,0
2026-01-01,ord_3133,Dinner Plate Set,instagram,141.38,0
2026-01-01,ord_3134,Ridge Vase,instagram,75.73,1
2026-01-01,ord_3135,Speckled Bowl,instagram,48.99,0
2026-01-01,ord_3136,Serving Platter,referral,113.27,0
2026-01-01,ord_3137,Speckled Bowl,instagram,38.77,0
2026-01-01,ord_3138,Sunset Mug,instagram,34.78,1
2026-01-01,ord_3139,Serving Platter,direct,118.73,0
2026-01-01,ord_3140,Serving Platter,unknown,74.89,0
2026-01-01,ord_3141,Espresso Cup Pair,referral,43.68,0
2026-01-01,ord_3142,Serving Platter,direct,83.58,0
2026-01-01,ord_3143,Sunset Mug,direct,41.19,0
2026-01-01,ord_3144,Ridge Vase,direct,62.85,1
2026-01-01,ord_3145,Espresso Cup Pair,direct,39.98,0
2026-01-01,ord_3146,Speckled Bowl,instagram,53.3,0
2026-01-01,ord_3147,Sunset Mug,referral,45.52,1
2026-01-01,ord_3148,Sunset Mug,direct,47.8,0
2026-01-01,ord_3149,Serving Platter,instagram,99.11,0
2026-01-01,ord_3150,Serving Platter,direct,102.42,1
2026-01-01,ord_3151,Dinner Plate Set,referral,117.06,0
2026-01-01,ord_3152,Dinner Plate Set,unknown,115.52,0
2026-01-01,ord_3153,Planter,instagram,46.83,0
2026-01-01,ord_3154,Serving Platter,direct,93.61,0
2026-01-01,ord_3155,Dinner Plate Set,referral,129.18,0
2026-01-01,ord_3156,Ridge Vase,direct,63.7,0
2026-01-01,ord_3157,Planter,instagram,55.04,1
2026-01-01,ord_3158,Planter,instagram,59.48,0
2026-01-01,ord_3159,Dinner Plate Set,unknown,150.35,0
2026-01-01,ord_3160,Speckled Bowl,referral,47.15,1
2026-01-01,ord_3161,Dinner Plate Set,direct,159.95,1
2026-01-02,ord_3162,Butter Dish,direct,40.99,0
2026-01-02,ord_3163,Ridge Vase,direct,55.83,0
2026-01-02,ord_3164,Dinner Plate Set,direct,123.37,0
2026-01-02,ord_3165,Sunset Mug,referral,43.57,0
2026-01-02,ord_3166,Butter Dish,unknown,41.69,0
2026-01-02,ord_3167,Speckled Bowl,direct,40.54,1
2026-01-02,ord_3168,Dinner Plate Set,referral,124.28,0
2026-01-02,ord_3169,Butter Dish,referral,39.57,0
2026-01-02,ord_3170,Ridge Vase,instagram,62.91,1
2026-01-02,ord_3171,Serving Platter,unknown,115.03,0
2026-01-02,ord_3172,Dinner Plate Set,referral,146.78,0
2026-01-02,ord_3173,Sunset Mug,instagram,39.97,0
2026-01-02,ord_3174,Espresso Cup Pair,direct,36.74,0
2026-01-02,ord_3175,Butter Dish,direct,42.98,0
2026-01-02,ord_3176,Ridge Vase,instagram,52.92,1
2026-01-02,ord_3177,Espresso Cup Pair,direct,36.52,1
2026-01-02,ord_3178,Ridge Vase,referral,76.3,1
2026-01-02,ord_3179,Sunset Mug,referral,34.63,1
2026-01-02,ord_3180,Butter Dish,instagram,38.43,0
2026-01-02,ord_3181,Dinner Plate Set,instagram,144.65,0
2026-01-02,ord_3182,Sunset Mug,direct,44.64,1
2026-01-02,ord_3183,Ridge Vase,referral,58.26,1
2026-01-02,ord_3184,Sunset Mug,direct,37.82,0
2026-01-02,ord_3185,Sunset Mug,direct,43.06,1
2026-01-02,ord_3186,Speckled Bowl,instagram,47.24,1
2026-01-02,ord_3187,Serving Platter,direct,85.88,0
2026-01-02,ord_3188,Dinner Plate Set,instagram,106.18,0
2026-01-02,ord_3189,Butter Dish,direct,38.34,1
2026-01-02,ord_3190,Ridge Vase,instagram,57.65,0
2026-01-02,ord_3191,Dinner Plate Set,referral,129.01,0
2026-01-02,ord_3192,Espresso Cup Pair,direct,43.58,0
2026-01-02,ord_3193,Espresso Cup Pair,instagram,36.96,1
2026-01-02,ord_3194,Ridge Vase,instagram,59.24,1
2026-01-02,ord_3195,Sunset Mug,direct,49.1,1
2026-01-02,ord_3196,Speckled Bowl,direct,42.17,0
2026-01-02,ord_3197,Sunset Mug,direct,32.66,1
2026-01-02,ord_3198,Serving Platter,instagram,78.49,0
2026-01-02,ord_3199,Espresso Cup Pair,unknown,47.59,0
2026-01-02,ord_3200,Planter,direct,62.89,1
2026-01-02,ord_3201,Espresso Cup Pair,direct,52.81,1
2026-01-02,ord_3202,Speckled Bowl,instagram,47.66,1
2026-01-02,ord_3203,Butter Dish,instagram,32.8,0
2026-01-02,ord_3204,Speckled Bowl,instagram,45.59,0
2026-01-02,ord_3205,Sunset Mug,instagram,44.22,1
2026-01-02,ord_3206,Planter,referral,54.52,0
2026-01-02,ord_3207,Planter,instagram,54.71,0
2026-01-02,ord_3208,Planter,direct,54.41,0
2026-01-02,ord_3209,Butter Dish,direct,34.78,0
2026-01-02,ord_3210,Sunset Mug,direct,47.54,0
2026-01-02,ord_3211,Speckled Bowl,unknown,40.79,0
2026-01-02,ord_3212,Sunset Mug,direct,34.47,1
2026-01-02,ord_3213,Planter,referral,45.27,0
2026-01-02,ord_3214,Sunset Mug,instagram,50.83,0
2026-01-02,ord_3215,Serving Platter,referral,108.86,1
2026-01-02,ord_3216,Espresso Cup Pair,direct,55.78,0
2026-01-02,ord_3217,Butter Dish,instagram,38.6,0
2026-01-02,ord_3218,Serving Platter,unknown,103.35,0
2026-01-02,ord_3219,Speckled Bowl,direct,50.59,0
2026-01-02,ord_3220,Dinner Plate Set,referral,127.42,0
2026-01-02,ord_3221,Dinner Plate Set,referral,108.1,0
2026-01-02,ord_3222,Planter,direct,59.38,0
2026-01-02,ord_3223,Sunset Mug,instagram,38.1,0
2026-01-02,ord_3224,Butter Dish,instagram,40.0,0
2026-01-02,ord_3225,Espresso Cup Pair,instagram,56.52,1
2026-01-02,ord_3226,Ridge Vase,instagram,72.61,1
2026-01-02,ord_3227,Ridge Vase,instagram,69.95,1
2026-01-02,ord_3228,Serving Platter,instagram,91.46,1
2026-01-03,ord_3229,Ridge Vase,direct,68.47,0
2026-01-03,ord_3230,Espresso Cup Pair,referral,51.75,1
2026-01-03,ord_3231,Ridge Vase,direct,68.88,1
2026-01-03,ord_3232,Serving Platter,referral,87.94,1
2026-01-03,ord_3233,Sunset Mug,referral,35.43,1
2026-01-03,ord_3234,Dinner Plate Set,direct,122.57,0
2026-01-03,ord_3235,Serving Platter,instagram,111.22,0
2026-01-03,ord_3236,Planter,instagram,64.0,1
2026-01-03,ord_3237,Speckled Bowl,instagram,44.84,0
2026-01-03,ord_3238,Dinner Plate Set,instagram,157.54,1
2026-01-03,ord_3239,Sunset Mug,unknown,48.01,0
2026-01-03,ord_3240,Serving Platter,direct,108.34,1
2026-01-03,ord_3241,Ridge Vase,direct,55.79,0
2026-01-03,ord_3242,Espresso Cup Pair,instagram,38.5,0
2026-01-03,ord_3243,Sunset Mug,direct,35.17,0
2026-01-03,ord_3244,Sunset Mug,instagram,39.92,1
2026-01-03,ord_3245,Espresso Cup Pair,unknown,46.03,0
2026-01-03,ord_3246,Serving Platter,unknown,83.62,0
2026-01-03,ord_3247,Dinner Plate Set,direct,128.86,0
2026-01-03,ord_3248,Espresso Cup Pair,direct,40.3,1
2026-01-03,ord_3249,Planter,instagram,40.93,0
2026-01-03,ord_3250,Serving Platter,direct,110.55,0
2026-01-03,ord_3251,Speckled Bowl,referral,58.78,1
2026-01-03,ord_3252,Butter Dish,referral,34.66,1
2026-01-03,ord_3253,Ridge Vase,instagram,65.32,0
2026-01-03,ord_3254,Ridge Vase,instagram,83.02,1
2026-01-03,ord_3255,Sunset Mug,direct,38.51,0
2026-01-03,ord_3256,Serving Platter,direct,88.18,1
2026-01-03,ord_3257,Speckled Bowl,referral,47.61,1
2026-01-03,ord_3258,Espresso Cup Pair,instagram,48.75,0
2026-01-03,ord_3259,Planter,direct,60.02,1
2026-01-03,ord_3260,Ridge Vase,direct,72.69,0
2026-01-03,ord_3261,Planter,unknown,43.94,0
2026-01-03,ord_3262,Espresso Cup Pair,referral,39.53,0
2026-01-03,ord_3263,Dinner Plate Set,direct,107.19,0
2026-01-03,ord_3264,Speckled Bowl,direct,48.68,1
2026-01-03,ord_3265,Speckled Bowl,direct,53.52,0
2026-01-03,ord_3266,Planter,direct,61.99,0
2026-01-03,ord_3267,Speckled Bowl,instagram,48.73,0
2026-01-03,ord_3268,Sunset Mug,direct,43.92,1
2026-01-03,ord_3269,Espresso Cup Pair,referral,55.41,1
2026-01-03,ord_3270,Speckled Bowl,referral,38.57,0
2026-01-03,ord_3271,Serving Platter,referral,108.7,1
2026-01-03,ord_3272,Speckled Bowl,referral,53.07,1
2026-01-03,ord_3273,Planter,instagram,55.25,0
2026-01-03,ord_3274,Sunset Mug,direct,35.44,0
2026-01-03,ord_3275,Sunset Mug,instagram,44.73,0
2026-01-03,ord_3276,Serving Platter,referral,81.15,1
2026-01-03,ord_3277,Espresso Cup Pair,direct,46.83,1
2026-01-03,ord_3278,Speckled Bowl,direct,49.21,0
2026-01-03,ord_3279,Dinner Plate Set,direct,128.26,1
2026-01-03,ord_3280,Speckled Bowl,direct,39.47,1
2026-01-03,ord_3281,Planter,instagram,46.96,1
2026-01-03,ord_3282,Dinner Plate Set,instagram,105.12,1
2026-01-03,ord_3283,Speckled Bowl,direct,49.97,0
2026-01-03,ord_3284,Speckled Bowl,instagram,57.06,1
2026-01-03,ord_3285,Espresso Cup Pair,unknown,46.3,0
2026-01-03,ord_3286,Speckled Bowl,instagram,56.06,0
2026-01-03,ord_3287,Dinner Plate Set,direct,155.63,1
2026-01-03,ord_3288,Sunset Mug,direct,47.89,1
2026-01-03,ord_3289,Sunset Mug,instagram,43.89,0
2026-01-03,ord_3290,Planter,unknown,61.19,1
2026-01-03,ord_3291,Speckled Bowl,referral,57.99,0
2026-01-03,ord_3292,Dinner Plate Set,direct,106.75,0
2026-01-03,ord_3293,Butter Dish,instagram,33.03,0
2026-01-03,ord_3294,Sunset Mug,instagram,46.48,0
2026-01-03,ord_3295,Dinner Plate Set,instagram,128.55,1
2026-01-03,ord_3296,Dinner Plate Set,referral,127.09,1
2026-01-03,ord_3297,Sunset Mug,referral,35.82,0
2026-01-03,ord_3298,Speckled Bowl,direct,38.61,1
2026-01-03,ord_3299,Sunset Mug,instagram,39.68,1
2026-01-03,ord_3300,Butter Dish,instagram,41.2,1
2026-01-04,ord_3301,Sunset Mug,referral,42.91,1
2026-01-04,ord_3302,Speckled Bowl,instagram,40.98,0
2026-01-04,ord_3303,Speckled Bowl,instagram,43.33,1
2026-01-04,ord_3304,Butter Dish,direct,39.88,1
2026-01-04,ord_3305,Serving Platter,unknown,105.07,0
2026-01-04,ord_3306,Butter Dish,referral,43.41,0
2026-01-04,ord_3307,Dinner Plate Set,direct,149.82,0
2026-01-04,ord_3308,Serving Platter,instagram,110.8,0
2026-01-04,ord_3309,Speckled Bowl,unknown,51.16,0
2026-01-04,ord_3310,Planter,referral,43.0,0
2026-01-04,ord_3311,Planter,referral,55.78,1
2026-01-04,ord_3312,Sunset Mug,referral,38.38,0
2026-01-04,ord_3313,Sunset Mug,referral,45.06,1
2026-01-04,ord_3314,Butter Dish,instagram,33.27,1
2026-01-04,ord_3315,Serving Platter,referral,96.83,0
2026-01-04,ord_3316,Sunset Mug,unknown,49.02,0
2026-01-04,ord_3317,Butter Dish,referral,31.47,0
2026-01-04,ord_3318,Ridge Vase,instagram,68.36,1
2026-01-04,ord_3319,Dinner Plate Set,direct,108.79,0
2026-01-04,ord_3320,Speckled Bowl,direct,49.22,1
2026-01-04,ord_3321,Planter,direct,56.95,1
2026-01-04,ord_3322,Speckled Bowl,instagram,47.3,0
2026-01-04,ord_3323,Sunset Mug,referral,42.51,0
2026-01-04,ord_3324,Ridge Vase,instagram,59.39,0
2026-01-04,ord_3325,Serving Platter,unknown,107.72,1
2026-01-04,ord_3326,Speckled Bowl,referral,54.7,1
2026-01-04,ord_3327,Ridge Vase,instagram,82.45,0
2026-01-04,ord_3328,Butter Dish,instagram,35.97,0
2026-01-04,ord_3329,Planter,direct,43.44,0
2026-01-04,ord_3330,Speckled Bowl,instagram,44.7,1
2026-01-04,ord_3331,Sunset Mug,referral,35.74,0
2026-01-04,ord_3332,Sunset Mug,direct,38.99,1
2026-01-04,ord_3333,Butter Dish,referral,28.96,1
2026-01-04,ord_3334,Sunset Mug,direct,42.96,1
2026-01-04,ord_3335,Sunset Mug,referral,38.83,0
2026-01-04,ord_3336,Dinner Plate Set,referral,150.42,1
2026-01-04,ord_3337,Ridge Vase,referral,72.07,0
2026-01-04,ord_3338,Dinner Plate Set,direct,134.15,1
2026-01-04,ord_3339,Ridge Vase,instagram,64.94,0
2026-01-04,ord_3340,Serving Platter,instagram,80.51,0
2026-01-04,ord_3341,Dinner Plate Set,referral,109.51,0
2026-01-04,ord_3342,Dinner Plate Set,instagram,134.19,0
2026-01-04,ord_3343,Serving Platter,direct,105.9,1
2026-01-04,ord_3344,Speckled Bowl,referral,54.11,1
2026-01-04,ord_3345,Planter,unknown,47.9,0
2026-01-04,ord_3346,Butter Dish,direct,34.86,0
2026-01-04,ord_3347,Planter,unknown,64.58,1
2026-01-04,ord_3348,Dinner Plate Set,referral,111.75,0
2026-01-04,ord_3349,Speckled Bowl,referral,37.73,0
2026-01-04,ord_3350,Speckled Bowl,instagram,38.1,0
2026-01-04,ord_3351,Speckled Bowl,direct,53.95,0
2026-01-04,ord_3352,Sunset Mug,instagram,37.18,0
2026-01-04,ord_3353,Speckled Bowl,instagram,38.96,1
2026-01-04,ord_3354,Ridge Vase,instagram,61.6,0
2026-01-04,ord_3355,Speckled Bowl,direct,54.71,0
2026-01-04,ord_3356,Speckled Bowl,referral,47.13,1
2026-01-04,ord_3357,Speckled Bowl,direct,41.84,1
2026-01-04,ord_3358,Speckled Bowl,direct,40.9,1
2026-01-04,ord_3359,Sunset Mug,unknown,49.31,0
2026-01-04,ord_3360,Dinner Plate Set,referral,119.99,0
2026-01-04,ord_3361,Speckled Bowl,instagram,58.68,1
2026-01-04,ord_3362,Planter,instagram,64.67,0
2026-01-04,ord_3363,Ridge Vase,direct,75.53,0
2026-01-04,ord_3364,Speckled Bowl,unknown,47.7,0
2026-01-04,ord_3365,Serving Platter,instagram,99.95,1
2026-01-04,ord_3366,Planter,referral,43.14,0
2026-01-04,ord_3367,Serving Platter,direct,79.01,1
2026-01-04,ord_3368,Espresso Cup Pair,instagram,53.48,1
2026-01-04,ord_3369,Ridge Vase,referral,61.25,1
2026-01-04,ord_3370,Ridge Vase,unknown,63.69,0
2026-01-05,ord_3371,Dinner Plate Set,instagram,114.1,1
2026-01-05,ord_3372,Speckled Bowl,instagram,49.94,0
2026-01-05,ord_3373,Espresso Cup Pair,referral,42.84,0
2026-01-05,ord_3374,Sunset Mug,referral,47.38,1
2026-01-05,ord_3375,Butter Dish,unknown,38.12,0
2026-01-05,ord_3376,Serving Platter,instagram,106.1,1
2026-01-05,ord_3377,Speckled Bowl,instagram,41.65,0
2026-01-05,ord_3378,Sunset Mug,instagram,51.06,1
2026-01-05,ord_3379,Speckled Bowl,direct,39.73,1
2026-01-05,ord_3380,Butter Dish,direct,45.64,1
2026-01-05,ord_3381,Dinner Plate Set,instagram,128.27,0
2026-01-05,ord_3382,Serving Platter,direct,101.9,1
2026-01-05,ord_3383,Dinner Plate Set,unknown,146.3,1
2026-01-05,ord_3384,Speckled Bowl,unknown,41.81,0
2026-01-05,ord_3385,Planter,direct,47.48,0
2026-01-05,ord_3386,Speckled Bowl,referral,49.01,0
2026-01-05,ord_3387,Espresso Cup Pair,unknown,49.02,0
2026-01-05,ord_3388,Espresso Cup Pair,instagram,47.88,0
2026-01-05,ord_3389,Planter,instagram,62.9,1
2026-01-05,ord_3390,Espresso Cup Pair,instagram,54.66,0
2026-01-05,ord_3391,Ridge Vase,unknown,81.66,0
2026-01-05,ord_3392,Dinner Plate Set,instagram,107.74,1
2026-01-05,ord_3393,Speckled Bowl,referral,39.48,0
2026-01-05,ord_3394,Sunset Mug,instagram,34.55,0
2026-01-05,ord_3395,Sunset Mug,direct,45.79,1
2026-01-05,ord_3396,Dinner Plate Set,instagram,133.53,0
2026-01-05,ord_3397,Serving Platter,referral,103.59,1
2026-01-05,ord_3398,Espresso Cup Pair,direct,46.73,1
2026-01-05,ord_3399,Sunset Mug,unknown,32.33,0
2026-01-05,ord_3400,Speckled Bowl,instagram,47.43,1
2026-01-05,ord_3401,Butter Dish,instagram,45.23,1
2026-01-05,ord_3402,Ridge Vase,unknown,58.23,0
2026-01-05,ord_3403,Espresso Cup Pair,instagram,49.36,0
2026-01-05,ord_3404,Butter Dish,referral,33.43,0
2026-01-05,ord_3405,Speckled Bowl,referral,43.47,0
2026-01-05,ord_3406,Serving Platter,unknown,115.68,0
2026-01-05,ord_3407,Espresso Cup Pair,referral,53.0,0
2026-01-05,ord_3408,Sunset Mug,instagram,47.37,1
2026-01-05,ord_3409,Sunset Mug,referral,34.31,1
2026-01-05,ord_3410,Sunset Mug,direct,36.08,1
2026-01-05,ord_3411,Butter Dish,unknown,37.07,0
2026-01-05,ord_3412,Serving Platter,instagram,101.75,1
2026-01-05,ord_3413,Espresso Cup Pair,instagram,56.12,0
2026-01-05,ord_3414,Espresso Cup Pair,referral,40.64,1
2026-01-05,ord_3415,Serving Platter,instagram,107.37,0
2026-01-05,ord_3416,Serving Platter,unknown,109.78,0
2026-01-05,ord_3417,Sunset Mug,instagram,46.21,0
2026-01-05,ord_3418,Planter,unknown,56.24,0
2026-01-05,ord_3419,Sunset Mug,instagram,37.2,0
2026-01-05,ord_3420,Speckled Bowl,instagram,57.87,0
2026-01-05,ord_3421,Espresso Cup Pair,instagram,42.98,1
2026-01-05,ord_3422,Planter,direct,43.31,1
2026-01-05,ord_3423,Sunset Mug,instagram,40.24,0
2026-01-05,ord_3424,Sunset Mug,direct,37.89,1
2026-01-05,ord_3425,Ridge Vase,referral,68.4,1
2026-01-05,ord_3426,Ridge Vase,referral,58.11,0
2026-01-05,ord_3427,Butter Dish,instagram,44.95,0
2026-01-05,ord_3428,Butter Dish,instagram,31.25,0
2026-01-05,ord_3429,Ridge Vase,instagram,58.46,0
2026-01-05,ord_3430,Speckled Bowl,instagram,58.29,1
2026-01-05,ord_3431,Speckled Bowl,instagram,51.14,0
2026-01-05,ord_3432,Butter Dish,instagram,40.62,0
2026-01-05,ord_3433,Serving Platter,unknown,89.06,0
2026-01-06,ord_3434,Dinner Plate Set,instagram,109.05,1
2026-01-06,ord_3435,Sunset Mug,instagram,50.06,0
2026-01-06,ord_3436,Butter Dish,direct,38.01,0
2026-01-06,ord_3437,Ridge Vase,unknown,79.95,0
2026-01-06,ord_3438,Dinner Plate Set,direct,112.09,0
2026-01-06,ord_3439,Sunset Mug,direct,43.13,0
2026-01-06,ord_3440,Speckled Bowl,referral,50.9,0
2026-01-06,ord_3441,Serving Platter,instagram,111.53,1
2026-01-06,ord_3442,Serving Platter,instagram,78.2,0
2026-01-06,ord_3443,Espresso Cup Pair,instagram,50.31,1
2026-01-06,ord_3444,Dinner Plate Set,instagram,138.09,0
2026-01-06,ord_3445,Butter Dish,unknown,41.45,0
2026-01-06,ord_3446,Planter,instagram,64.17,0
2026-01-06,ord_3447,Serving Platter,referral,95.08,1
2026-01-06,ord_3448,Butter Dish,direct,40.0,1
2026-01-06,ord_3449,Ridge Vase,direct,83.0,0
2026-01-06,ord_3450,Butter Dish,referral,35.66,0
2026-01-06,ord_3451,Butter Dish,referral,40.52,0
2026-01-06,ord_3452,Speckled Bowl,referral,41.51,0
2026-01-06,ord_3453,Ridge Vase,direct,75.35,0
2026-01-06,ord_3454,Butter Dish,direct,41.96,0
2026-01-06,ord_3455,Serving Platter,instagram,95.95,0
2026-01-06,ord_3456,Espresso Cup Pair,direct,45.79,0
2026-01-06,ord_3457,Espresso Cup Pair,unknown,51.0,1
2026-01-06,ord_3458,Butter Dish,referral,30.98,1
2026-01-06,ord_3459,Espresso Cup Pair,referral,39.71,0
2026-01-06,ord_3460,Sunset Mug,instagram,34.45,0
2026-01-06,ord_3461,Serving Platter,direct,113.23,0
2026-01-06,ord_3462,Speckled Bowl,instagram,51.24,0
2026-01-06,ord_3463,Planter,instagram,44.53,0
2026-01-06,ord_3464,Ridge Vase,direct,69.71,0
2026-01-06,ord_3465,Planter,instagram,47.68,1
2026-01-06,ord_3466,Planter,referral,53.61,1
2026-01-06,ord_3467,Ridge Vase,referral,59.4,0
2026-01-06,ord_3468,Ridge Vase,instagram,64.64,0
2026-01-06,ord_3469,Ridge Vase,instagram,65.53,0
2026-01-06,ord_3470,Ridge Vase,instagram,76.89,0
2026-01-06,ord_3471,Sunset Mug,instagram,35.35,0
2026-01-06,ord_3472,Speckled Bowl,unknown,58.49,0
2026-01-06,ord_3473,Ridge Vase,referral,54.91,0
2026-01-06,ord_3474,Serving Platter,instagram,93.67,0
2026-01-06,ord_3475,Planter,direct,50.05,1
2026-01-06,ord_3476,Espresso Cup Pair,direct,51.47,1
2026-01-06,ord_3477,Speckled Bowl,instagram,54.63,0
2026-01-06,ord_3478,Sunset Mug,instagram,34.63,0
2026-01-06,ord_3479,Sunset Mug,direct,50.99,1
2026-01-06,ord_3480,Espresso Cup Pair,instagram,50.61,1
2026-01-06,ord_3481,Butter Dish,direct,45.34,0
2026-01-06,ord_3482,Serving Platter,unknown,75.39,1
2026-01-06,ord_3483,Ridge Vase,direct,63.9,0
2026-01-06,ord_3484,Ridge Vase,instagram,70.75,1
2026-01-06,ord_3485,Ridge Vase,instagram,80.12,0
2026-01-06,ord_3486,Dinner Plate Set,instagram,138.06,0
2026-01-06,ord_3487,Sunset Mug,referral,43.3,0
2026-01-06,ord_3488,Espresso Cup Pair,referral,39.51,1
2026-01-06,ord_3489,Serving Platter,direct,97.67,0
2026-01-06,ord_3490,Planter,instagram,48.75,0
2026-01-06,ord_3491,Speckled Bowl,instagram,37.44,0
2026-01-06,ord_3492,Espresso Cup Pair,instagram,53.73,0
2026-01-06,ord_3493,Speckled Bowl,instagram,58.99,0
2026-01-06,ord_3494,Sunset Mug,instagram,36.84,0
2026-01-06,ord_3495,Dinner Plate Set,direct,142.05,1
2026-01-06,ord_3496,Espresso Cup Pair,instagram,41.3,0
2026-01-06,ord_3497,Planter,unknown,46.27,0
2026-01-06,ord_3498,Serving Platter,instagram,116.74,1
2026-01-06,ord_3499,Espresso Cup Pair,direct,40.2,1
2026-01-06,ord_3500,Dinner Plate Set,direct,125.5,0
2026-01-06,ord_3501,Butter Dish,referral,30.57,0
2026-01-06,ord_3502,Dinner Plate Set,instagram,109.92,0
2026-01-06,ord_3503,Dinner Plate Set,direct,157.32,1
2026-01-07,ord_3504,Dinner Plate Set,unknown,141.51,0
2026-01-07,ord_3505,Espresso Cup Pair,unknown,53.23,0
2026-01-07,ord_3506,Serving Platter,referral,113.04,0
2026-01-07,ord_3507,Ridge Vase,direct,64.43,0
2026-01-07,ord_3508,Speckled Bowl,direct,53.81,1
2026-01-07,ord_3509,Speckled Bowl,direct,56.33,0
2026-01-07,ord_3510,Speckled Bowl,direct,46.31,0
2026-01-07,ord_3511,Butter Dish,instagram,39.45,0
2026-01-07,ord_3512,Espresso Cup Pair,instagram,47.49,1
2026-01-07,ord_3513,Sunset Mug,direct,47.66,1
2026-01-07,ord_3514,Speckled Bowl,instagram,50.36,0
2026-01-07,ord_3515,Sunset Mug,direct,40.04,0
2026-01-07,ord_3516,Dinner Plate Set,instagram,146.76,1
2026-01-07,ord_3517,Espresso Cup Pair,referral,56.21,0
2026-01-07,ord_3518,Sunset Mug,referral,43.47,0
2026-01-07,ord_3519,Sunset Mug,direct,39.3,1
2026-01-07,ord_3520,Sunset Mug,instagram,39.73,1
2026-01-07,ord_3521,Ridge Vase,referral,58.74,0
2026-01-07,ord_3522,Serving Platter,instagram,75.25,0
2026-01-07,ord_3523,Dinner Plate Set,unknown,130.86,0
2026-01-07,ord_3524,Dinner Plate Set,direct,112.87,0
2026-01-07,ord_3525,Sunset Mug,unknown,44.23,1
2026-01-07,ord_3526,Butter Dish,instagram,44.19,1
2026-01-07,ord_3527,Speckled Bowl,instagram,39.5,1
2026-01-07,ord_3528,Butter Dish,unknown,34.56,1
2026-01-07,ord_3529,Planter,direct,48.97,0
2026-01-07,ord_3530,Dinner Plate Set,direct,131.25,1
2026-01-07,ord_3531,Butter Dish,unknown,31.29,1
2026-01-07,ord_3532,Sunset Mug,instagram,46.94,0
2026-01-07,ord_3533,Sunset Mug,instagram,48.48,1
2026-01-07,ord_3534,Sunset Mug,referral,46.31,1
2026-01-07,ord_3535,Dinner Plate Set,direct,120.82,0
2026-01-07,ord_3536,Espresso Cup Pair,direct,39.93,0
2026-01-07,ord_3537,Ridge Vase,referral,60.78,1
2026-01-07,ord_3538,Speckled Bowl,instagram,45.88,0
2026-01-07,ord_3539,Sunset Mug,direct,41.57,0
2026-01-07,ord_3540,Planter,instagram,45.32,1
2026-01-07,ord_3541,Ridge Vase,instagram,70.41,1
2026-01-07,ord_3542,Speckled Bowl,instagram,49.97,1
2026-01-07,ord_3543,Ridge Vase,direct,58.18,0
2026-01-07,ord_3544,Ridge Vase,instagram,62.48,1
2026-01-07,ord_3545,Speckled Bowl,instagram,41.94,1
2026-01-07,ord_3546,Espresso Cup Pair,instagram,48.27,0
2026-01-07,ord_3547,Dinner Plate Set,referral,121.52,0
2026-01-07,ord_3548,Serving Platter,instagram,85.51,0
2026-01-07,ord_3549,Butter Dish,direct,40.55,1
2026-01-07,ord_3550,Dinner Plate Set,instagram,123.91,0
2026-01-07,ord_3551,Butter Dish,instagram,29.97,0
2026-01-07,ord_3552,Butter Dish,instagram,41.16,0
2026-01-07,ord_3553,Espresso Cup Pair,direct,54.62,0
2026-01-07,ord_3554,Dinner Plate Set,instagram,140.01,0
2026-01-07,ord_3555,Sunset Mug,referral,48.91,0
2026-01-07,ord_3556,Espresso Cup Pair,instagram,40.65,0
2026-01-07,ord_3557,Dinner Plate Set,direct,124.06,0
2026-01-07,ord_3558,Sunset Mug,direct,41.14,1
2026-01-07,ord_3559,Butter Dish,referral,33.52,0
2026-01-07,ord_3560,Espresso Cup Pair,instagram,42.5,1
2026-01-07,ord_3561,Ridge Vase,instagram,69.58,0
2026-01-07,ord_3562,Espresso Cup Pair,referral,56.02,0
2026-01-07,ord_3563,Ridge Vase,direct,53.57,0
2026-01-07,ord_3564,Speckled Bowl,direct,52.44,0
2026-01-07,ord_3565,Speckled Bowl,instagram,56.46,0
2026-01-07,ord_3566,Espresso Cup Pair,referral,54.44,0
2026-01-07,ord_3567,Ridge Vase,unknown,66.93,0
2026-01-07,ord_3568,Speckled Bowl,direct,51.9,0
2026-01-07,ord_3569,Espresso Cup Pair,instagram,41.87,1
2026-01-07,ord_3570,Butter Dish,direct,40.38,0
2026-01-07,ord_3571,Butter Dish,referral,40.84,0
2026-01-07,ord_3572,Sunset Mug,instagram,49.76,0
2026-01-07,ord_3573,Speckled Bowl,direct,50.69,0
2026-01-07,ord_3574,Planter,direct,62.25,0
2026-01-08,ord_3575,Serving Platter,instagram,91.54,0
2026-01-08,ord_3576,Serving Platter,referral,97.14,1
2026-01-08,ord_3577,Sunset Mug,instagram,32.95,0
2026-01-08,ord_3578,Sunset Mug,unknown,42.66,1
2026-01-08,ord_3579,Ridge Vase,referral,58.55,0
2026-01-08,ord_3580,Dinner Plate Set,direct,156.5,0
2026-01-08,ord_3581,Speckled Bowl,instagram,38.6,0
2026-01-08,ord_3582,Speckled Bowl,referral,56.26,0
2026-01-08,ord_3583,Sunset Mug,instagram,36.88,0
2026-01-08,ord_3584,Planter,instagram,51.33,0
2026-01-08,ord_3585,Serving Platter,direct,87.92,0
2026-01-08,ord_3586,Ridge Vase,instagram,72.22,0
2026-01-08,ord_3587,Dinner Plate Set,direct,157.17,0
2026-01-08,ord_3588,Speckled Bowl,direct,51.73,0
2026-01-08,ord_3589,Butter Dish,instagram,31.96,1
2026-01-08,ord_3590,Dinner Plate Set,referral,126.85,0
2026-01-08,ord_3591,Espresso Cup Pair,instagram,54.31,0
2026-01-08,ord_3592,Dinner Plate Set,direct,156.27,1
2026-01-08,ord_3593,Espresso Cup Pair,direct,42.92,1
2026-01-08,ord_3594,Serving Platter,instagram,95.73,0
2026-01-08,ord_3595,Speckled Bowl,direct,49.95,1
2026-01-08,ord_3596,Ridge Vase,direct,54.96,0
2026-01-08,ord_3597,Sunset Mug,referral,32.54,0
2026-01-08,ord_3598,Ridge Vase,direct,54.71,1
2026-01-08,ord_3599,Ridge Vase,unknown,79.19,0
2026-01-08,ord_3600,Serving Platter,unknown,109.78,0
2026-01-08,ord_3601,Planter,referral,48.17,0
2026-01-08,ord_3602,Sunset Mug,instagram,45.11,0
2026-01-08,ord_3603,Dinner Plate Set,direct,112.89,0
2026-01-08,ord_3604,Dinner Plate Set,instagram,152.82,1
2026-01-08,ord_3605,Espresso Cup Pair,direct,52.68,1
2026-01-08,ord_3606,Speckled Bowl,instagram,47.11,1
2026-01-08,ord_3607,Speckled Bowl,unknown,38.11,1
2026-01-08,ord_3608,Speckled Bowl,instagram,42.98,0
2026-01-08,ord_3609,Serving Platter,instagram,76.15,0
2026-01-08,ord_3610,Speckled Bowl,direct,45.27,0
2026-01-08,ord_3611,Serving Platter,referral,85.33,0
2026-01-08,ord_3612,Dinner Plate Set,instagram,124.21,1
2026-01-08,ord_3613,Speckled Bowl,direct,55.8,0
2026-01-08,ord_3614,Planter,instagram,61.56,0
2026-01-08,ord_3615,Ridge Vase,instagram,60.01,1
2026-01-08,ord_3616,Ridge Vase,direct,58.6,1
2026-01-08,ord_3617,Dinner Plate Set,direct,126.34,0
2026-01-08,ord_3618,Planter,instagram,49.66,1
2026-01-08,ord_3619,Sunset Mug,instagram,43.97,0
2026-01-08,ord_3620,Espresso Cup Pair,direct,46.05,0
2026-01-08,ord_3621,Dinner Plate Set,instagram,123.77,1
2026-01-08,ord_3622,Planter,instagram,62.11,0
2026-01-08,ord_3623,Ridge Vase,instagram,71.12,1
2026-01-08,ord_3624,Sunset Mug,instagram,36.11,0
2026-01-08,ord_3625,Dinner Plate Set,direct,117.18,1
2026-01-08,ord_3626,Dinner Plate Set,direct,148.44,1
2026-01-08,ord_3627,Ridge Vase,direct,53.29,0
2026-01-08,ord_3628,Serving Platter,instagram,110.21,0
2026-01-08,ord_3629,Ridge Vase,direct,56.23,0
2026-01-08,ord_3630,Butter Dish,instagram,29.93,1
2026-01-08,ord_3631,Ridge Vase,referral,57.79,0
2026-01-09,ord_3632,Planter,direct,62.17,1
2026-01-09,ord_3633,Speckled Bowl,direct,46.21,0
2026-01-09,ord_3634,Speckled Bowl,instagram,55.78,0
2026-01-09,ord_3635,Dinner Plate Set,referral,130.24,0
2026-01-09,ord_3636,Ridge Vase,unknown,61.82,1
2026-01-09,ord_3637,Sunset Mug,instagram,40.87,0
2026-01-09,ord_3638,Espresso Cup Pair,direct,41.55,1
2026-01-09,ord_3639,Butter Dish,referral,33.42,0
2026-01-09,ord_3640,Planter,instagram,42.85,0
2026-01-09,ord_3641,Ridge Vase,instagram,67.55,0
2026-01-09,ord_3642,Speckled Bowl,direct,41.29,0
2026-01-09,ord_3643,Planter,instagram,55.77,0
2026-01-09,ord_3644,Planter,instagram,58.95,1
2026-01-09,ord_3645,Espresso Cup Pair,unknown,36.11,0
2026-01-09,ord_3646,Butter Dish,instagram,45.81,0
2026-01-09,ord_3647,Espresso Cup Pair,referral,46.65,1
2026-01-09,ord_3648,Planter,direct,48.48,1
2026-01-09,ord_3649,Sunset Mug,instagram,38.79,0
2026-01-09,ord_3650,Espresso Cup Pair,direct,38.45,0
2026-01-09,ord_3651,Serving Platter,instagram,80.06,0
2026-01-09,ord_3652,Planter,unknown,57.19,0
2026-01-09,ord_3653,Dinner Plate Set,instagram,157.3,0
2026-01-09,ord_3654,Butter Dish,direct,35.32,1
2026-01-09,ord_3655,Speckled Bowl,unknown,49.74,0
2026-01-09,ord_3656,Speckled Bowl,instagram,52.13,0
2026-01-09,ord_3657,Butter Dish,instagram,43.13,0
2026-01-09,ord_3658,Serving Platter,direct,101.61,0
2026-01-09,ord_3659,Ridge Vase,referral,61.0,1
2026-01-09,ord_3660,Ridge Vase,direct,71.35,0
2026-01-09,ord_3661,Serving Platter,direct,78.61,0
2026-01-09,ord_3662,Serving Platter,direct,82.48,0
2026-01-09,ord_3663,Espresso Cup Pair,referral,44.86,1
2026-01-09,ord_3664,Ridge Vase,instagram,56.83,0
2026-01-09,ord_3665,Speckled Bowl,direct,47.59,0
2026-01-09,ord_3666,Planter,direct,64.34,0
2026-01-09,ord_3667,Sunset Mug,instagram,46.79,0
2026-01-09,ord_3668,Butter Dish,instagram,44.4,0
2026-01-09,ord_3669,Espresso Cup Pair,instagram,47.42,1
2026-01-09,ord_3670,Dinner Plate Set,direct,158.29,0
2026-01-09,ord_3671,Sunset Mug,direct,49.86,1
2026-01-09,ord_3672,Ridge Vase,referral,54.97,1
2026-01-09,ord_3673,Speckled Bowl,instagram,39.96,0
2026-01-09,ord_3674,Serving Platter,instagram,105.08,1
2026-01-09,ord_3675,Butter Dish,direct,31.26,1
2026-01-09,ord_3676,Espresso Cup Pair,unknown,49.89,0
2026-01-09,ord_3677,Espresso Cup Pair,direct,47.57,0
2026-01-09,ord_3678,Speckled Bowl,direct,54.2,1
2026-01-09,ord_3679,Dinner Plate Set,instagram,128.97,0
2026-01-09,ord_3680,Sunset Mug,direct,45.86,0
2026-01-09,ord_3681,Ridge Vase,referral,61.71,1
2026-01-09,ord_3682,Butter Dish,instagram,33.29,0
2026-01-09,ord_3683,Speckled Bowl,instagram,52.43,0
2026-01-09,ord_3684,Speckled Bowl,referral,47.03,0
2026-01-09,ord_3685,Ridge Vase,unknown,73.06,1
2026-01-09,ord_3686,Speckled Bowl,instagram,42.36,0
2026-01-09,ord_3687,Sunset Mug,instagram,51.13,0
2026-01-09,ord_3688,Planter,instagram,64.61,0
2026-01-09,ord_3689,Planter,referral,53.22,1
2026-01-09,ord_3690,Speckled Bowl,instagram,54.37,0
2026-01-09,ord_3691,Ridge Vase,direct,64.18,0
2026-01-09,ord_3692,Butter Dish,unknown,29.9,0
2026-01-09,ord_3693,Ridge Vase,instagram,66.01,0
2026-01-09,ord_3694,Planter,instagram,49.51,0
2026-01-09,ord_3695,Espresso Cup Pair,instagram,42.8,0
2026-01-09,ord_3696,Ridge Vase,instagram,77.99,1
2026-01-09,ord_3697,Ridge Vase,instagram,66.8,0
2026-01-09,ord_3698,Ridge Vase,direct,56.63,0
2026-01-09,ord_3699,Espresso Cup Pair,unknown,37.83,0
2026-01-09,ord_3700,Ridge Vase,instagram,65.79,0
2026-01-09,ord_3701,Butter Dish,instagram,42.87,0
2026-01-09,ord_3702,Sunset Mug,referral,50.07,0
2026-01-09,ord_3703,Ridge Vase,referral,61.49,1
2026-01-09,ord_3704,Dinner Plate Set,direct,129.89,0
2026-01-09,ord_3705,Planter,direct,49.24,1
2026-01-09,ord_3706,Ridge Vase,direct,83.5,0
2026-01-10,ord_3707,Serving Platter,direct,117.42,0
2026-01-10,ord_3708,Dinner Plate Set,direct,136.03,0
2026-01-10,ord_3709,Sunset Mug,instagram,34.11,0
2026-01-10,ord_3710,Planter,instagram,57.08,1
2026-01-10,ord_3711,Ridge Vase,direct,65.58,0
2026-01-10,ord_3712,Sunset Mug,referral,44.06,0
2026-01-10,ord_3713,Espresso Cup Pair,instagram,44.84,1
2026-01-10,ord_3714,Dinner Plate Set,instagram,150.27,1
2026-01-10,ord_3715,Ridge Vase,direct,61.26,0
2026-01-10,ord_3716,Speckled Bowl,instagram,49.39,0
2026-01-10,ord_3717,Speckled Bowl,instagram,47.77,0
2026-01-10,ord_3718,Speckled Bowl,referral,48.58,1
2026-01-10,ord_3719,Butter Dish,instagram,39.18,0
2026-01-10,ord_3720,Serving Platter,instagram,78.7,1
2026-01-10,ord_3721,Ridge Vase,instagram,75.63,0
2026-01-10,ord_3722,Sunset Mug,direct,32.89,1
2026-01-10,ord_3723,Sunset Mug,instagram,48.81,0
2026-01-10,ord_3724,Speckled Bowl,referral,44.56,1
2026-01-10,ord_3725,Speckled Bowl,instagram,52.48,0
2026-01-10,ord_3726,Butter Dish,instagram,42.18,0
2026-01-10,ord_3727,Ridge Vase,instagram,71.38,1
2026-01-10,ord_3728,Planter,instagram,58.85,1
2026-01-10,ord_3729,Dinner Plate Set,instagram,152.56,0
2026-01-10,ord_3730,Sunset Mug,instagram,46.96,0
2026-01-10,ord_3731,Planter,instagram,53.52,0
2026-01-10,ord_3732,Planter,instagram,54.16,0
2026-01-10,ord_3733,Dinner Plate Set,instagram,137.42,0
2026-01-10,ord_3734,Sunset Mug,instagram,47.46,0
2026-01-10,ord_3735,Butter Dish,unknown,34.63,1
2026-01-10,ord_3736,Ridge Vase,instagram,70.67,0
2026-01-10,ord_3737,Butter Dish,direct,39.28,1
2026-01-10,ord_3738,Speckled Bowl,instagram,41.72,0
2026-01-10,ord_3739,Sunset Mug,direct,38.1,0
2026-01-10,ord_3740,Speckled Bowl,instagram,55.91,1
2026-01-10,ord_3741,Serving Platter,unknown,95.81,0
2026-01-10,ord_3742,Serving Platter,direct,96.24,0
2026-01-10,ord_3743,Speckled Bowl,instagram,42.44,1
2026-01-10,ord_3744,Sunset Mug,direct,48.69,0
2026-01-10,ord_3745,Serving Platter,referral,93.22,0
2026-01-10,ord_3746,Butter Dish,unknown,39.53,0
2026-01-10,ord_3747,Speckled Bowl,direct,38.94,0
2026-01-10,ord_3748,Sunset Mug,direct,50.22,1
2026-01-10,ord_3749,Dinner Plate Set,direct,125.28,1
2026-01-10,ord_3750,Planter,instagram,46.06,0
2026-01-10,ord_3751,Dinner Plate Set,referral,132.94,0
2026-01-10,ord_3752,Dinner Plate Set,referral,118.41,1
2026-01-10,ord_3753,Ridge Vase,direct,81.88,0
2026-01-10,ord_3754,Butter Dish,referral,41.3,1
2026-01-10,ord_3755,Planter,direct,64.73,1
2026-01-10,ord_3756,Dinner Plate Set,instagram,129.26,0
2026-01-10,ord_3757,Butter Dish,referral,44.84,0
2026-01-10,ord_3758,Ridge Vase,direct,57.92,1
2026-01-10,ord_3759,Ridge Vase,instagram,80.11,0
2026-01-10,ord_3760,Planter,unknown,61.06,1
2026-01-10,ord_3761,Speckled Bowl,referral,38.06,0
2026-01-10,ord_3762,Dinner Plate Set,instagram,124.98,1
2026-01-10,ord_3763,Sunset Mug,instagram,34.85,0
2026-01-10,ord_3764,Dinner Plate Set,unknown,142.11,1
2026-01-10,ord_3765,Sunset Mug,direct,45.34,0
2026-01-10,ord_3766,Espresso Cup Pair,instagram,55.37,1
2026-01-10,ord_3767,Speckled Bowl,referral,45.2,1
2026-01-10,ord_3768,Speckled Bowl,unknown,39.72,0
2026-01-11,ord_3769,Sunset Mug,direct,50.98,0
2026-01-11,ord_3770,Planter,instagram,64.58,0
2026-01-11,ord_3771,Dinner Plate Set,direct,119.32,0
2026-01-11,ord_3772,Serving Platter,unknown,106.14,0
2026-01-11,ord_3773,Espresso Cup Pair,direct,54.98,0
2026-01-11,ord_3774,Ridge Vase,instagram,65.23,0
2026-01-11,ord_3775,Dinner Plate Set,direct,129.91,0
2026-01-11,ord_3776,Butter Dish,instagram,43.28,0
2026-01-11,ord_3777,Ridge Vase,instagram,71.93,1
2026-01-11,ord_3778,Sunset Mug,direct,43.17,1
2026-01-11,ord_3779,Butter Dish,direct,32.82,0
2026-01-11,ord_3780,Sunset Mug,direct,41.97,0
2026-01-11,ord_3781,Butter Dish,instagram,37.68,1
2026-01-11,ord_3782,Butter Dish,instagram,29.99,0
2026-01-11,ord_3783,Butter Dish,direct,40.81,0
2026-01-11,ord_3784,Dinner Plate Set,unknown,134.04,0
2026-01-11,ord_3785,Ridge Vase,referral,81.92,1
2026-01-11,ord_3786,Sunset Mug,unknown,39.72,0
2026-01-11,ord_3787,Espresso Cup Pair,direct,39.95,1
2026-01-11,ord_3788,Ridge Vase,referral,64.43,1
2026-01-11,ord_3789,Espresso Cup Pair,direct,41.13,0
2026-01-11,ord_3790,Ridge Vase,instagram,64.81,0
2026-01-11,ord_3791,Butter Dish,direct,29.49,0
2026-01-11,ord_3792,Planter,direct,41.02,0
2026-01-11,ord_3793,Ridge Vase,direct,70.34,0
2026-01-11,ord_3794,Espresso Cup Pair,instagram,39.56,0
2026-01-11,ord_3795,Planter,unknown,50.38,1
2026-01-11,ord_3796,Speckled Bowl,instagram,49.49,0
2026-01-11,ord_3797,Butter Dish,instagram,37.97,0
2026-01-11,ord_3798,Serving Platter,instagram,93.61,1
2026-01-11,ord_3799,Espresso Cup Pair,direct,44.92,0
2026-01-11,ord_3800,Planter,referral,59.01,0
2026-01-11,ord_3801,Espresso Cup Pair,unknown,51.4,1
2026-01-11,ord_3802,Dinner Plate Set,direct,112.13,1
2026-01-11,ord_3803,Speckled Bowl,direct,55.69,1
2026-01-11,ord_3804,Sunset Mug,instagram,51.23,0
2026-01-11,ord_3805,Serving Platter,unknown,76.98,0
2026-01-11,ord_3806,Espresso Cup Pair,instagram,45.79,0
2026-01-11,ord_3807,Sunset Mug,instagram,39.72,0
2026-01-11,ord_3808,Sunset Mug,direct,44.4,0
2026-01-11,ord_3809,Planter,direct,49.67,0
2026-01-11,ord_3810,Speckled Bowl,direct,56.75,1
2026-01-11,ord_3811,Serving Platter,referral,99.32,0
2026-01-11,ord_3812,Speckled Bowl,instagram,39.29,1
2026-01-11,ord_3813,Espresso Cup Pair,direct,50.15,0
2026-01-11,ord_3814,Espresso Cup Pair,direct,52.74,0
2026-01-11,ord_3815,Sunset Mug,direct,35.13,0
2026-01-11,ord_3816,Espresso Cup Pair,instagram,46.24,0
2026-01-11,ord_3817,Espresso Cup Pair,instagram,42.7,1
2026-01-11,ord_3818,Sunset Mug,instagram,41.38,0
2026-01-11,ord_3819,Speckled Bowl,unknown,53.03,0
2026-01-11,ord_3820,Ridge Vase,direct,74.58,0
2026-01-11,ord_3821,Butter Dish,direct,36.91,1
2026-01-11,ord_3822,Butter Dish,instagram,42.3,0
2026-01-11,ord_3823,Serving Platter,unknown,84.84,0
2026-01-11,ord_3824,Speckled Bowl,instagram,37.74,0
2026-01-11,ord_3825,Speckled Bowl,referral,37.68,0
2026-01-11,ord_3826,Sunset Mug,direct,48.27,0
2026-01-11,ord_3827,Dinner Plate Set,direct,159.77,0
2026-01-11,ord_3828,Planter,referral,56.2,0
2026-01-11,ord_3829,Speckled Bowl,direct,43.79,0
2026-01-11,ord_3830,Dinner Plate Set,instagram,118.09,0
2026-01-11,ord_3831,Espresso Cup Pair,unknown,37.97,0
2026-01-11,ord_3832,Speckled Bowl,direct,57.97,1
2026-01-11,ord_3833,Speckled Bowl,instagram,48.43,0
2026-01-11,ord_3834,Speckled Bowl,unknown,51.43,1
2026-01-11,ord_3835,Serving Platter,direct,110.49,0
2026-01-11,ord_3836,Serving Platter,referral,82.55,0
2026-01-11,ord_3837,Speckled Bowl,referral,50.18,0
2026-01-11,ord_3838,Ridge Vase,unknown,81.49,1
2026-01-11,ord_3839,Butter Dish,unknown,36.38,1
2026-01-11,ord_3840,Sunset Mug,direct,32.91,1
2026-01-11,ord_3841,Ridge Vase,direct,58.49,1
2026-01-11,ord_3842,Ridge Vase,instagram,70.31,0
2026-01-11,ord_3843,Espresso Cup Pair,unknown,54.03,0
2026-01-11,ord_3844,Dinner Plate Set,direct,111.22,1
2026-01-11,ord_3845,Ridge Vase,instagram,55.68,0
2026-01-11,ord_3846,Butter Dish,referral,45.56,0
2026-01-11,ord_3847,Serving Platter,unknown,98.08,0
2026-01-11,ord_3848,Butter Dish,direct,38.9,0
2026-01-11,ord_3849,Sunset Mug,direct,42.31,0
2026-01-11,ord_3850,Sunset Mug,instagram,49.45,1
2026-01-12,ord_3851,Speckled Bowl,referral,54.56,0
2026-01-12,ord_3852,Sunset Mug,direct,37.83,1
2026-01-12,ord_3853,Ridge Vase,direct,62.58,0
2026-01-12,ord_3854,Sunset Mug,direct,34.44,0
2026-01-12,ord_3855,Planter,referral,41.81,0
2026-01-12,ord_3856,Speckled Bowl,direct,42.62,0
2026-01-12,ord_3857,Serving Platter,referral,90.1,0
2026-01-12,ord_3858,Speckled Bowl,direct,52.01,1
2026-01-12,ord_3859,Butter Dish,instagram,44.99,0
2026-01-12,ord_3860,Butter Dish,direct,32.8,0
2026-01-12,ord_3861,Butter Dish,referral,38.73,1
2026-01-12,ord_3862,Planter,direct,54.94,1
2026-01-12,ord_3863,Sunset Mug,direct,38.23,0
2026-01-12,ord_3864,Speckled Bowl,referral,44.98,0
2026-01-12,ord_3865,Sunset Mug,instagram,38.79,0
2026-01-12,ord_3866,Serving Platter,instagram,107.84,1
2026-01-12,ord_3867,Espresso Cup Pair,instagram,53.84,0
2026-01-12,ord_3868,Ridge Vase,direct,68.93,1
2026-01-12,ord_3869,Speckled Bowl,direct,40.54,0
2026-01-12,ord_3870,Ridge Vase,direct,54.5,0
2026-01-12,ord_3871,Planter,direct,64.21,1
2026-01-12,ord_3872,Speckled Bowl,instagram,40.88,0
2026-01-12,ord_3873,Speckled Bowl,instagram,55.9,1
2026-01-12,ord_3874,Dinner Plate Set,instagram,146.44,0
2026-01-12,ord_3875,Speckled Bowl,referral,45.3,0
2026-01-12,ord_3876,Sunset Mug,instagram,50.23,0
2026-01-12,ord_3877,Sunset Mug,instagram,44.47,1
2026-01-12,ord_3878,Serving Platter,unknown,75.48,1
2026-01-12,ord_3879,Dinner Plate Set,instagram,128.32,1
2026-01-12,ord_3880,Sunset Mug,instagram,40.33,0
2026-01-12,ord_3881,Sunset Mug,instagram,32.62,0
2026-01-12,ord_3882,Dinner Plate Set,unknown,154.32,1
2026-01-12,ord_3883,Sunset Mug,direct,34.08,0
2026-01-12,ord_3884,Sunset Mug,direct,48.54,0
2026-01-12,ord_3885,Planter,direct,55.07,0
2026-01-12,ord_3886,Ridge Vase,referral,79.61,1
2026-01-12,ord_3887,Dinner Plate Set,instagram,143.12,0
2026-01-12,ord_3888,Speckled Bowl,direct,50.7,0
2026-01-12,ord_3889,Ridge Vase,instagram,76.0,0
2026-01-12,ord_3890,Sunset Mug,referral,45.45,0
2026-01-12,ord_3891,Butter Dish,direct,41.74,0
2026-01-12,ord_3892,Sunset Mug,instagram,41.59,0
2026-01-12,ord_3893,Planter,referral,54.6,1
2026-01-12,ord_3894,Butter Dish,instagram,45.82,0
2026-01-12,ord_3895,Serving Platter,unknown,78.69,0
2026-01-12,ord_3896,Ridge Vase,direct,82.23,1
2026-01-12,ord_3897,Ridge Vase,unknown,74.03,0
2026-01-12,ord_3898,Sunset Mug,unknown,48.47,0
2026-01-12,ord_3899,Espresso Cup Pair,referral,53.44,1
2026-01-12,ord_3900,Ridge Vase,instagram,76.27,0
2026-01-12,ord_3901,Serving Platter,referral,75.07,1
2026-01-12,ord_3902,Butter Dish,referral,37.36,0
2026-01-12,ord_3903,Sunset Mug,instagram,50.9,0
2026-01-12,ord_3904,Espresso Cup Pair,instagram,36.51,1
2026-01-12,ord_3905,Ridge Vase,referral,53.26,0
2026-01-12,ord_3906,Espresso Cup Pair,direct,46.48,0
2026-01-12,ord_3907,Butter Dish,unknown,35.75,0
2026-01-12,ord_3908,Speckled Bowl,direct,45.76,0
2026-01-12,ord_3909,Espresso Cup Pair,direct,38.79,0
2026-01-12,ord_3910,Serving Platter,direct,97.09,0
2026-01-12,ord_3911,Serving Platter,instagram,101.4,0
2026-01-12,ord_3912,Sunset Mug,unknown,50.15,0
2026-01-12,ord_3913,Planter,instagram,42.59,0
2026-01-12,ord_3914,Butter Dish,referral,42.6,0
2026-01-12,ord_3915,Butter Dish,instagram,39.03,0
2026-01-12,ord_3916,Sunset Mug,unknown,43.25,1
2026-01-12,ord_3917,Ridge Vase,instagram,77.79,1
2026-01-12,ord_3918,Sunset Mug,unknown,48.22,1
2026-01-12,ord_3919,Butter Dish,instagram,33.81,1
2026-01-12,ord_3920,Sunset Mug,instagram,44.49,1
2026-01-12,ord_3921,Ridge Vase,referral,54.13,0
2026-01-13,ord_3922,Planter,referral,40.96,1
2026-01-13,ord_3923,Planter,instagram,56.8,0
2026-01-13,ord_3924,Speckled Bowl,unknown,52.45,1
2026-01-13,ord_3925,Planter,referral,44.68,0
2026-01-13,ord_3926,Butter Dish,direct,45.0,0
2026-01-13,ord_3927,Dinner Plate Set,referral,117.29,1
2026-01-13,ord_3928,Dinner Plate Set,instagram,132.72,0
2026-01-13,ord_3929,Dinner Plate Set,direct,150.08,1
2026-01-13,ord_3930,Espresso Cup Pair,instagram,46.96,0
2026-01-13,ord_3931,Espresso Cup Pair,referral,39.35,0
2026-01-13,ord_3932,Dinner Plate Set,instagram,157.59,0
2026-01-13,ord_3933,Speckled Bowl,instagram,42.71,0
2026-01-13,ord_3934,Sunset Mug,direct,40.04,1
2026-01-13,ord_3935,Speckled Bowl,referral,41.66,0
2026-01-13,ord_3936,Espresso Cup Pair,instagram,36.78,1
2026-01-13,ord_3937,Sunset Mug,direct,35.97,1
2026-01-13,ord_3938,Ridge Vase,instagram,60.53,0
2026-01-13,ord_3939,Butter Dish,referral,31.25,1
2026-01-13,ord_3940,Sunset Mug,direct,32.48,1
2026-01-13,ord_3941,Sunset Mug,direct,46.42,0
2026-01-13,ord_3942,Ridge Vase,direct,73.43,1
2026-01-13,ord_3943,Planter,direct,53.81,0
2026-01-13,ord_3944,Sunset Mug,unknown,42.28,0
2026-01-13,ord_3945,Speckled Bowl,referral,37.67,1
2026-01-13,ord_3946,Ridge Vase,direct,71.68,1
2026-01-13,ord_3947,Planter,instagram,42.72,0
2026-01-13,ord_3948,Ridge Vase,direct,62.9,0
2026-01-13,ord_3949,Serving Platter,instagram,115.92,0
2026-01-13,ord_3950,Butter Dish,instagram,39.11,0
2026-01-13,ord_3951,Sunset Mug,unknown,50.64,0
2026-01-13,ord_3952,Espresso Cup Pair,direct,41.64,0
2026-01-13,ord_3953,Espresso Cup Pair,instagram,56.59,0
2026-01-13,ord_3954,Speckled Bowl,referral,51.62,1
2026-01-13,ord_3955,Speckled Bowl,instagram,54.85,1
2026-01-13,ord_3956,Speckled Bowl,instagram,41.14,0
2026-01-13,ord_3957,Sunset Mug,instagram,32.43,1
2026-01-13,ord_3958,Espresso Cup Pair,instagram,49.18,1
2026-01-13,ord_3959,Serving Platter,instagram,110.69,0
2026-01-13,ord_3960,Butter Dish,instagram,35.69,1
2026-01-13,ord_3961,Speckled Bowl,instagram,44.95,1
2026-01-13,ord_3962,Speckled Bowl,direct,39.68,0
2026-01-13,ord_3963,Ridge Vase,direct,64.0,1
2026-01-13,ord_3964,Sunset Mug,instagram,43.8,0
2026-01-13,ord_3965,Espresso Cup Pair,instagram,46.81,0
2026-01-13,ord_3966,Serving Platter,instagram,90.46,0
2026-01-13,ord_3967,Butter Dish,direct,36.6,0
2026-01-13,ord_3968,Serving Platter,referral,101.21,0
2026-01-13,ord_3969,Planter,direct,47.66,1
2026-01-13,ord_3970,Ridge Vase,direct,58.98,1
2026-01-13,ord_3971,Planter,instagram,52.09,0
2026-01-13,ord_3972,Serving Platter,instagram,83.48,0
2026-01-13,ord_3973,Planter,instagram,41.79,0
2026-01-13,ord_3974,Speckled Bowl,referral,39.26,0
2026-01-13,ord_3975,Planter,instagram,60.54,1
2026-01-13,ord_3976,Speckled Bowl,direct,57.2,1
2026-01-13,ord_3977,Sunset Mug,unknown,46.47,1
2026-01-13,ord_3978,Butter Dish,instagram,33.17,0
2026-01-13,ord_3979,Speckled Bowl,instagram,43.28,1
2026-01-13,ord_3980,Sunset Mug,instagram,32.54,1
2026-01-13,ord_3981,Speckled Bowl,instagram,51.14,0
2026-01-13,ord_3982,Ridge Vase,instagram,70.08,0
2026-01-13,ord_3983,Ridge Vase,instagram,68.04,1
2026-01-13,ord_3984,Serving Platter,referral,95.51,0
2026-01-13,ord_3985,Speckled Bowl,instagram,56.61,0
2026-01-13,ord_3986,Sunset Mug,direct,36.19,0
2026-01-13,ord_3987,Espresso Cup Pair,instagram,53.42,1
2026-01-13,ord_3988,Planter,instagram,47.17,1
2026-01-13,ord_3989,Sunset Mug,unknown,50.84,1
2026-01-13,ord_3990,Serving Platter,instagram,98.6,0
2026-01-13,ord_3991,Sunset Mug,direct,43.1,0
2026-01-13,ord_3992,Planter,instagram,47.18,0
2026-01-13,ord_3993,Butter Dish,direct,37.07,0
2026-01-13,ord_3994,Planter,unknown,45.6,0
2026-01-13,ord_3995,Butter Dish,unknown,30.07,0
2026-01-13,ord_3996,Sunset Mug,referral,40.98,0
2026-01-13,ord_3997,Ridge Vase,instagram,68.48,1
2026-01-13,ord_3998,Sunset Mug,direct,48.66,0
2026-01-13,ord_3999,Ridge Vase,referral,70.28,0
2026-01-13,ord_4000,Butter Dish,instagram,45.5,0
2026-01-13,ord_4001,Ridge Vase,instagram,66.74,0
2026-01-14,ord_4002,Espresso Cup Pair,referral,54.62,0
2026-01-14,ord_4003,Planter,instagram,60.98,0
2026-01-14,ord_4004,Butter Dish,instagram,32.68,1
2026-01-14,ord_4005,Serving Platter,unknown,97.9,1
2026-01-14,ord_4006,Planter,instagram,58.54,1
2026-01-14,ord_4007,Planter,unknown,53.84,0
2026-01-14,ord_4008,Dinner Plate Set,referral,102.69,0
2026-01-14,ord_4009,Speckled Bowl,direct,42.2,0
2026-01-14,ord_4010,Sunset Mug,unknown,39.47,0
2026-01-14,ord_4011,Speckled Bowl,instagram,40.02,0
2026-01-14,ord_4012,Ridge Vase,instagram,68.72,1
2026-01-14,ord_4013,Planter,instagram,56.01,0
2026-01-14,ord_4014,Sunset Mug,direct,39.52,0
2026-01-14,ord_4015,Speckled Bowl,direct,42.72,0
2026-01-14,ord_4016,Speckled Bowl,instagram,51.61,0
2026-01-14,ord_4017,Ridge Vase,instagram,74.12,1
2026-01-14,ord_4018,Sunset Mug,instagram,42.67,1
2026-01-14,ord_4019,Butter Dish,unknown,30.6,0
2026-01-14,ord_4020,Speckled Bowl,instagram,42.17,0
2026-01-14,ord_4021,Speckled Bowl,instagram,40.46,1
2026-01-14,ord_4022,Butter Dish,direct,30.45,0
2026-01-14,ord_4023,Sunset Mug,instagram,48.46,0
2026-01-14,ord_4024,Sunset Mug,instagram,36.92,0
2026-01-14,ord_4025,Ridge Vase,instagram,61.92,1
2026-01-14,ord_4026,Dinner Plate Set,direct,116.99,0
2026-01-14,ord_4027,Espresso Cup Pair,unknown,55.1,0
2026-01-14,ord_4028,Ridge Vase,instagram,61.06,0
2026-01-14,ord_4029,Speckled Bowl,direct,39.46,1
2026-01-14,ord_4030,Dinner Plate Set,instagram,130.33,0
2026-01-14,ord_4031,Speckled Bowl,referral,49.23,1
2026-01-14,ord_4032,Planter,direct,52.76,0
2026-01-14,ord_4033,Butter Dish,direct,37.65,0
2026-01-14,ord_4034,Planter,instagram,48.96,0
2026-01-14,ord_4035,Ridge Vase,referral,64.87,1
2026-01-14,ord_4036,Speckled Bowl,direct,41.94,0
2026-01-14,ord_4037,Serving Platter,unknown,93.79,0
2026-01-14,ord_4038,Sunset Mug,referral,40.56,1
2026-01-14,ord_4039,Dinner Plate Set,instagram,130.97,0
2026-01-14,ord_4040,Espresso Cup Pair,instagram,54.2,1
2026-01-14,ord_4041,Butter Dish,referral,30.01,0
2026-01-14,ord_4042,Serving Platter,instagram,114.92,1
2026-01-14,ord_4043,Sunset Mug,instagram,44.11,0
2026-01-14,ord_4044,Espresso Cup Pair,instagram,52.24,1
2026-01-14,ord_4045,Espresso Cup Pair,instagram,52.61,1
2026-01-14,ord_4046,Speckled Bowl,direct,41.2,1
2026-01-14,ord_4047,Sunset Mug,instagram,38.26,1
2026-01-14,ord_4048,Sunset Mug,referral,44.8,0
2026-01-14,ord_4049,Sunset Mug,instagram,49.64,0
2026-01-14,ord_4050,Planter,instagram,41.33,0
2026-01-14,ord_4051,Dinner Plate Set,instagram,146.77,1
2026-01-14,ord_4052,Serving Platter,direct,95.97,1
2026-01-14,ord_4053,Sunset Mug,referral,42.79,0
2026-01-14,ord_4054,Sunset Mug,referral,35.84,0
2026-01-14,ord_4055,Ridge Vase,direct,78.73,0
2026-01-14,ord_4056,Butter Dish,referral,29.41,0
2026-01-14,ord_4057,Ridge Vase,referral,75.77,1
2026-01-14,ord_4058,Planter,instagram,51.25,0
2026-01-14,ord_4059,Ridge Vase,unknown,57.26,0
2026-01-14,ord_4060,Serving Platter,instagram,107.82,1
2026-01-14,ord_4061,Serving Platter,instagram,86.5,0
2026-01-14,ord_4062,Espresso Cup Pair,direct,51.31,1
2026-01-14,ord_4063,Ridge Vase,direct,55.67,0
2026-01-14,ord_4064,Espresso Cup Pair,instagram,51.9,0
2026-01-14,ord_4065,Planter,instagram,53.04,1
2026-01-14,ord_4066,Dinner Plate Set,unknown,151.77,0
2026-01-14,ord_4067,Sunset Mug,direct,45.7,0
2026-01-14,ord_4068,Dinner Plate Set,instagram,160.76,1
2026-01-14,ord_4069,Dinner Plate Set,instagram,110.52,0
2026-01-14,ord_4070,Planter,referral,52.67,1
2026-01-14,ord_4071,Planter,referral,45.28,0
2026-01-14,ord_4072,Ridge Vase,referral,68.0,0
2026-01-15,ord_4073,Butter Dish,referral,30.07,0
2026-01-15,ord_4074,Ridge Vase,instagram,68.65,0
2026-01-15,ord_4075,Dinner Plate Set,direct,117.09,0
2026-01-15,ord_4076,Ridge Vase,instagram,72.0,0
2026-01-15,ord_4077,Butter Dish,direct,44.03,0
2026-01-15,ord_4078,Dinner Plate Set,direct,139.07,0
2026-01-15,ord_4079,Ridge Vase,direct,58.65,0
2026-01-15,ord_4080,Butter Dish,referral,36.85,0
2026-01-15,ord_4081,Dinner Plate Set,direct,118.15,1
2026-01-15,ord_4082,Butter Dish,direct,31.1,0
2026-01-15,ord_4083,Sunset Mug,instagram,47.08,0
2026-01-15,ord_4084,Ridge Vase,referral,53.01,1
2026-01-15,ord_4085,Espresso Cup Pair,direct,54.32,0
2026-01-15,ord_4086,Ridge Vase,unknown,67.18,0
2026-01-15,ord_4087,Dinner Plate Set,direct,134.5,0
2026-01-15,ord_4088,Butter Dish,direct,43.52,1
2026-01-15,ord_4089,Butter Dish,direct,41.81,1
2026-01-15,ord_4090,Dinner Plate Set,unknown,128.8,0
2026-01-15,ord_4091,Ridge Vase,instagram,73.8,1
2026-01-15,ord_4092,Ridge Vase,instagram,70.81,1
2026-01-15,ord_4093,Planter,instagram,46.37,0
2026-01-15,ord_4094,Sunset Mug,instagram,32.33,0
2026-01-15,ord_4095,Speckled Bowl,referral,42.14,1
2026-01-15,ord_4096,Speckled Bowl,unknown,49.98,0
2026-01-15,ord_4097,Sunset Mug,instagram,40.93,0
2026-01-15,ord_4098,Planter,unknown,63.92,0
2026-01-15,ord_4099,Ridge Vase,referral,61.93,0
2026-01-15,ord_4100,Dinner Plate Set,instagram,127.07,0
2026-01-15,ord_4101,Butter Dish,direct,33.31,0
2026-01-15,ord_4102,Planter,direct,41.83,0
2026-01-15,ord_4103,Butter Dish,instagram,37.36,0
2026-01-15,ord_4104,Butter Dish,direct,39.35,0
2026-01-15,ord_4105,Speckled Bowl,referral,54.1,1
2026-01-15,ord_4106,Dinner Plate Set,direct,126.12,1
2026-01-15,ord_4107,Speckled Bowl,referral,43.75,0
2026-01-15,ord_4108,Butter Dish,referral,41.99,1
2026-01-15,ord_4109,Ridge Vase,direct,81.29,1
2026-01-15,ord_4110,Butter Dish,referral,39.41,0
2026-01-15,ord_4111,Planter,instagram,55.35,1
2026-01-15,ord_4112,Dinner Plate Set,direct,149.58,0
2026-01-15,ord_4113,Dinner Plate Set,direct,122.02,1
2026-01-15,ord_4114,Planter,unknown,56.77,0
2026-01-15,ord_4115,Espresso Cup Pair,referral,38.29,0
2026-01-15,ord_4116,Planter,instagram,43.52,1
2026-01-15,ord_4117,Ridge Vase,referral,69.47,0
2026-01-15,ord_4118,Sunset Mug,instagram,38.77,0
2026-01-15,ord_4119,Ridge Vase,instagram,76.77,0
2026-01-15,ord_4120,Espresso Cup Pair,instagram,42.77,0
2026-01-15,ord_4121,Speckled Bowl,instagram,54.58,0
2026-01-15,ord_4122,Espresso Cup Pair,instagram,50.68,0
2026-01-15,ord_4123,Ridge Vase,instagram,62.22,0
2026-01-15,ord_4124,Sunset Mug,referral,36.35,1
2026-01-15,ord_4125,Dinner Plate Set,unknown,158.98,0
2026-01-15,ord_4126,Speckled Bowl,direct,50.34,1
2026-01-15,ord_4127,Espresso Cup Pair,unknown,53.19,0
2026-01-15,ord_4128,Sunset Mug,referral,34.04,1
2026-01-15,ord_4129,Speckled Bowl,unknown,52.12,0
2026-01-15,ord_4130,Speckled Bowl,unknown,48.59,1
2026-01-15,ord_4131,Speckled Bowl,unknown,40.35,0
2026-01-15,ord_4132,Speckled Bowl,unknown,53.39,0
2026-01-15,ord_4133,Espresso Cup Pair,referral,38.96,0
2026-01-16,ord_4134,Sunset Mug,instagram,32.85,0
2026-01-16,ord_4135,Serving Platter,referral,107.13,0
2026-01-16,ord_4136,Butter Dish,unknown,29.67,0
2026-01-16,ord_4137,Speckled Bowl,instagram,49.73,1
2026-01-16,ord_4138,Speckled Bowl,instagram,48.93,0
2026-01-16,ord_4139,Ridge Vase,instagram,71.58,0
2026-01-16,ord_4140,Sunset Mug,referral,51.08,0
2026-01-16,ord_4141,Sunset Mug,unknown,38.46,0
2026-01-16,ord_4142,Ridge Vase,instagram,83.49,0
2026-01-16,ord_4143,Planter,direct,51.3,0
2026-01-16,ord_4144,Sunset Mug,referral,34.3,1
2026-01-16,ord_4145,Butter Dish,direct,30.58,0
2026-01-16,ord_4146,Speckled Bowl,direct,49.72,0
2026-01-16,ord_4147,Planter,unknown,54.43,0
2026-01-16,ord_4148,Espresso Cup Pair,referral,44.41,0
2026-01-16,ord_4149,Speckled Bowl,instagram,48.84,0
2026-01-16,ord_4150,Sunset Mug,unknown,35.71,0
2026-01-16,ord_4151,Speckled Bowl,instagram,58.34,0
2026-01-16,ord_4152,Butter Dish,instagram,34.3,0
2026-01-16,ord_4153,Ridge Vase,direct,76.14,1
2026-01-16,ord_4154,Planter,direct,44.03,0
2026-01-16,ord_4155,Planter,direct,59.21,0
2026-01-16,ord_4156,Sunset Mug,direct,44.23,0
2026-01-16,ord_4157,Butter Dish,unknown,30.81,0
2026-01-16,ord_4158,Sunset Mug,unknown,36.74,0
2026-01-16,ord_4159,Speckled Bowl,instagram,58.96,0
2026-01-16,ord_4160,Butter Dish,instagram,34.24,0
2026-01-16,ord_4161,Speckled Bowl,instagram,43.78,1
2026-01-16,ord_4162,Planter,referral,58.28,0
2026-01-16,ord_4163,Dinner Plate Set,instagram,161.07,0
2026-01-16,ord_4164,Speckled Bowl,unknown,39.94,0
2026-01-16,ord_4165,Ridge Vase,referral,81.33,1
2026-01-16,ord_4166,Planter,instagram,56.35,0
2026-01-16,ord_4167,Serving Platter,instagram,94.42,1
2026-01-16,ord_4168,Serving Platter,referral,95.0,1
2026-01-16,ord_4169,Espresso Cup Pair,referral,43.44,0
2026-01-16,ord_4170,Ridge Vase,direct,72.3,0
2026-01-16,ord_4171,Sunset Mug,instagram,37.8,0
2026-01-16,ord_4172,Ridge Vase,direct,83.1,1
2026-01-16,ord_4173,Planter,direct,41.22,0
2026-01-16,ord_4174,Butter Dish,direct,37.97,0
2026-01-16,ord_4175,Serving Platter,referral,109.5,0
2026-01-16,ord_4176,Sunset Mug,instagram,51.11,0
2026-01-16,ord_4177,Espresso Cup Pair,instagram,55.83,1
2026-01-16,ord_4178,Butter Dish,direct,41.85,1
2026-01-16,ord_4179,Espresso Cup Pair,direct,37.02,0
2026-01-16,ord_4180,Butter Dish,instagram,40.41,1
2026-01-16,ord_4181,Serving Platter,direct,110.1,0
2026-01-16,ord_4182,Serving Platter,referral,118.37,0
2026-01-16,ord_4183,Speckled Bowl,referral,38.46,1
2026-01-16,ord_4184,Planter,direct,42.13,1
2026-01-16,ord_4185,Dinner Plate Set,unknown,117.92,0
2026-01-16,ord_4186,Dinner Plate Set,direct,122.53,1
2026-01-16,ord_4187,Serving Platter,instagram,86.2,1
2026-01-16,ord_4188,Butter Dish,direct,40.25,1
2026-01-16,ord_4189,Dinner Plate Set,instagram,114.8,0
2026-01-16,ord_4190,Butter Dish,unknown,34.88,0
2026-01-16,ord_4191,Espresso Cup Pair,instagram,46.46,0
2026-01-16,ord_4192,Dinner Plate Set,referral,153.8,0
2026-01-16,ord_4193,Sunset Mug,direct,44.51,1
2026-01-16,ord_4194,Butter Dish,unknown,41.24,0
2026-01-16,ord_4195,Sunset Mug,instagram,43.52,1
2026-01-16,ord_4196,Sunset Mug,direct,40.3,1
2026-01-16,ord_4197,Sunset Mug,direct,40.49,0
2026-01-16,ord_4198,Planter,instagram,46.76,0
2026-01-16,ord_4199,Butter Dish,instagram,42.58,1
2026-01-16,ord_4200,Dinner Plate Set,instagram,128.22,0
2026-01-16,ord_4201,Ridge Vase,instagram,79.75,0
2026-01-16,ord_4202,Dinner Plate Set,direct,109.52,1
2026-01-16,ord_4203,Planter,instagram,48.79,0
2026-01-17,ord_4204,Speckled Bowl,direct,54.76,1
2026-01-17,ord_4205,Serving Platter,instagram,108.85,0
2026-01-17,ord_4206,Sunset Mug,instagram,36.49,1
2026-01-17,ord_4207,Serving Platter,referral,97.63,0
2026-01-17,ord_4208,Speckled Bowl,referral,53.28,0
2026-01-17,ord_4209,Dinner Plate Set,direct,122.44,1
2026-01-17,ord_4210,Speckled Bowl,instagram,58.08,0
2026-01-17,ord_4211,Serving Platter,instagram,117.77,0
2026-01-17,ord_4212,Butter Dish,instagram,44.42,1
2026-01-17,ord_4213,Planter,unknown,53.51,0
2026-01-17,ord_4214,Serving Platter,instagram,117.14,0
2026-01-17,ord_4215,Sunset Mug,instagram,35.1,0
2026-01-17,ord_4216,Butter Dish,instagram,34.38,1
2026-01-17,ord_4217,Sunset Mug,direct,42.5,1
2026-01-17,ord_4218,Serving Platter,instagram,109.96,0
2026-01-17,ord_4219,Butter Dish,instagram,38.51,0
2026-01-17,ord_4220,Speckled Bowl,instagram,39.15,1
2026-01-17,ord_4221,Dinner Plate Set,referral,111.34,0
2026-01-17,ord_4222,Speckled Bowl,instagram,54.61,0
2026-01-17,ord_4223,Planter,direct,54.15,0
2026-01-17,ord_4224,Serving Platter,unknown,117.25,1
2026-01-17,ord_4225,Espresso Cup Pair,direct,46.54,0
2026-01-17,ord_4226,Speckled Bowl,direct,48.66,0
2026-01-17,ord_4227,Butter Dish,direct,39.19,1
2026-01-17,ord_4228,Espresso Cup Pair,referral,46.36,0
2026-01-17,ord_4229,Serving Platter,instagram,82.62,0
2026-01-17,ord_4230,Dinner Plate Set,direct,155.89,0
2026-01-17,ord_4231,Planter,referral,63.28,0
2026-01-17,ord_4232,Ridge Vase,referral,55.84,0
2026-01-17,ord_4233,Sunset Mug,instagram,41.08,0
2026-01-17,ord_4234,Speckled Bowl,referral,56.1,0
2026-01-17,ord_4235,Butter Dish,unknown,32.29,0
2026-01-17,ord_4236,Ridge Vase,instagram,80.24,0
2026-01-17,ord_4237,Ridge Vase,direct,64.32,1
2026-01-17,ord_4238,Sunset Mug,instagram,40.13,0
2026-01-17,ord_4239,Butter Dish,instagram,35.92,0
2026-01-17,ord_4240,Sunset Mug,instagram,33.22,0
2026-01-17,ord_4241,Dinner Plate Set,instagram,132.87,0
2026-01-17,ord_4242,Espresso Cup Pair,instagram,47.68,0
2026-01-17,ord_4243,Serving Platter,direct,76.95,1
2026-01-17,ord_4244,Dinner Plate Set,direct,107.09,1
2026-01-17,ord_4245,Ridge Vase,unknown,83.51,1
2026-01-17,ord_4246,Sunset Mug,direct,35.49,1
2026-01-17,ord_4247,Butter Dish,instagram,31.83,0
2026-01-17,ord_4248,Planter,referral,64.33,0
2026-01-17,ord_4249,Serving Platter,direct,117.51,0
2026-01-17,ord_4250,Butter Dish,instagram,34.82,1
2026-01-17,ord_4251,Speckled Bowl,instagram,40.01,0
2026-01-17,ord_4252,Sunset Mug,referral,44.79,0
2026-01-17,ord_4253,Serving Platter,instagram,111.48,1
2026-01-17,ord_4254,Speckled Bowl,instagram,46.15,0
2026-01-17,ord_4255,Planter,unknown,42.46,1
2026-01-17,ord_4256,Butter Dish,direct,43.33,1
2026-01-17,ord_4257,Planter,referral,62.83,0
2026-01-17,ord_4258,Sunset Mug,direct,49.91,0
2026-01-17,ord_4259,Sunset Mug,unknown,39.71,0
2026-01-17,ord_4260,Speckled Bowl,referral,40.02,0
2026-01-17,ord_4261,Butter Dish,unknown,45.42,0
2026-01-17,ord_4262,Sunset Mug,direct,44.41,0
2026-01-17,ord_4263,Dinner Plate Set,referral,113.17,0
2026-01-17,ord_4264,Ridge Vase,instagram,75.92,0
2026-01-17,ord_4265,Dinner Plate Set,referral,127.02,1
2026-01-17,ord_4266,Butter Dish,unknown,39.38,0
2026-01-17,ord_4267,Ridge Vase,instagram,69.41,0
2026-01-17,ord_4268,Serving Platter,direct,82.36,0
2026-01-17,ord_4269,Planter,direct,61.07,1
2026-01-17,ord_4270,Butter Dish,direct,43.5,0
2026-01-17,ord_4271,Sunset Mug,instagram,45.29,0
2026-01-17,ord_4272,Espresso Cup Pair,instagram,45.97,0
2026-01-17,ord_4273,Speckled Bowl,direct,50.89,1
2026-01-17,ord_4274,Butter Dish,direct,40.59,0
2026-01-17,ord_4275,Speckled Bowl,instagram,41.66,0
2026-01-17,ord_4276,Espresso Cup Pair,direct,37.2,1
2026-01-17,ord_4277,Sunset Mug,referral,39.57,1
2026-01-17,ord_4278,Planter,instagram,58.73,0
2026-01-17,ord_4279,Serving Platter,direct,112.86,1
2026-01-17,ord_4280,Butter Dish,referral,30.03,0
2026-01-17,ord_4281,Sunset Mug,direct,32.44,0
2026-01-17,ord_4282,Sunset Mug,instagram,33.32,1
2026-01-17,ord_4283,Butter Dish,direct,33.34,0
2026-01-17,ord_4284,Dinner Plate Set,unknown,125.72,1
2026-01-17,ord_4285,Dinner Plate Set,instagram,116.38,0
2026-01-18,ord_4286,Serving Platter,unknown,101.67,1
2026-01-18,ord_4287,Ridge Vase,direct,59.21,0
2026-01-18,ord_4288,Espresso Cup Pair,referral,43.27,0
2026-01-18,ord_4289,Speckled Bowl,instagram,52.03,1
2026-01-18,ord_4290,Espresso Cup Pair,instagram,38.94,1
2026-01-18,ord_4291,Sunset Mug,direct,51.13,0
2026-01-18,ord_4292,Dinner Plate Set,instagram,124.89,1
2026-01-18,ord_4293,Speckled Bowl,direct,45.63,0
2026-01-18,ord_4294,Ridge Vase,instagram,63.21,1
2026-01-18,ord_4295,Dinner Plate Set,instagram,117.72,1
2026-01-18,ord_4296,Ridge Vase,instagram,57.11,0
2026-01-18,ord_4297,Speckled Bowl,instagram,50.21,1
2026-01-18,ord_4298,Speckled Bowl,referral,50.41,1
2026-01-18,ord_4299,Butter Dish,unknown,38.01,1
2026-01-18,ord_4300,Dinner Plate Set,instagram,153.06,0
2026-01-18,ord_4301,Ridge Vase,referral,56.2,0
2026-01-18,ord_4302,Ridge Vase,instagram,74.51,1
2026-01-18,ord_4303,Dinner Plate Set,unknown,121.29,0
2026-01-18,ord_4304,Speckled Bowl,instagram,45.2,0
2026-01-18,ord_4305,Serving Platter,unknown,98.91,0
2026-01-18,ord_4306,Speckled Bowl,direct,54.34,0
2026-01-18,ord_4307,Ridge Vase,unknown,81.81,0
2026-01-18,ord_4308,Serving Platter,instagram,92.73,0
2026-01-18,ord_4309,Sunset Mug,direct,44.4,0
2026-01-18,ord_4310,Ridge Vase,instagram,61.23,1
2026-01-18,ord_4311,Espresso Cup Pair,direct,43.99,1
2026-01-18,ord_4312,Serving Platter,direct,76.51,1
2026-01-18,ord_4313,Speckled Bowl,unknown,49.39,0
2026-01-18,ord_4314,Ridge Vase,direct,59.77,0
2026-01-18,ord_4315,Planter,unknown,56.12,0
2026-01-18,ord_4316,Planter,unknown,51.14,0
2026-01-18,ord_4317,Speckled Bowl,instagram,38.41,0
2026-01-18,ord_4318,Butter Dish,direct,42.98,0
2026-01-18,ord_4319,Dinner Plate Set,direct,128.96,0
2026-01-18,ord_4320,Espresso Cup Pair,direct,38.21,0
2026-01-18,ord_4321,Sunset Mug,referral,41.27,0
2026-01-18,ord_4322,Speckled Bowl,instagram,43.13,0
2026-01-18,ord_4323,Speckled Bowl,referral,43.86,1
2026-01-18,ord_4324,Dinner Plate Set,instagram,130.84,1
2026-01-18,ord_4325,Dinner Plate Set,direct,158.32,1
2026-01-18,ord_4326,Sunset Mug,direct,44.81,0
2026-01-18,ord_4327,Speckled Bowl,instagram,37.8,0
2026-01-18,ord_4328,Sunset Mug,referral,43.89,0
2026-01-18,ord_4329,Sunset Mug,instagram,37.96,0
2026-01-18,ord_4330,Ridge Vase,instagram,70.42,1
2026-01-18,ord_4331,Dinner Plate Set,instagram,113.24,1
2026-01-18,ord_4332,Speckled Bowl,referral,40.31,0
2026-01-18,ord_4333,Ridge Vase,instagram,69.24,1
2026-01-18,ord_4334,Ridge Vase,direct,65.9,0
2026-01-18,ord_4335,Sunset Mug,instagram,48.21,0
2026-01-18,ord_4336,Sunset Mug,referral,44.61,0
2026-01-18,ord_4337,Planter,instagram,45.39,0
2026-01-18,ord_4338,Butter Dish,direct,32.44,1
2026-01-18,ord_4339,Ridge Vase,direct,58.72,0
2026-01-18,ord_4340,Speckled Bowl,unknown,52.67,0
2026-01-18,ord_4341,Sunset Mug,referral,39.22,1
2026-01-18,ord_4342,Sunset Mug,referral,49.56,0
2026-01-18,ord_4343,Sunset Mug,instagram,39.72,0
2026-01-18,ord_4344,Speckled Bowl,direct,49.43,0
2026-01-18,ord_4345,Dinner Plate Set,instagram,135.4,1
2026-01-18,ord_4346,Espresso Cup Pair,instagram,40.85,0
2026-01-18,ord_4347,Speckled Bowl,unknown,47.95,0
2026-01-18,ord_4348,Speckled Bowl,instagram,49.01,0
2026-01-18,ord_4349,Ridge Vase,direct,80.87,0
2026-01-18,ord_4350,Dinner Plate Set,referral,137.06,1
2026-01-18,ord_4351,Planter,referral,53.78,0
2026-01-18,ord_4352,Butter Dish,direct,45.86,0
2026-01-18,ord_4353,Ridge Vase,direct,72.18,0
2026-01-18,ord_4354,Speckled Bowl,instagram,44.44,0
2026-01-18,ord_4355,Sunset Mug,instagram,40.12,0
2026-01-18,ord_4356,Planter,instagram,55.08,0
2026-01-18,ord_4357,Dinner Plate Set,instagram,141.44,1
2026-01-18,ord_4358,Butter Dish,referral,41.75,0
2026-01-19,ord_4359,Butter Dish,referral,30.35,0
2026-01-19,ord_4360,Ridge Vase,instagram,64.72,1
2026-01-19,ord_4361,Planter,direct,44.82,0
2026-01-19,ord_4362,Ridge Vase,instagram,75.7,0
2026-01-19,ord_4363,Dinner Plate Set,instagram,140.39,0
2026-01-19,ord_4364,Planter,instagram,41.25,0
2026-01-19,ord_4365,Butter Dish,referral,37.47,0
2026-01-19,ord_4366,Sunset Mug,referral,43.88,0
2026-01-19,ord_4367,Speckled Bowl,direct,45.52,0
2026-01-19,ord_4368,Ridge Vase,referral,68.79,0
2026-01-19,ord_4369,Espresso Cup Pair,direct,51.2,0
2026-01-19,ord_4370,Sunset Mug,instagram,36.95,0
2026-01-19,ord_4371,Sunset Mug,instagram,38.89,1
2026-01-19,ord_4372,Planter,unknown,58.98,1
2026-01-19,ord_4373,Dinner Plate Set,instagram,102.49,0
2026-01-19,ord_4374,Speckled Bowl,direct,44.61,1
2026-01-19,ord_4375,Planter,instagram,54.14,1
2026-01-19,ord_4376,Sunset Mug,instagram,50.1,0
2026-01-19,ord_4377,Butter Dish,direct,40.22,0
2026-01-19,ord_4378,Sunset Mug,referral,40.3,0
2026-01-19,ord_4379,Sunset Mug,referral,50.62,1
2026-01-19,ord_4380,Sunset Mug,instagram,37.12,0
2026-01-19,ord_4381,Butter Dish,unknown,44.06,0
2026-01-19,ord_4382,Planter,instagram,64.02,1
2026-01-19,ord_4383,Espresso Cup Pair,instagram,36.16,0
2026-01-19,ord_4384,Butter Dish,instagram,40.37,0
2026-01-19,ord_4385,Speckled Bowl,instagram,41.94,0
2026-01-19,ord_4386,Espresso Cup Pair,unknown,46.7,0
2026-01-19,ord_4387,Sunset Mug,instagram,38.66,0
2026-01-19,ord_4388,Speckled Bowl,instagram,42.26,1
2026-01-19,ord_4389,Espresso Cup Pair,unknown,53.01,0
2026-01-19,ord_4390,Dinner Plate Set,instagram,141.55,1
2026-01-19,ord_4391,Ridge Vase,instagram,64.92,1
2026-01-19,ord_4392,Sunset Mug,instagram,45.15,0
2026-01-19,ord_4393,Speckled Bowl,instagram,48.24,0
2026-01-19,ord_4394,Ridge Vase,referral,72.95,1
2026-01-19,ord_4395,Ridge Vase,referral,74.4,0
2026-01-19,ord_4396,Serving Platter,instagram,84.7,1
2026-01-19,ord_4397,Planter,direct,58.21,1
2026-01-19,ord_4398,Espresso Cup Pair,unknown,46.32,1
2026-01-19,ord_4399,Sunset Mug,instagram,37.9,1
2026-01-19,ord_4400,Butter Dish,instagram,41.02,0
2026-01-19,ord_4401,Sunset Mug,direct,33.01,0
2026-01-19,ord_4402,Butter Dish,instagram,37.89,1
2026-01-19,ord_4403,Serving Platter,direct,112.09,0
2026-01-19,ord_4404,Speckled Bowl,referral,38.18,1
2026-01-19,ord_4405,Ridge Vase,instagram,61.26,1
2026-01-19,ord_4406,Espresso Cup Pair,direct,38.2,0
2026-01-19,ord_4407,Dinner Plate Set,unknown,128.26,0
2026-01-19,ord_4408,Speckled Bowl,referral,51.16,0
2026-01-19,ord_4409,Serving Platter,referral,112.88,0
2026-01-19,ord_4410,Dinner Plate Set,instagram,110.57,0
2026-01-19,ord_4411,Planter,referral,41.74,0
2026-01-19,ord_4412,Speckled Bowl,unknown,53.4,0
2026-01-19,ord_4413,Speckled Bowl,direct,41.85,0
2026-01-19,ord_4414,Ridge Vase,direct,82.66,0
2026-01-19,ord_4415,Dinner Plate Set,direct,144.71,0
2026-01-19,ord_4416,Dinner Plate Set,referral,112.8,0
2026-01-19,ord_4417,Planter,instagram,58.45,0
2026-01-19,ord_4418,Sunset Mug,instagram,33.82,0
2026-01-19,ord_4419,Planter,direct,55.06,1
2026-01-19,ord_4420,Espresso Cup Pair,direct,50.72,0
2026-01-19,ord_4421,Sunset Mug,referral,37.01,1
2026-01-19,ord_4422,Planter,referral,56.98,0
2026-01-20,ord_4423,Butter Dish,referral,37.69,0
2026-01-20,ord_4424,Butter Dish,instagram,45.45,1
2026-01-20,ord_4425,Butter Dish,instagram,34.11,0
2026-01-20,ord_4426,Espresso Cup Pair,direct,47.76,0
2026-01-20,ord_4427,Speckled Bowl,referral,58.92,0
2026-01-20,ord_4428,Serving Platter,instagram,78.05,0
2026-01-20,ord_4429,Planter,instagram,52.74,0
2026-01-20,ord_4430,Planter,unknown,57.79,0
2026-01-20,ord_4431,Dinner Plate Set,instagram,149.31,0
2026-01-20,ord_4432,Sunset Mug,direct,49.68,0
2026-01-20,ord_4433,Espresso Cup Pair,instagram,47.17,1
2026-01-20,ord_4434,Ridge Vase,instagram,83.35,0
2026-01-20,ord_4435,Butter Dish,direct,29.01,0
2026-01-20,ord_4436,Ridge Vase,instagram,60.87,0
2026-01-20,ord_4437,Sunset Mug,referral,42.56,0
2026-01-20,ord_4438,Serving Platter,instagram,106.7,0
2026-01-20,ord_4439,Espresso Cup Pair,unknown,41.57,0
2026-01-20,ord_4440,Sunset Mug,instagram,45.55,0
2026-01-20,ord_4441,Ridge Vase,referral,59.3,1
2026-01-20,ord_4442,Espresso Cup Pair,instagram,51.78,1
2026-01-20,ord_4443,Ridge Vase,referral,55.93,0
2026-01-20,ord_4444,Sunset Mug,direct,43.27,0
2026-01-20,ord_4445,Serving Platter,unknown,103.76,0
2026-01-20,ord_4446,Sunset Mug,direct,42.81,0
2026-01-20,ord_4447,Serving Platter,instagram,94.48,0
2026-01-20,ord_4448,Serving Platter,referral,89.77,0
2026-01-20,ord_4449,Speckled Bowl,direct,54.43,0
2026-01-20,ord_4450,Butter Dish,instagram,29.0,0
2026-01-20,ord_4451,Serving Platter,instagram,108.2,0
2026-01-20,ord_4452,Sunset Mug,instagram,37.6,1
2026-01-20,ord_4453,Serving Platter,instagram,93.78,0
2026-01-20,ord_4454,Ridge Vase,direct,53.47,0
2026-01-20,ord_4455,Speckled Bowl,unknown,43.17,1
2026-01-20,ord_4456,Speckled Bowl,instagram,43.73,0
2026-01-20,ord_4457,Butter Dish,instagram,35.48,0
2026-01-20,ord_4458,Ridge Vase,referral,59.14,1
2026-01-20,ord_4459,Sunset Mug,instagram,34.77,0
2026-01-20,ord_4460,Butter Dish,referral,43.14,0
2026-01-20,ord_4461,Dinner Plate Set,instagram,106.93,1
2026-01-20,ord_4462,Dinner Plate Set,instagram,131.79,1
2026-01-20,ord_4463,Sunset Mug,instagram,37.15,0
2026-01-20,ord_4464,Planter,direct,60.19,1
2026-01-20,ord_4465,Espresso Cup Pair,instagram,44.74,0
2026-01-20,ord_4466,Dinner Plate Set,referral,133.57,0
2026-01-20,ord_4467,Sunset Mug,direct,44.48,1
2026-01-20,ord_4468,Butter Dish,instagram,42.44,0
2026-01-20,ord_4469,Speckled Bowl,instagram,41.35,0
2026-01-20,ord_4470,Sunset Mug,instagram,40.56,0
2026-01-20,ord_4471,Planter,direct,47.54,0
2026-01-20,ord_4472,Sunset Mug,instagram,34.47,1
2026-01-20,ord_4473,Planter,instagram,52.22,0
2026-01-20,ord_4474,Sunset Mug,direct,46.77,0
2026-01-20,ord_4475,Speckled Bowl,referral,49.69,1
2026-01-20,ord_4476,Ridge Vase,direct,78.7,0
2026-01-20,ord_4477,Speckled Bowl,instagram,58.45,0
2026-01-20,ord_4478,Sunset Mug,instagram,40.98,1
2026-01-20,ord_4479,Ridge Vase,referral,61.85,0
2026-01-20,ord_4480,Ridge Vase,referral,60.29,0
2026-01-20,ord_4481,Dinner Plate Set,unknown,116.37,0
2026-01-20,ord_4482,Butter Dish,referral,33.95,0
2026-01-20,ord_4483,Ridge Vase,direct,82.75,1
2026-01-20,ord_4484,Sunset Mug,direct,41.76,0
2026-01-20,ord_4485,Sunset Mug,instagram,44.61,1
2026-01-20,ord_4486,Planter,instagram,51.06,0
2026-01-20,ord_4487,Speckled Bowl,instagram,40.82,0
2026-01-20,ord_4488,Espresso Cup Pair,direct,42.42,0
2026-01-20,ord_4489,Serving Platter,direct,95.74,0
2026-01-21,ord_4490,Sunset Mug,unknown,35.97,0
2026-01-21,ord_4491,Sunset Mug,direct,36.59,0
2026-01-21,ord_4492,Sunset Mug,referral,49.57,0
2026-01-21,ord_4493,Butter Dish,instagram,36.24,1
2026-01-21,ord_4494,Ridge Vase,instagram,67.18,1
2026-01-21,ord_4495,Speckled Bowl,instagram,48.88,1
2026-01-21,ord_4496,Speckled Bowl,referral,55.52,0
2026-01-21,ord_4497,Butter Dish,direct,30.34,0
2026-01-21,ord_4498,Speckled Bowl,direct,42.43,1
2026-01-21,ord_4499,Serving Platter,instagram,97.75,1
2026-01-21,ord_4500,Speckled Bowl,unknown,42.55,0
2026-01-21,ord_4501,Espresso Cup Pair,unknown,52.55,1
2026-01-21,ord_4502,Dinner Plate Set,direct,111.09,1
2026-01-21,ord_4503,Speckled Bowl,direct,56.57,1
2026-01-21,ord_4504,Ridge Vase,instagram,58.28,0
2026-01-21,ord_4505,Butter Dish,direct,37.89,1
2026-01-21,ord_4506,Serving Platter,unknown,87.75,1
2026-01-21,ord_4507,Planter,instagram,58.85,0
2026-01-21,ord_4508,Sunset Mug,instagram,41.58,0
2026-01-21,ord_4509,Sunset Mug,instagram,44.96,0
2026-01-21,ord_4510,Espresso Cup Pair,instagram,56.69,0
2026-01-21,ord_4511,Dinner Plate Set,referral,149.5,0
2026-01-21,ord_4512,Espresso Cup Pair,direct,41.7,0
2026-01-21,ord_4513,Sunset Mug,instagram,40.85,0
2026-01-21,ord_4514,Dinner Plate Set,unknown,131.31,0
2026-01-21,ord_4515,Planter,direct,56.12,1
2026-01-21,ord_4516,Ridge Vase,instagram,52.93,0
2026-01-21,ord_4517,Sunset Mug,direct,32.96,0
2026-01-21,ord_4518,Serving Platter,direct,97.1,0
2026-01-21,ord_4519,Speckled Bowl,unknown,50.37,1
2026-01-21,ord_4520,Dinner Plate Set,direct,152.43,0
2026-01-21,ord_4521,Planter,instagram,62.33,0
2026-01-21,ord_4522,Sunset Mug,instagram,39.87,0
2026-01-21,ord_4523,Ridge Vase,direct,63.31,1
2026-01-21,ord_4524,Ridge Vase,direct,59.22,0
2026-01-21,ord_4525,Serving Platter,instagram,87.17,1
2026-01-21,ord_4526,Ridge Vase,direct,70.79,0
2026-01-21,ord_4527,Serving Platter,direct,95.65,0
2026-01-21,ord_4528,Espresso Cup Pair,instagram,38.76,1
2026-01-21,ord_4529,Dinner Plate Set,instagram,114.6,1
2026-01-21,ord_4530,Sunset Mug,instagram,40.21,0
2026-01-21,ord_4531,Serving Platter,referral,106.31,1
2026-01-21,ord_4532,Ridge Vase,instagram,68.92,1
2026-01-21,ord_4533,Sunset Mug,instagram,32.96,1
2026-01-21,ord_4534,Ridge Vase,direct,78.59,0
2026-01-21,ord_4535,Planter,direct,54.17,0
2026-01-21,ord_4536,Speckled Bowl,instagram,53.8,1
2026-01-21,ord_4537,Planter,unknown,54.57,0
2026-01-21,ord_4538,Sunset Mug,instagram,44.14,1
2026-01-21,ord_4539,Dinner Plate Set,direct,122.62,1
2026-01-21,ord_4540,Butter Dish,referral,30.25,0
2026-01-21,ord_4541,Speckled Bowl,direct,51.34,1
2026-01-21,ord_4542,Speckled Bowl,direct,51.61,0
2026-01-21,ord_4543,Speckled Bowl,direct,54.19,1
2026-01-21,ord_4544,Dinner Plate Set,direct,158.48,0
2026-01-21,ord_4545,Sunset Mug,instagram,41.64,0
2026-01-21,ord_4546,Butter Dish,instagram,38.12,0
2026-01-21,ord_4547,Planter,instagram,54.22,0
2026-01-21,ord_4548,Speckled Bowl,direct,59.17,0
2026-01-21,ord_4549,Sunset Mug,referral,37.99,0
2026-01-21,ord_4550,Planter,direct,61.62,0
2026-01-21,ord_4551,Dinner Plate Set,instagram,117.61,1
2026-01-21,ord_4552,Ridge Vase,referral,81.12,0
2026-01-21,ord_4553,Butter Dish,instagram,41.11,0
2026-01-21,ord_4554,Sunset Mug,direct,46.38,1
2026-01-21,ord_4555,Speckled Bowl,direct,51.62,0
2026-01-21,ord_4556,Sunset Mug,referral,46.88,0
2026-01-21,ord_4557,Speckled Bowl,direct,44.14,0
2026-01-21,ord_4558,Planter,instagram,55.88,0
2026-01-21,ord_4559,Sunset Mug,instagram,49.21,1
2026-01-21,ord_4560,Espresso Cup Pair,instagram,54.3,0
2026-01-21,ord_4561,Speckled Bowl,instagram,42.12,1
2026-01-21,ord_4562,Speckled Bowl,direct,46.62,0
2026-01-22,ord_4563,Butter Dish,direct,33.29,1
2026-01-22,ord_4564,Planter,instagram,63.17,0
2026-01-22,ord_4565,Planter,unknown,52.24,1
2026-01-22,ord_4566,Butter Dish,direct,45.07,0
2026-01-22,ord_4567,Dinner Plate Set,instagram,112.02,1
2026-01-22,ord_4568,Serving Platter,instagram,85.0,0
2026-01-22,ord_4569,Butter Dish,direct,37.08,0
2026-01-22,ord_4570,Speckled Bowl,instagram,48.35,0
2026-01-22,ord_4571,Ridge Vase,direct,63.27,1
2026-01-22,ord_4572,Butter Dish,referral,43.85,0
2026-01-22,ord_4573,Sunset Mug,direct,42.29,0
2026-01-22,ord_4574,Butter Dish,instagram,42.19,0
2026-01-22,ord_4575,Sunset Mug,instagram,47.51,1
2026-01-22,ord_4576,Speckled Bowl,referral,48.94,1
2026-01-22,ord_4577,Sunset Mug,instagram,50.5,0
2026-01-22,ord_4578,Ridge Vase,instagram,79.24,0
2026-01-22,ord_4579,Ridge Vase,instagram,59.8,0
2026-01-22,ord_4580,Butter Dish,direct,39.48,0
2026-01-22,ord_4581,Sunset Mug,instagram,41.46,0
2026-01-22,ord_4582,Sunset Mug,instagram,41.3,0
2026-01-22,ord_4583,Dinner Plate Set,instagram,150.36,0
2026-01-22,ord_4584,Sunset Mug,direct,43.93,0
2026-01-22,ord_4585,Butter Dish,direct,35.07,1
2026-01-22,ord_4586,Sunset Mug,instagram,46.36,1
2026-01-22,ord_4587,Ridge Vase,instagram,80.57,0
2026-01-22,ord_4588,Serving Platter,instagram,75.48,0
2026-01-22,ord_4589,Planter,instagram,58.7,0
2026-01-22,ord_4590,Serving Platter,unknown,100.22,1
2026-01-22,ord_4591,Speckled Bowl,instagram,51.81,1
2026-01-22,ord_4592,Ridge Vase,unknown,53.67,0
2026-01-22,ord_4593,Planter,instagram,45.17,0
2026-01-22,ord_4594,Serving Platter,instagram,103.18,0
2026-01-22,ord_4595,Dinner Plate Set,direct,156.31,0
2026-01-22,ord_4596,Dinner Plate Set,instagram,123.6,0
2026-01-22,ord_4597,Dinner Plate Set,instagram,139.19,1
2026-01-22,ord_4598,Dinner Plate Set,unknown,118.0,0
2026-01-22,ord_4599,Dinner Plate Set,instagram,111.02,0
2026-01-22,ord_4600,Dinner Plate Set,instagram,148.2,1
2026-01-22,ord_4601,Ridge Vase,direct,73.48,0
2026-01-22,ord_4602,Sunset Mug,instagram,49.36,0
2026-01-22,ord_4603,Dinner Plate Set,instagram,125.9,0
2026-01-22,ord_4604,Sunset Mug,instagram,36.51,1
2026-01-22,ord_4605,Speckled Bowl,referral,47.08,1
2026-01-22,ord_4606,Planter,unknown,48.5,0
2026-01-22,ord_4607,Ridge Vase,instagram,71.07,0
2026-01-22,ord_4608,Dinner Plate Set,instagram,136.42,0
2026-01-22,ord_4609,Ridge Vase,direct,66.47,0
2026-01-22,ord_4610,Ridge Vase,instagram,59.79,0
2026-01-22,ord_4611,Serving Platter,referral,109.9,1
2026-01-22,ord_4612,Sunset Mug,instagram,41.87,1
2026-01-22,ord_4613,Butter Dish,instagram,35.86,1
2026-01-22,ord_4614,Espresso Cup Pair,instagram,48.72,1
2026-01-22,ord_4615,Speckled Bowl,instagram,51.31,0
2026-01-22,ord_4616,Sunset Mug,instagram,34.66,0
2026-01-22,ord_4617,Sunset Mug,unknown,35.95,0
2026-01-22,ord_4618,Espresso Cup Pair,instagram,55.52,0
2026-01-22,ord_4619,Dinner Plate Set,instagram,131.69,0
2026-01-22,ord_4620,Espresso Cup Pair,instagram,37.37,0
2026-01-22,ord_4621,Sunset Mug,unknown,40.6,1
2026-01-22,ord_4622,Ridge Vase,referral,73.15,0
2026-01-22,ord_4623,Sunset Mug,unknown,46.41,1
2026-01-22,ord_4624,Espresso Cup Pair,referral,49.09,1
2026-01-22,ord_4625,Sunset Mug,direct,47.63,0
2026-01-22,ord_4626,Speckled Bowl,direct,43.19,1
2026-01-22,ord_4627,Speckled Bowl,referral,37.6,0
2026-01-22,ord_4628,Ridge Vase,instagram,76.27,0
2026-01-22,ord_4629,Sunset Mug,direct,45.25,1
2026-01-22,ord_4630,Ridge Vase,direct,83.13,0
2026-01-23,ord_4631,Espresso Cup Pair,instagram,44.02,0
2026-01-23,ord_4632,Sunset Mug,instagram,38.18,0
2026-01-23,ord_4633,Sunset Mug,direct,40.36,0
2026-01-23,ord_4634,Sunset Mug,instagram,42.17,0
2026-01-23,ord_4635,Planter,referral,52.42,0
2026-01-23,ord_4636,Dinner Plate Set,direct,123.59,1
2026-01-23,ord_4637,Dinner Plate Set,referral,113.86,1
2026-01-23,ord_4638,Ridge Vase,instagram,54.95,0
2026-01-23,ord_4639,Speckled Bowl,direct,57.74,0
2026-01-23,ord_4640,Butter Dish,instagram,32.78,1
2026-01-23,ord_4641,Speckled Bowl,instagram,41.77,0
2026-01-23,ord_4642,Serving Platter,direct,80.25,0
2026-01-23,ord_4643,Butter Dish,direct,38.22,0
2026-01-23,ord_4644,Speckled Bowl,referral,45.03,1
2026-01-23,ord_4645,Sunset Mug,instagram,46.18,0
2026-01-23,ord_4646,Ridge Vase,instagram,71.7,1
2026-01-23,ord_4647,Planter,referral,50.13,1
2026-01-23,ord_4648,Speckled Bowl,instagram,42.55,1
2026-01-23,ord_4649,Speckled Bowl,direct,44.63,0
2026-01-23,ord_4650,Sunset Mug,direct,37.93,0
2026-01-23,ord_4651,Butter Dish,unknown,44.19,0
2026-01-23,ord_4652,Butter Dish,direct,34.71,0
2026-01-23,ord_4653,Dinner Plate Set,unknown,124.83,1
2026-01-23,ord_4654,Ridge Vase,unknown,58.61,0
2026-01-23,ord_4655,Espresso Cup Pair,instagram,35.77,1
2026-01-23,ord_4656,Speckled Bowl,unknown,54.77,1
2026-01-23,ord_4657,Sunset Mug,referral,47.71,1
2026-01-23,ord_4658,Espresso Cup Pair,unknown,47.61,0
2026-01-23,ord_4659,Planter,referral,41.2,1
2026-01-23,ord_4660,Sunset Mug,instagram,42.18,0
2026-01-23,ord_4661,Sunset Mug,direct,37.02,0
2026-01-23,ord_4662,Ridge Vase,instagram,70.35,1
2026-01-23,ord_4663,Ridge Vase,instagram,55.53,0
2026-01-23,ord_4664,Sunset Mug,instagram,39.11,0
2026-01-23,ord_4665,Speckled Bowl,direct,42.71,0
2026-01-23,ord_4666,Ridge Vase,instagram,72.22,0
2026-01-23,ord_4667,Speckled Bowl,unknown,53.7,1
2026-01-23,ord_4668,Dinner Plate Set,instagram,139.5,1
2026-01-23,ord_4669,Sunset Mug,unknown,40.23,1
2026-01-23,ord_4670,Planter,unknown,62.5,0
2026-01-23,ord_4671,Dinner Plate Set,direct,125.4,0
2026-01-23,ord_4672,Espresso Cup Pair,direct,40.78,0
2026-01-23,ord_4673,Ridge Vase,unknown,58.57,1
2026-01-23,ord_4674,Planter,instagram,63.09,0
2026-01-23,ord_4675,Butter Dish,instagram,29.89,1
2026-01-23,ord_4676,Sunset Mug,direct,37.58,0
2026-01-23,ord_4677,Espresso Cup Pair,referral,55.19,0
2026-01-23,ord_4678,Sunset Mug,instagram,39.74,0
2026-01-23,ord_4679,Speckled Bowl,direct,41.14,0
2026-01-23,ord_4680,Sunset Mug,referral,48.35,0
2026-01-23,ord_4681,Butter Dish,direct,40.18,0
2026-01-23,ord_4682,Speckled Bowl,unknown,52.95,1
2026-01-23,ord_4683,Sunset Mug,instagram,44.44,1
2026-01-23,ord_4684,Planter,direct,50.28,1
2026-01-23,ord_4685,Espresso Cup Pair,instagram,55.5,0
2026-01-23,ord_4686,Sunset Mug,direct,42.13,0
2026-01-23,ord_4687,Dinner Plate Set,referral,125.27,0
2026-01-23,ord_4688,Speckled Bowl,instagram,40.11,0
2026-01-23,ord_4689,Planter,instagram,49.25,0
2026-01-23,ord_4690,Butter Dish,instagram,30.12,1
2026-01-23,ord_4691,Speckled Bowl,direct,44.74,0
2026-01-23,ord_4692,Speckled Bowl,instagram,39.78,0
2026-01-23,ord_4693,Dinner Plate Set,unknown,116.06,0
2026-01-23,ord_4694,Planter,unknown,45.07,1
2026-01-23,ord_4695,Butter Dish,instagram,39.03,0
2026-01-23,ord_4696,Dinner Plate Set,unknown,119.41,0
2026-01-23,ord_4697,Sunset Mug,direct,33.67,0
2026-01-23,ord_4698,Butter Dish,direct,45.23,1
2026-01-23,ord_4699,Speckled Bowl,referral,52.01,0
2026-01-23,ord_4700,Serving Platter,unknown,114.06,0
2026-01-23,ord_4701,Butter Dish,instagram,35.72,0
2026-01-23,ord_4702,Sunset Mug,referral,42.74,1
2026-01-24,ord_4703,Butter Dish,instagram,35.2,0
2026-01-24,ord_4704,Espresso Cup Pair,referral,48.39,0
2026-01-24,ord_4705,Speckled Bowl,instagram,48.6,0
2026-01-24,ord_4706,Sunset Mug,unknown,39.81,0
2026-01-24,ord_4707,Espresso Cup Pair,instagram,39.16,1
2026-01-24,ord_4708,Sunset Mug,direct,37.0,1
2026-01-24,ord_4709,Butter Dish,unknown,29.55,0
2026-01-24,ord_4710,Sunset Mug,referral,40.51,1
2026-01-24,ord_4711,Ridge Vase,instagram,61.55,1
2026-01-24,ord_4712,Planter,direct,58.92,0
2026-01-24,ord_4713,Serving Platter,instagram,90.44,1
2026-01-24,ord_4714,Speckled Bowl,instagram,41.83,0
2026-01-24,ord_4715,Speckled Bowl,direct,45.58,1
2026-01-24,ord_4716,Serving Platter,instagram,75.49,1
2026-01-24,ord_4717,Ridge Vase,direct,60.25,1
2026-01-24,ord_4718,Planter,direct,46.85,0
2026-01-24,ord_4719,Serving Platter,referral,84.03,1
2026-01-24,ord_4720,Ridge Vase,instagram,56.79,0
2026-01-24,ord_4721,Serving Platter,unknown,96.82,0
2026-01-24,ord_4722,Serving Platter,instagram,81.78,0
2026-01-24,ord_4723,Butter Dish,direct,41.34,1
2026-01-24,ord_4724,Ridge Vase,instagram,70.48,1
2026-01-24,ord_4725,Planter,instagram,45.94,0
2026-01-24,ord_4726,Speckled Bowl,direct,53.27,0
2026-01-24,ord_4727,Dinner Plate Set,direct,137.52,0
2026-01-24,ord_4728,Dinner Plate Set,referral,151.43,1
2026-01-24,ord_4729,Espresso Cup Pair,direct,48.07,0
2026-01-24,ord_4730,Planter,referral,53.22,0
2026-01-24,ord_4731,Ridge Vase,referral,66.91,0
2026-01-24,ord_4732,Serving Platter,direct,96.64,1
2026-01-24,ord_4733,Planter,direct,47.81,0
2026-01-24,ord_4734,Sunset Mug,instagram,46.9,0
2026-01-24,ord_4735,Butter Dish,referral,35.51,0
2026-01-24,ord_4736,Sunset Mug,instagram,37.9,0
2026-01-24,ord_4737,Sunset Mug,instagram,47.82,0
2026-01-24,ord_4738,Serving Platter,instagram,80.08,0
2026-01-24,ord_4739,Ridge Vase,direct,74.35,1
2026-01-24,ord_4740,Planter,instagram,50.35,1
2026-01-24,ord_4741,Speckled Bowl,unknown,37.96,1
2026-01-24,ord_4742,Espresso Cup Pair,unknown,41.39,0
2026-01-24,ord_4743,Butter Dish,direct,45.78,0
2026-01-24,ord_4744,Espresso Cup Pair,referral,41.83,0
2026-01-24,ord_4745,Ridge Vase,referral,81.47,1
2026-01-24,ord_4746,Dinner Plate Set,instagram,112.21,0
2026-01-24,ord_4747,Sunset Mug,referral,47.91,0
2026-01-24,ord_4748,Dinner Plate Set,instagram,126.92,0
2026-01-24,ord_4749,Espresso Cup Pair,referral,39.5,0
2026-01-24,ord_4750,Dinner Plate Set,direct,143.85,0
2026-01-24,ord_4751,Sunset Mug,direct,47.71,0
2026-01-24,ord_4752,Dinner Plate Set,direct,152.32,0
2026-01-24,ord_4753,Speckled Bowl,unknown,59.13,1
2026-01-24,ord_4754,Sunset Mug,instagram,38.6,1
2026-01-24,ord_4755,Sunset Mug,direct,40.55,0
2026-01-24,ord_4756,Dinner Plate Set,referral,120.98,0
2026-01-24,ord_4757,Speckled Bowl,instagram,48.06,0
2026-01-24,ord_4758,Ridge Vase,direct,76.7,0
2026-01-24,ord_4759,Sunset Mug,referral,36.93,1
2026-01-24,ord_4760,Butter Dish,direct,40.92,0
2026-01-24,ord_4761,Dinner Plate Set,referral,120.2,1
2026-01-24,ord_4762,Planter,instagram,53.72,0
2026-01-24,ord_4763,Butter Dish,unknown,45.86,1
2026-01-24,ord_4764,Ridge Vase,instagram,60.0,0
2026-01-24,ord_4765,Butter Dish,instagram,39.77,1
2026-01-24,ord_4766,Espresso Cup Pair,direct,52.95,1
2026-01-24,ord_4767,Sunset Mug,instagram,35.57,0
2026-01-24,ord_4768,Dinner Plate Set,direct,115.8,1
2026-01-24,ord_4769,Serving Platter,referral,92.96,1
2026-01-24,ord_4770,Speckled Bowl,referral,44.84,1
2026-01-24,ord_4771,Ridge Vase,instagram,77.42,1
2026-01-24,ord_4772,Ridge Vase,direct,63.19,0
2026-01-25,ord_4773,Espresso Cup Pair,instagram,51.74,0
2026-01-25,ord_4774,Speckled Bowl,direct,49.03,1
2026-01-25,ord_4775,Speckled Bowl,referral,45.39,0
2026-01-25,ord_4776,Planter,instagram,42.86,1
2026-01-25,ord_4777,Butter Dish,referral,37.1,1
2026-01-25,ord_4778,Speckled Bowl,instagram,40.35,1
2026-01-25,ord_4779,Serving Platter,referral,112.92,0
2026-01-25,ord_4780,Speckled Bowl,referral,51.09,0
2026-01-25,ord_4781,Serving Platter,direct,104.61,1
2026-01-25,ord_4782,Espresso Cup Pair,direct,49.16,0
2026-01-25,ord_4783,Espresso Cup Pair,instagram,44.13,0
2026-01-25,ord_4784,Speckled Bowl,referral,53.74,0
2026-01-25,ord_4785,Butter Dish,direct,41.61,0
2026-01-25,ord_4786,Espresso Cup Pair,referral,55.18,1
2026-01-25,ord_4787,Sunset Mug,instagram,33.13,0
2026-01-25,ord_4788,Espresso Cup Pair,direct,52.5,0
2026-01-25,ord_4789,Planter,unknown,64.12,1
2026-01-25,ord_4790,Ridge Vase,direct,65.55,0
2026-01-25,ord_4791,Serving Platter,referral,105.69,1
2026-01-25,ord_4792,Dinner Plate Set,referral,102.18,1
2026-01-25,ord_4793,Ridge Vase,referral,67.57,1
2026-01-25,ord_4794,Speckled Bowl,referral,45.2,0
2026-01-25,ord_4795,Planter,direct,42.28,0
2026-01-25,ord_4796,Speckled Bowl,instagram,43.43,1
2026-01-25,ord_4797,Speckled Bowl,instagram,58.65,1
2026-01-25,ord_4798,Serving Platter,unknown,88.14,0
2026-01-25,ord_4799,Serving Platter,instagram,75.2,0
2026-01-25,ord_4800,Dinner Plate Set,referral,108.74,0
2026-01-25,ord_4801,Dinner Plate Set,direct,155.48,0
2026-01-25,ord_4802,Butter Dish,unknown,37.24,0
2026-01-25,ord_4803,Sunset Mug,instagram,44.85,1
2026-01-25,ord_4804,Dinner Plate Set,direct,130.58,1
2026-01-25,ord_4805,Speckled Bowl,referral,48.23,0
2026-01-25,ord_4806,Ridge Vase,unknown,56.39,0
2026-01-25,ord_4807,Serving Platter,direct,112.77,0
2026-01-25,ord_4808,Butter Dish,instagram,35.19,1
2026-01-25,ord_4809,Dinner Plate Set,instagram,144.07,1
2026-01-25,ord_4810,Espresso Cup Pair,direct,53.35,1
2026-01-25,ord_4811,Serving Platter,direct,115.39,0
2026-01-25,ord_4812,Ridge Vase,direct,57.66,1
2026-01-25,ord_4813,Speckled Bowl,referral,50.38,0
2026-01-25,ord_4814,Espresso Cup Pair,unknown,36.34,0
2026-01-25,ord_4815,Planter,unknown,49.01,0
2026-01-25,ord_4816,Butter Dish,direct,41.49,1
2026-01-25,ord_4817,Planter,direct,51.79,1
2026-01-25,ord_4818,Planter,instagram,63.38,1
2026-01-25,ord_4819,Dinner Plate Set,direct,111.99,1
2026-01-25,ord_4820,Espresso Cup Pair,referral,38.88,0
2026-01-25,ord_4821,Speckled Bowl,instagram,42.43,1
2026-01-25,ord_4822,Speckled Bowl,instagram,44.25,0
2026-01-25,ord_4823,Ridge Vase,instagram,74.34,0
2026-01-25,ord_4824,Butter Dish,referral,42.57,0
2026-01-25,ord_4825,Espresso Cup Pair,referral,55.99,1
2026-01-25,ord_4826,Sunset Mug,direct,39.38,1
2026-01-25,ord_4827,Butter Dish,instagram,41.27,1
2026-01-25,ord_4828,Speckled Bowl,instagram,43.27,1
2026-01-25,ord_4829,Ridge Vase,unknown,75.66,1
2026-01-25,ord_4830,Speckled Bowl,unknown,50.31,0
2026-01-25,ord_4831,Speckled Bowl,direct,47.51,0
2026-01-25,ord_4832,Serving Platter,referral,76.98,0
2026-01-25,ord_4833,Butter Dish,direct,40.83,1
2026-01-25,ord_4834,Ridge Vase,referral,74.74,0
2026-01-25,ord_4835,Butter Dish,instagram,33.38,1
2026-01-25,ord_4836,Planter,instagram,59.89,1
2026-01-25,ord_4837,Sunset Mug,instagram,45.98,1
2026-01-25,ord_4838,Ridge Vase,instagram,77.98,1
2026-01-25,ord_4839,Planter,unknown,42.74,1
2026-01-25,ord_4840,Speckled Bowl,direct,49.44,0
2026-01-25,ord_4841,Serving Platter,direct,102.4,0
2026-01-25,ord_4842,Espresso Cup Pair,referral,35.77,0
2026-01-25,ord_4843,Butter Dish,referral,31.94,0
2026-01-25,ord_4844,Speckled Bowl,instagram,40.79,1
2026-01-25,ord_4845,Dinner Plate Set,instagram,155.0,1
2026-01-25,ord_4846,Butter Dish,referral,30.52,1
2026-01-25,ord_4847,Planter,direct,62.27,0
2026-01-25,ord_4848,Planter,instagram,51.68,0
2026-01-25,ord_4849,Planter,direct,53.22,0
2026-01-26,ord_4850,Serving Platter,direct,76.62,0
2026-01-26,ord_4851,Sunset Mug,instagram,36.1,0
2026-01-26,ord_4852,Ridge Vase,instagram,66.29,0
2026-01-26,ord_4853,Butter Dish,direct,45.9,0
2026-01-26,ord_4854,Espresso Cup Pair,instagram,39.5,1
2026-01-26,ord_4855,Serving Platter,direct,77.77,1
2026-01-26,ord_4856,Serving Platter,instagram,112.55,0
2026-01-26,ord_4857,Sunset Mug,instagram,33.65,0
2026-01-26,ord_4858,Dinner Plate Set,referral,113.55,0
2026-01-26,ord_4859,Speckled Bowl,direct,50.95,0
2026-01-26,ord_4860,Planter,instagram,61.49,0
2026-01-26,ord_4861,Dinner Plate Set,instagram,133.95,0
2026-01-26,ord_4862,Speckled Bowl,referral,40.14,0
2026-01-26,ord_4863,Espresso Cup Pair,direct,36.32,0
2026-01-26,ord_4864,Sunset Mug,direct,49.91,0
2026-01-26,ord_4865,Sunset Mug,direct,40.29,1
2026-01-26,ord_4866,Butter Dish,instagram,29.06,1
2026-01-26,ord_4867,Dinner Plate Set,instagram,143.9,1
2026-01-26,ord_4868,Dinner Plate Set,instagram,153.37,1
2026-01-26,ord_4869,Ridge Vase,instagram,73.69,1
2026-01-26,ord_4870,Speckled Bowl,unknown,53.33,1
2026-01-26,ord_4871,Serving Platter,unknown,86.89,1
2026-01-26,ord_4872,Ridge Vase,direct,63.03,1
2026-01-26,ord_4873,Planter,instagram,52.2,0
2026-01-26,ord_4874,Espresso Cup Pair,unknown,38.49,0
2026-01-26,ord_4875,Butter Dish,instagram,36.18,1
2026-01-26,ord_4876,Ridge Vase,instagram,78.99,0
2026-01-26,ord_4877,Sunset Mug,unknown,49.55,1
2026-01-26,ord_4878,Planter,direct,40.94,1
2026-01-26,ord_4879,Dinner Plate Set,referral,126.53,1
2026-01-26,ord_4880,Espresso Cup Pair,referral,41.95,0
2026-01-26,ord_4881,Speckled Bowl,referral,52.56,1
2026-01-26,ord_4882,Sunset Mug,direct,44.45,0
2026-01-26,ord_4883,Speckled Bowl,referral,55.45,1
2026-01-26,ord_4884,Dinner Plate Set,instagram,146.14,0
2026-01-26,ord_4885,Sunset Mug,referral,37.97,0
2026-01-26,ord_4886,Serving Platter,instagram,113.15,1
2026-01-26,ord_4887,Planter,instagram,49.59,1
2026-01-26,ord_4888,Planter,referral,52.38,0
2026-01-26,ord_4889,Ridge Vase,referral,67.48,0
2026-01-26,ord_4890,Speckled Bowl,instagram,41.87,1
2026-01-26,ord_4891,Speckled Bowl,referral,49.7,0
2026-01-26,ord_4892,Ridge Vase,instagram,53.76,0
2026-01-26,ord_4893,Sunset Mug,unknown,50.91,0
2026-01-26,ord_4894,Butter Dish,referral,45.84,0
2026-01-26,ord_4895,Planter,direct,43.08,0
2026-01-26,ord_4896,Dinner Plate Set,instagram,149.92,0
2026-01-26,ord_4897,Espresso Cup Pair,direct,41.07,0
2026-01-26,ord_4898,Dinner Plate Set,referral,152.48,0
2026-01-26,ord_4899,Serving Platter,unknown,78.98,0
2026-01-26,ord_4900,Espresso Cup Pair,instagram,36.62,1
2026-01-26,ord_4901,Sunset Mug,instagram,45.58,1
2026-01-26,ord_4902,Ridge Vase,instagram,70.24,1
2026-01-26,ord_4903,Speckled Bowl,direct,42.25,1
2026-01-26,ord_4904,Dinner Plate Set,referral,144.03,1
2026-01-27,ord_4905,Speckled Bowl,instagram,38.66,1
2026-01-27,ord_4906,Sunset Mug,referral,48.75,0
2026-01-27,ord_4907,Planter,referral,52.98,1
2026-01-27,ord_4908,Sunset Mug,instagram,39.34,1
2026-01-27,ord_4909,Dinner Plate Set,instagram,150.4,0
2026-01-27,ord_4910,Speckled Bowl,referral,43.28,1
2026-01-27,ord_4911,Espresso Cup Pair,instagram,40.01,0
2026-01-27,ord_4912,Sunset Mug,instagram,41.52,0
2026-01-27,ord_4913,Ridge Vase,instagram,75.5,1
2026-01-27,ord_4914,Dinner Plate Set,instagram,120.29,1
2026-01-27,ord_4915,Espresso Cup Pair,direct,39.14,0
2026-01-27,ord_4916,Speckled Bowl,direct,37.78,0
2026-01-27,ord_4917,Butter Dish,unknown,40.32,0
2026-01-27,ord_4918,Sunset Mug,instagram,39.79,0
2026-01-27,ord_4919,Butter Dish,unknown,33.96,1
2026-01-27,ord_4920,Sunset Mug,direct,42.25,0
2026-01-27,ord_4921,Butter Dish,direct,31.46,1
2026-01-27,ord_4922,Espresso Cup Pair,unknown,49.09,0
2026-01-27,ord_4923,Espresso Cup Pair,direct,49.05,1
2026-01-27,ord_4924,Sunset Mug,direct,38.82,1
2026-01-27,ord_4925,Ridge Vase,direct,57.37,1
2026-01-27,ord_4926,Speckled Bowl,direct,39.78,0
2026-01-27,ord_4927,Speckled Bowl,instagram,46.35,0
2026-01-27,ord_4928,Dinner Plate Set,instagram,116.78,0
2026-01-27,ord_4929,Ridge Vase,direct,78.35,0
2026-01-27,ord_4930,Planter,instagram,62.2,0
2026-01-27,ord_4931,Planter,referral,51.14,1
2026-01-27,ord_4932,Ridge Vase,direct,54.63,1
2026-01-27,ord_4933,Sunset Mug,instagram,44.86,0
2026-01-27,ord_4934,Serving Platter,unknown,89.4,0
2026-01-27,ord_4935,Ridge Vase,unknown,63.72,0
2026-01-27,ord_4936,Planter,unknown,57.21,1
2026-01-27,ord_4937,Espresso Cup Pair,instagram,52.27,0
2026-01-27,ord_4938,Ridge Vase,instagram,62.13,0
2026-01-27,ord_4939,Speckled Bowl,instagram,53.69,0
2026-01-27,ord_4940,Dinner Plate Set,direct,138.9,0
2026-01-27,ord_4941,Ridge Vase,instagram,77.63,1
2026-01-27,ord_4942,Serving Platter,referral,82.61,0
2026-01-27,ord_4943,Serving Platter,instagram,76.42,1
2026-01-27,ord_4944,Ridge Vase,instagram,70.3,0
2026-01-27,ord_4945,Espresso Cup Pair,instagram,47.8,0
2026-01-27,ord_4946,Sunset Mug,instagram,33.65,0
2026-01-27,ord_4947,Butter Dish,direct,34.41,1
2026-01-27,ord_4948,Sunset Mug,unknown,40.94,1
2026-01-27,ord_4949,Speckled Bowl,direct,51.2,0
2026-01-27,ord_4950,Ridge Vase,instagram,75.19,1
2026-01-27,ord_4951,Butter Dish,instagram,44.17,0
2026-01-27,ord_4952,Speckled Bowl,instagram,52.98,0
2026-01-27,ord_4953,Serving Platter,referral,85.53,0
2026-01-27,ord_4954,Espresso Cup Pair,unknown,44.66,1
2026-01-27,ord_4955,Butter Dish,referral,34.51,0
2026-01-27,ord_4956,Espresso Cup Pair,instagram,50.84,1
2026-01-27,ord_4957,Sunset Mug,instagram,50.88,1
2026-01-27,ord_4958,Sunset Mug,instagram,51.17,0
2026-01-27,ord_4959,Dinner Plate Set,direct,104.78,0
2026-01-27,ord_4960,Dinner Plate Set,direct,142.93,0
2026-01-27,ord_4961,Speckled Bowl,instagram,42.08,0
2026-01-27,ord_4962,Espresso Cup Pair,direct,44.9,0
2026-01-27,ord_4963,Speckled Bowl,direct,52.53,1
2026-01-27,ord_4964,Espresso Cup Pair,direct,41.52,1
2026-01-27,ord_4965,Speckled Bowl,referral,52.7,1
2026-01-27,ord_4966,Dinner Plate Set,referral,123.18,0
2026-01-27,ord_4967,Speckled Bowl,instagram,47.53,0
2026-01-28,ord_4968,Speckled Bowl,unknown,58.86,0
2026-01-28,ord_4969,Espresso Cup Pair,referral,45.22,0
2026-01-28,ord_4970,Espresso Cup Pair,instagram,40.95,0
2026-01-28,ord_4971,Speckled Bowl,instagram,55.04,1
2026-01-28,ord_4972,Butter Dish,instagram,42.12,0
2026-01-28,ord_4973,Espresso Cup Pair,direct,54.16,0
2026-01-28,ord_4974,Espresso Cup Pair,instagram,36.29,1
2026-01-28,ord_4975,Sunset Mug,instagram,36.29,0
2026-01-28,ord_4976,Dinner Plate Set,referral,159.54,0
2026-01-28,ord_4977,Serving Platter,instagram,92.33,0
2026-01-28,ord_4978,Dinner Plate Set,direct,149.38,1
2026-01-28,ord_4979,Sunset Mug,direct,44.31,0
2026-01-28,ord_4980,Dinner Plate Set,direct,139.33,1
2026-01-28,ord_4981,Speckled Bowl,instagram,59.19,0
2026-01-28,ord_4982,Serving Platter,direct,112.92,0
2026-01-28,ord_4983,Serving Platter,direct,113.28,1
2026-01-28,ord_4984,Speckled Bowl,direct,42.88,1
2026-01-28,ord_4985,Sunset Mug,direct,43.1,0
2026-01-28,ord_4986,Espresso Cup Pair,referral,46.34,0
2026-01-28,ord_4987,Planter,instagram,52.21,0
2026-01-28,ord_4988,Butter Dish,referral,31.85,0
2026-01-28,ord_4989,Speckled Bowl,direct,44.32,0
2026-01-28,ord_4990,Planter,direct,56.26,1
2026-01-28,ord_4991,Butter Dish,instagram,42.28,0
2026-01-28,ord_4992,Sunset Mug,instagram,36.84,1
2026-01-28,ord_4993,Serving Platter,instagram,90.13,0
2026-01-28,ord_4994,Dinner Plate Set,instagram,153.27,0
2026-01-28,ord_4995,Espresso Cup Pair,instagram,53.65,0
2026-01-28,ord_4996,Sunset Mug,referral,49.78,0
2026-01-28,ord_4997,Speckled Bowl,unknown,38.15,0
2026-01-28,ord_4998,Dinner Plate Set,direct,138.91,0
2026-01-28,ord_4999,Speckled Bowl,direct,40.2,1
2026-01-28,ord_5000,Speckled Bowl,direct,49.94,1
2026-01-28,ord_5001,Butter Dish,instagram,44.23,0
2026-01-28,ord_5002,Sunset Mug,direct,43.98,1
2026-01-28,ord_5003,Ridge Vase,direct,74.47,0
2026-01-28,ord_5004,Speckled Bowl,unknown,45.59,0
2026-01-28,ord_5005,Speckled Bowl,instagram,50.6,0
2026-01-28,ord_5006,Butter Dish,instagram,34.36,1
2026-01-28,ord_5007,Ridge Vase,instagram,76.48,0
2026-01-28,ord_5008,Espresso Cup Pair,unknown,49.31,1
2026-01-28,ord_5009,Espresso Cup Pair,instagram,55.19,0
2026-01-28,ord_5010,Dinner Plate Set,referral,156.83,1
2026-01-28,ord_5011,Speckled Bowl,unknown,46.65,1
2026-01-28,ord_5012,Espresso Cup Pair,instagram,45.63,0
2026-01-28,ord_5013,Espresso Cup Pair,instagram,47.06,1
2026-01-28,ord_5014,Speckled Bowl,direct,39.26,0
2026-01-28,ord_5015,Serving Platter,direct,104.71,1
2026-01-28,ord_5016,Ridge Vase,direct,80.9,1
2026-01-28,ord_5017,Dinner Plate Set,direct,136.75,1
2026-01-28,ord_5018,Serving Platter,instagram,109.92,1
2026-01-28,ord_5019,Sunset Mug,instagram,36.57,0
2026-01-28,ord_5020,Ridge Vase,referral,77.53,1
2026-01-28,ord_5021,Butter Dish,unknown,36.87,1
2026-01-28,ord_5022,Planter,direct,44.53,0
2026-01-28,ord_5023,Ridge Vase,direct,78.42,0
2026-01-28,ord_5024,Planter,referral,64.73,0
2026-01-28,ord_5025,Planter,referral,61.96,0
2026-01-28,ord_5026,Planter,instagram,57.43,0
2026-01-28,ord_5027,Butter Dish,instagram,39.95,0
2026-01-28,ord_5028,Planter,instagram,60.89,0
2026-01-28,ord_5029,Serving Platter,instagram,110.08,0
2026-01-28,ord_5030,Serving Platter,unknown,80.58,0
2026-01-28,ord_5031,Ridge Vase,referral,80.25,1
2026-01-28,ord_5032,Serving Platter,direct,117.52,0
2026-01-29,ord_5033,Sunset Mug,instagram,43.74,1
2026-01-29,ord_5034,Espresso Cup Pair,direct,47.78,0
2026-01-29,ord_5035,Serving Platter,direct,76.78,1
2026-01-29,ord_5036,Planter,referral,50.61,0
2026-01-29,ord_5037,Espresso Cup Pair,unknown,49.94,0
2026-01-29,ord_5038,Serving Platter,direct,116.64,1
2026-01-29,ord_5039,Dinner Plate Set,unknown,130.61,1
2026-01-29,ord_5040,Butter Dish,unknown,39.62,0
2026-01-29,ord_5041,Planter,direct,61.61,1
2026-01-29,ord_5042,Sunset Mug,direct,41.4,0
2026-01-29,ord_5043,Ridge Vase,direct,62.58,0
2026-01-29,ord_5044,Sunset Mug,instagram,35.85,0
2026-01-29,ord_5045,Speckled Bowl,instagram,42.29,1
2026-01-29,ord_5046,Ridge Vase,instagram,58.74,0
2026-01-29,ord_5047,Serving Platter,instagram,99.29,0
2026-01-29,ord_5048,Sunset Mug,instagram,36.96,0
2026-01-29,ord_5049,Speckled Bowl,referral,58.85,1
2026-01-29,ord_5050,Dinner Plate Set,referral,153.65,1
2026-01-29,ord_5051,Butter Dish,direct,37.82,0
2026-01-29,ord_5052,Sunset Mug,instagram,41.02,0
2026-01-29,ord_5053,Butter Dish,referral,42.53,0
2026-01-29,ord_5054,Planter,direct,62.31,0
2026-01-29,ord_5055,Speckled Bowl,instagram,49.75,0
2026-01-29,ord_5056,Espresso Cup Pair,instagram,41.23,0
2026-01-29,ord_5057,Speckled Bowl,referral,57.57,1
2026-01-29,ord_5058,Sunset Mug,instagram,37.86,0
2026-01-29,ord_5059,Espresso Cup Pair,referral,50.7,0
2026-01-29,ord_5060,Ridge Vase,referral,70.64,1
2026-01-29,ord_5061,Butter Dish,direct,36.5,1
2026-01-29,ord_5062,Sunset Mug,direct,45.29,0
2026-01-29,ord_5063,Speckled Bowl,direct,57.75,0
2026-01-29,ord_5064,Sunset Mug,instagram,43.29,1
2026-01-29,ord_5065,Speckled Bowl,referral,50.04,1
2026-01-29,ord_5066,Butter Dish,instagram,38.85,0
2026-01-29,ord_5067,Sunset Mug,direct,36.93,0
2026-01-29,ord_5068,Espresso Cup Pair,instagram,36.91,0
2026-01-29,ord_5069,Butter Dish,referral,34.22,1
2026-01-29,ord_5070,Butter Dish,instagram,29.59,0
2026-01-29,ord_5071,Butter Dish,instagram,31.39,1
2026-01-29,ord_5072,Espresso Cup Pair,instagram,53.1,0
2026-01-29,ord_5073,Speckled Bowl,instagram,56.98,1
2026-01-29,ord_5074,Butter Dish,instagram,37.93,0
2026-01-29,ord_5075,Speckled Bowl,instagram,43.75,0
2026-01-29,ord_5076,Butter Dish,instagram,36.44,1
2026-01-29,ord_5077,Espresso Cup Pair,instagram,44.95,0
2026-01-29,ord_5078,Speckled Bowl,instagram,40.07,1
2026-01-29,ord_5079,Serving Platter,referral,107.74,0
2026-01-29,ord_5080,Butter Dish,direct,36.97,0
2026-01-29,ord_5081,Speckled Bowl,instagram,44.11,0
2026-01-29,ord_5082,Butter Dish,instagram,42.62,1
2026-01-29,ord_5083,Butter Dish,instagram,36.33,0
2026-01-29,ord_5084,Speckled Bowl,unknown,56.15,0
2026-01-29,ord_5085,Sunset Mug,instagram,44.89,0
2026-01-29,ord_5086,Speckled Bowl,direct,38.26,0
2026-01-29,ord_5087,Espresso Cup Pair,instagram,38.68,0
2026-01-29,ord_5088,Butter Dish,unknown,33.72,0
2026-01-29,ord_5089,Planter,referral,58.16,0
2026-01-29,ord_5090,Butter Dish,direct,29.37,1
2026-01-29,ord_5091,Speckled Bowl,instagram,57.87,0
2026-01-29,ord_5092,Planter,instagram,63.18,1
2026-01-29,ord_5093,Speckled Bowl,instagram,40.43,0
2026-01-29,ord_5094,Butter Dish,instagram,34.47,1
2026-01-29,ord_5095,Sunset Mug,referral,46.86,1
2026-01-29,ord_5096,Sunset Mug,unknown,38.72,1
2026-01-29,ord_5097,Planter,unknown,41.59,1
2026-01-29,ord_5098,Serving Platter,referral,98.05,1
2026-01-29,ord_5099,Planter,direct,50.12,0
2026-01-29,ord_5100,Sunset Mug,direct,37.59,0
2026-01-29,ord_5101,Sunset Mug,instagram,36.15,1
2026-01-29,ord_5102,Sunset Mug,direct,41.19,0
2026-01-29,ord_5103,Butter Dish,instagram,35.94,0
2026-01-29,ord_5104,Speckled Bowl,referral,53.91,1
2026-01-29,ord_5105,Sunset Mug,direct,42.57,0
2026-01-29,ord_5106,Speckled Bowl,instagram,41.56,0
2026-01-29,ord_5107,Speckled Bowl,direct,41.54,0
2026-01-29,ord_5108,Ridge Vase,referral,53.21,0
2026-01-29,ord_5109,Sunset Mug,direct,47.08,1
2026-01-29,ord_5110,Butter Dish,instagram,40.61,0
2026-01-29,ord_5111,Espresso Cup Pair,unknown,51.01,0
2026-01-29,ord_5112,Speckled Bowl,instagram,55.18,0
2026-01-29,ord_5113,Butter Dish,instagram,30.15,0
2026-01-29,ord_5114,Butter Dish,instagram,41.73,1
2026-01-29,ord_5115,Sunset Mug,direct,36.68,1
2026-01-29,ord_5116,Planter,instagram,46.88,0
2026-01-29,ord_5117,Speckled Bowl,direct,45.46,0
2026-01-29,ord_5118,Butter Dish,referral,37.73,0
2026-01-29,ord_5119,Ridge Vase,direct,75.19,0
2026-01-29,ord_5120,Espresso Cup Pair,unknown,52.24,0
2026-01-29,ord_5121,Espresso Cup Pair,referral,48.24,0
2026-01-29,ord_5122,Dinner Plate Set,direct,136.82,0
2026-01-30,ord_5123,Sunset Mug,unknown,49.78,0
2026-01-30,ord_5124,Espresso Cup Pair,instagram,47.03,0
2026-01-30,ord_5125,Serving Platter,direct,96.75,0
2026-01-30,ord_5126,Ridge Vase,referral,53.96,0
2026-01-30,ord_5127,Ridge Vase,instagram,69.72,0
2026-01-30,ord_5128,Butter Dish,instagram,41.94,1
2026-01-30,ord_5129,Speckled Bowl,instagram,56.56,0
2026-01-30,ord_5130,Planter,direct,44.72,0
2026-01-30,ord_5131,Speckled Bowl,instagram,57.49,0
2026-01-30,ord_5132,Butter Dish,instagram,37.58,1
2026-01-30,ord_5133,Espresso Cup Pair,instagram,49.83,0
2026-01-30,ord_5134,Speckled Bowl,referral,56.12,0
2026-01-30,ord_5135,Espresso Cup Pair,instagram,46.46,0
2026-01-30,ord_5136,Speckled Bowl,unknown,57.85,1
2026-01-30,ord_5137,Butter Dish,instagram,29.25,1
2026-01-30,ord_5138,Speckled Bowl,referral,58.45,0
2026-01-30,ord_5139,Ridge Vase,instagram,80.37,1
2026-01-30,ord_5140,Speckled Bowl,direct,47.56,0
2026-01-30,ord_5141,Espresso Cup Pair,referral,45.19,1
2026-01-30,ord_5142,Speckled Bowl,instagram,46.08,1
2026-01-30,ord_5143,Ridge Vase,direct,65.58,1
2026-01-30,ord_5144,Espresso Cup Pair,direct,47.01,0
2026-01-30,ord_5145,Speckled Bowl,referral,53.98,0
2026-01-30,ord_5146,Espresso Cup Pair,instagram,39.87,0
2026-01-30,ord_5147,Dinner Plate Set,direct,123.71,0
2026-01-30,ord_5148,Speckled Bowl,direct,59.21,0
2026-01-30,ord_5149,Butter Dish,instagram,37.82,0
2026-01-30,ord_5150,Sunset Mug,direct,50.91,1
2026-01-30,ord_5151,Espresso Cup Pair,direct,41.8,0
2026-01-30,ord_5152,Serving Platter,instagram,95.45,1
2026-01-30,ord_5153,Sunset Mug,referral,38.39,0
2026-01-30,ord_5154,Serving Platter,referral,91.6,0
2026-01-30,ord_5155,Sunset Mug,direct,38.25,1
2026-01-30,ord_5156,Serving Platter,instagram,107.93,0
2026-01-30,ord_5157,Butter Dish,instagram,33.87,1
2026-01-30,ord_5158,Speckled Bowl,instagram,56.74,0
2026-01-30,ord_5159,Butter Dish,unknown,41.65,0
2026-01-30,ord_5160,Ridge Vase,direct,59.68,1
2026-01-30,ord_5161,Dinner Plate Set,instagram,121.24,0
2026-01-30,ord_5162,Serving Platter,instagram,117.09,0
2026-01-30,ord_5163,Espresso Cup Pair,instagram,56.18,0
2026-01-30,ord_5164,Sunset Mug,instagram,46.55,0
2026-01-30,ord_5165,Dinner Plate Set,referral,141.56,0
2026-01-30,ord_5166,Ridge Vase,referral,62.36,0
2026-01-30,ord_5167,Dinner Plate Set,direct,154.21,1
2026-01-30,ord_5168,Espresso Cup Pair,referral,51.01,0
2026-01-30,ord_5169,Sunset Mug,instagram,37.11,0
2026-01-30,ord_5170,Sunset Mug,direct,35.93,1
2026-01-30,ord_5171,Espresso Cup Pair,instagram,53.91,0
2026-01-30,ord_5172,Speckled Bowl,referral,42.9,0
2026-01-30,ord_5173,Sunset Mug,direct,51.09,0
2026-01-30,ord_5174,Sunset Mug,unknown,32.66,1
2026-01-30,ord_5175,Dinner Plate Set,direct,120.94,0
2026-01-30,ord_5176,Butter Dish,instagram,40.03,0
2026-01-30,ord_5177,Dinner Plate Set,unknown,106.15,1
2026-01-30,ord_5178,Sunset Mug,unknown,35.91,0
2026-01-30,ord_5179,Serving Platter,direct,89.81,0
2026-01-30,ord_5180,Speckled Bowl,direct,43.84,0
2026-01-30,ord_5181,Ridge Vase,direct,66.81,0
2026-01-30,ord_5182,Ridge Vase,referral,62.57,0
2026-01-30,ord_5183,Sunset Mug,instagram,44.84,0
2026-01-30,ord_5184,Speckled Bowl,unknown,42.2,0
2026-01-30,ord_5185,Planter,direct,50.39,0
2026-01-30,ord_5186,Speckled Bowl,unknown,56.0,0
2026-01-30,ord_5187,Dinner Plate Set,direct,110.81,1
2026-01-30,ord_5188,Dinner Plate Set,instagram,128.14,0
2026-01-30,ord_5189,Speckled Bowl,referral,49.5,0
2026-01-30,ord_5190,Sunset Mug,instagram,41.58,0
2026-01-30,ord_5191,Ridge Vase,instagram,77.63,0
2026-01-30,ord_5192,Serving Platter,instagram,114.57,0
2026-01-31,ord_5193,Ridge Vase,direct,77.91,0
2026-01-31,ord_5194,Butter Dish,instagram,29.71,1
2026-01-31,ord_5195,Espresso Cup Pair,direct,41.34,0
2026-01-31,ord_5196,Butter Dish,direct,35.09,0
2026-01-31,ord_5197,Planter,direct,62.91,1
2026-01-31,ord_5198,Espresso Cup Pair,instagram,41.13,1
2026-01-31,ord_5199,Espresso Cup Pair,instagram,47.24,1
2026-01-31,ord_5200,Sunset Mug,unknown,42.23,0
2026-01-31,ord_5201,Speckled Bowl,direct,50.71,1
2026-01-31,ord_5202,Butter Dish,referral,30.02,1
2026-01-31,ord_5203,Serving Platter,instagram,114.2,1
2026-01-31,ord_5204,Espresso Cup Pair,instagram,53.95,0
2026-01-31,ord_5205,Dinner Plate Set,instagram,109.92,0
2026-01-31,ord_5206,Sunset Mug,direct,35.89,0
2026-01-31,ord_5207,Sunset Mug,instagram,35.52,0
2026-01-31,ord_5208,Serving Platter,instagram,89.13,0
2026-01-31,ord_5209,Espresso Cup Pair,direct,37.79,0
2026-01-31,ord_5210,Serving Platter,referral,111.56,0
2026-01-31,ord_5211,Ridge Vase,instagram,70.8,0
2026-01-31,ord_5212,Butter Dish,instagram,34.58,0
2026-01-31,ord_5213,Sunset Mug,instagram,38.23,0
2026-01-31,ord_5214,Dinner Plate Set,direct,138.07,0
2026-01-31,ord_5215,Planter,instagram,45.29,0
2026-01-31,ord_5216,Espresso Cup Pair,instagram,42.69,0
2026-01-31,ord_5217,Dinner Plate Set,instagram,152.17,1
2026-01-31,ord_5218,Speckled Bowl,direct,51.33,0
2026-01-31,ord_5219,Butter Dish,referral,38.3,0
2026-01-31,ord_5220,Ridge Vase,unknown,63.44,0
2026-01-31,ord_5221,Butter Dish,direct,32.88,1
2026-01-31,ord_5222,Ridge Vase,referral,58.42,1
2026-01-31,ord_5223,Butter Dish,direct,30.38,0
2026-01-31,ord_5224,Speckled Bowl,unknown,55.77,1
2026-01-31,ord_5225,Serving Platter,direct,105.45,0
2026-01-31,ord_5226,Ridge Vase,unknown,77.61,1
2026-01-31,ord_5227,Ridge Vase,instagram,78.89,0
2026-01-31,ord_5228,Dinner Plate Set,unknown,102.58,0
2026-01-31,ord_5229,Speckled Bowl,instagram,49.29,0
2026-01-31,ord_5230,Butter Dish,unknown,34.62,0
2026-01-31,ord_5231,Dinner Plate Set,referral,115.32,0
2026-01-31,ord_5232,Planter,instagram,51.14,0
2026-01-31,ord_5233,Sunset Mug,unknown,41.82,0
2026-01-31,ord_5234,Planter,direct,52.19,1
2026-01-31,ord_5235,Sunset Mug,direct,34.18,0
2026-01-31,ord_5236,Ridge Vase,referral,68.74,1
2026-01-31,ord_5237,Ridge Vase,unknown,63.38,1
2026-01-31,ord_5238,Sunset Mug,instagram,40.78,1
2026-01-31,ord_5239,Ridge Vase,unknown,58.18,1
2026-01-31,ord_5240,Sunset Mug,instagram,43.25,0
2026-01-31,ord_5241,Espresso Cup Pair,unknown,38.4,0
2026-01-31,ord_5242,Sunset Mug,instagram,41.19,0
2026-01-31,ord_5243,Dinner Plate Set,instagram,125.48,1
2026-01-31,ord_5244,Sunset Mug,direct,50.68,0
2026-01-31,ord_5245,Sunset Mug,direct,47.56,1
2026-01-31,ord_5246,Speckled Bowl,instagram,39.09,0
2026-01-31,ord_5247,Serving Platter,unknown,103.91,0
2026-01-31,ord_5248,Ridge Vase,direct,61.96,0
2026-01-31,ord_5249,Sunset Mug,instagram,33.07,1
2026-01-31,ord_5250,Planter,instagram,54.29,1
2026-01-31,ord_5251,Sunset Mug,instagram,39.97,1
2026-01-31,ord_5252,Butter Dish,direct,38.81,1
2026-01-31,ord_5253,Espresso Cup Pair,instagram,44.87,1
2026-01-31,ord_5254,Ridge Vase,instagram,80.87,1
2026-01-31,ord_5255,Speckled Bowl,direct,51.14,1
2026-01-31,ord_5256,Butter Dish,unknown,33.72,1
2026-01-31,ord_5257,Sunset Mug,direct,37.43,1
2026-01-31,ord_5258,Ridge Vase,instagram,72.77,0
2026-01-31,ord_5259,Planter,instagram,43.35,1
2026-01-31,ord_5260,Butter Dish,instagram,42.01,1
2026-01-31,ord_5261,Speckled Bowl,direct,41.91,1
2026-01-31,ord_5262,Ridge Vase,referral,58.49,0
2026-01-31,ord_5263,Speckled Bowl,instagram,42.55,0
2026-01-31,ord_5264,Dinner Plate Set,instagram,158.68,1
2026-01-31,ord_5265,Ridge Vase,referral,81.2,1
2026-02-01,ord_5266,Butter Dish,instagram,44.54,0
2026-02-01,ord_5267,Sunset Mug,instagram,46.52,0
2026-02-01,ord_5268,Butter Dish,referral,29.42,0
2026-02-01,ord_5269,Sunset Mug,direct,42.9,0
2026-02-01,ord_5270,Butter Dish,direct,32.32,1
2026-02-01,ord_5271,Sunset Mug,instagram,45.53,0
2026-02-01,ord_5272,Sunset Mug,unknown,43.36,0
2026-02-01,ord_5273,Ridge Vase,instagram,63.37,0
2026-02-01,ord_5274,Sunset Mug,instagram,33.63,1
2026-02-01,ord_5275,Sunset Mug,instagram,38.2,1
2026-02-01,ord_5276,Planter,unknown,49.92,0
2026-02-01,ord_5277,Sunset Mug,instagram,42.92,0
2026-02-01,ord_5278,Butter Dish,direct,33.55,0
2026-02-01,ord_5279,Planter,unknown,58.24,1
2026-02-01,ord_5280,Ridge Vase,instagram,78.09,1
2026-02-01,ord_5281,Dinner Plate Set,referral,141.33,1
2026-02-01,ord_5282,Planter,instagram,59.26,0
2026-02-01,ord_5283,Dinner Plate Set,referral,116.05,1
2026-02-01,ord_5284,Speckled Bowl,referral,38.74,0
2026-02-01,ord_5285,Ridge Vase,referral,57.89,1
2026-02-01,ord_5286,Sunset Mug,instagram,48.55,1
2026-02-01,ord_5287,Ridge Vase,instagram,75.24,1
2026-02-01,ord_5288,Sunset Mug,referral,41.4,1
2026-02-01,ord_5289,Serving Platter,direct,91.43,1
2026-02-01,ord_5290,Planter,instagram,41.71,1
2026-02-01,ord_5291,Butter Dish,referral,43.56,1
2026-02-01,ord_5292,Butter Dish,instagram,44.74,0
2026-02-01,ord_5293,Speckled Bowl,direct,48.7,0
2026-02-01,ord_5294,Butter Dish,instagram,33.45,0
2026-02-01,ord_5295,Speckled Bowl,referral,47.04,0
2026-02-01,ord_5296,Butter Dish,referral,35.38,0
2026-02-01,ord_5297,Sunset Mug,instagram,43.87,0
2026-02-01,ord_5298,Espresso Cup Pair,instagram,52.83,0
2026-02-01,ord_5299,Sunset Mug,referral,35.04,0
2026-02-01,ord_5300,Dinner Plate Set,instagram,113.56,0
2026-02-01,ord_5301,Speckled Bowl,direct,58.98,0
2026-02-01,ord_5302,Speckled Bowl,direct,42.74,0
2026-02-01,ord_5303,Ridge Vase,instagram,70.07,0
2026-02-01,ord_5304,Ridge Vase,unknown,74.64,1
2026-02-01,ord_5305,Speckled Bowl,instagram,46.57,0
2026-02-01,ord_5306,Sunset Mug,direct,47.73,1
2026-02-01,ord_5307,Sunset Mug,referral,50.75,0
2026-02-01,ord_5308,Speckled Bowl,referral,53.2,0
2026-02-01,ord_5309,Sunset Mug,instagram,34.15,0
2026-02-01,ord_5310,Espresso Cup Pair,unknown,49.7,0
2026-02-01,ord_5311,Sunset Mug,direct,37.74,1
2026-02-01,ord_5312,Speckled Bowl,referral,47.65,1
2026-02-01,ord_5313,Planter,direct,51.16,0
2026-02-01,ord_5314,Dinner Plate Set,unknown,103.16,1
2026-02-01,ord_5315,Planter,instagram,43.23,1
2026-02-01,ord_5316,Speckled Bowl,instagram,52.76,1
2026-02-01,ord_5317,Ridge Vase,instagram,80.18,0
2026-02-01,ord_5318,Speckled Bowl,direct,52.0,0
2026-02-01,ord_5319,Planter,direct,43.35,1
2026-02-01,ord_5320,Serving Platter,instagram,109.56,1
2026-02-01,ord_5321,Espresso Cup Pair,instagram,38.39,1
2026-02-01,ord_5322,Ridge Vase,referral,72.11,1
2026-02-01,ord_5323,Planter,instagram,46.52,0
2026-02-01,ord_5324,Sunset Mug,instagram,47.83,1
2026-02-01,ord_5325,Espresso Cup Pair,instagram,43.3,0
2026-02-01,ord_5326,Speckled Bowl,instagram,46.74,1
2026-02-01,ord_5327,Espresso Cup Pair,referral,56.4,1
2026-02-01,ord_5328,Butter Dish,instagram,30.8,0
2026-02-01,ord_5329,Serving Platter,direct,104.56,0
2026-02-01,ord_5330,Dinner Plate Set,instagram,136.29,0
2026-02-01,ord_5331,Espresso Cup Pair,instagram,41.13,0
2026-02-01,ord_5332,Dinner Plate Set,direct,153.87,0
2026-02-01,ord_5333,Sunset Mug,direct,43.23,0
2026-02-01,ord_5334,Planter,instagram,43.52,1
2026-02-01,ord_5335,Serving Platter,instagram,111.71,0
2026-02-01,ord_5336,Speckled Bowl,direct,49.64,0
2026-02-01,ord_5337,Speckled Bowl,unknown,41.62,0
2026-02-01,ord_5338,Serving Platter,direct,104.5,1
2026-02-01,ord_5339,Butter Dish,instagram,42.5,0
2026-02-01,ord_5340,Butter Dish,direct,43.65,1
2026-02-01,ord_5341,Speckled Bowl,instagram,53.32,0
2026-02-01,ord_5342,Sunset Mug,unknown,46.45,0
2026-02-01,ord_5343,Dinner Plate Set,direct,156.58,0
2026-02-02,ord_5344,Serving Platter,referral,115.92,0
2026-02-02,ord_5345,Planter,direct,47.1,0
2026-02-02,ord_5346,Dinner Plate Set,referral,111.73,0
2026-02-02,ord_5347,Sunset Mug,instagram,40.0,1
2026-02-02,ord_5348,Speckled Bowl,direct,59.0,0
2026-02-02,ord_5349,Sunset Mug,instagram,37.04,0
2026-02-02,ord_5350,Sunset Mug,direct,39.02,0
2026-02-02,ord_5351,Sunset Mug,direct,37.01,1
2026-02-02,ord_5352,Speckled Bowl,direct,54.28,1
2026-02-02,ord_5353,Sunset Mug,instagram,43.93,0
2026-02-02,ord_5354,Espresso Cup Pair,instagram,42.28,0
2026-02-02,ord_5355,Ridge Vase,direct,54.71,1
2026-02-02,ord_5356,Sunset Mug,direct,45.0,0
2026-02-02,ord_5357,Serving Platter,direct,92.73,0
2026-02-02,ord_5358,Sunset Mug,direct,38.93,0
2026-02-02,ord_5359,Ridge Vase,instagram,78.56,1
2026-02-02,ord_5360,Sunset Mug,instagram,42.85,1
2026-02-02,ord_5361,Speckled Bowl,direct,49.76,1
2026-02-02,ord_5362,Speckled Bowl,direct,50.92,1
2026-02-02,ord_5363,Speckled Bowl,unknown,53.0,0
2026-02-02,ord_5364,Dinner Plate Set,instagram,144.97,0
2026-02-02,ord_5365,Planter,direct,42.09,0
2026-02-02,ord_5366,Espresso Cup Pair,direct,46.39,0
2026-02-02,ord_5367,Sunset Mug,instagram,41.93,0
2026-02-02,ord_5368,Espresso Cup Pair,instagram,38.18,0
2026-02-02,ord_5369,Butter Dish,direct,37.46,1
2026-02-02,ord_5370,Dinner Plate Set,unknown,125.48,1
2026-02-02,ord_5371,Butter Dish,referral,41.94,0
2026-02-02,ord_5372,Dinner Plate Set,instagram,105.58,1
2026-02-02,ord_5373,Sunset Mug,direct,40.97,0
2026-02-02,ord_5374,Sunset Mug,referral,36.07,0
2026-02-02,ord_5375,Ridge Vase,instagram,59.27,1
2026-02-02,ord_5376,Butter Dish,direct,32.11,0
2026-02-02,ord_5377,Dinner Plate Set,instagram,159.69,0
2026-02-02,ord_5378,Dinner Plate Set,direct,135.09,0
2026-02-02,ord_5379,Speckled Bowl,referral,47.79,0
2026-02-02,ord_5380,Dinner Plate Set,instagram,143.61,1
2026-02-02,ord_5381,Serving Platter,direct,106.82,1
2026-02-02,ord_5382,Sunset Mug,referral,45.14,0
2026-02-02,ord_5383,Butter Dish,instagram,42.42,1
2026-02-02,ord_5384,Espresso Cup Pair,instagram,52.25,0
2026-02-02,ord_5385,Espresso Cup Pair,direct,54.41,0
2026-02-02,ord_5386,Planter,unknown,51.29,0
2026-02-02,ord_5387,Speckled Bowl,direct,54.61,0
2026-02-02,ord_5388,Butter Dish,direct,32.3,0
2026-02-02,ord_5389,Serving Platter,instagram,100.49,1
2026-02-02,ord_5390,Serving Platter,instagram,96.23,0
2026-02-02,ord_5391,Sunset Mug,instagram,35.65,0
2026-02-02,ord_5392,Sunset Mug,instagram,48.63,1
2026-02-02,ord_5393,Planter,referral,49.12,1
2026-02-02,ord_5394,Ridge Vase,instagram,58.15,1
2026-02-02,ord_5395,Dinner Plate Set,unknown,106.04,0
2026-02-02,ord_5396,Ridge Vase,instagram,62.88,0
2026-02-02,ord_5397,Dinner Plate Set,unknown,107.05,0
2026-02-02,ord_5398,Ridge Vase,instagram,75.52,0
2026-02-02,ord_5399,Sunset Mug,instagram,39.36,1
2026-02-02,ord_5400,Butter Dish,direct,39.8,0
2026-02-02,ord_5401,Sunset Mug,unknown,32.91,0
2026-02-03,ord_5402,Ridge Vase,instagram,60.29,0
2026-02-03,ord_5403,Sunset Mug,instagram,45.83,0
2026-02-03,ord_5404,Planter,instagram,48.48,1
2026-02-03,ord_5405,Espresso Cup Pair,direct,43.47,0
2026-02-03,ord_5406,Ridge Vase,referral,55.29,0
2026-02-03,ord_5407,Dinner Plate Set,referral,137.82,0
2026-02-03,ord_5408,Sunset Mug,unknown,42.43,0
2026-02-03,ord_5409,Ridge Vase,direct,66.02,1
2026-02-03,ord_5410,Planter,instagram,52.09,1
2026-02-03,ord_5411,Butter Dish,referral,43.51,0
2026-02-03,ord_5412,Espresso Cup Pair,referral,46.47,1
2026-02-03,ord_5413,Butter Dish,instagram,44.13,0
2026-02-03,ord_5414,Speckled Bowl,direct,53.86,0
2026-02-03,ord_5415,Sunset Mug,direct,49.05,1
2026-02-03,ord_5416,Sunset Mug,direct,40.94,0
2026-02-03,ord_5417,Butter Dish,referral,33.61,0
2026-02-03,ord_5418,Serving Platter,direct,104.79,1
2026-02-03,ord_5419,Planter,instagram,54.99,1
2026-02-03,ord_5420,Ridge Vase,instagram,54.33,0
2026-02-03,ord_5421,Speckled Bowl,instagram,44.65,0
2026-02-03,ord_5422,Dinner Plate Set,unknown,139.94,1
2026-02-03,ord_5423,Speckled Bowl,direct,58.7,0
2026-02-03,ord_5424,Ridge Vase,direct,60.26,0
2026-02-03,ord_5425,Espresso Cup Pair,direct,40.86,0
2026-02-03,ord_5426,Ridge Vase,direct,65.09,1
2026-02-03,ord_5427,Speckled Bowl,direct,56.87,1
2026-02-03,ord_5428,Espresso Cup Pair,direct,48.5,0
2026-02-03,ord_5429,Dinner Plate Set,instagram,153.1,0
2026-02-03,ord_5430,Butter Dish,referral,44.77,1
2026-02-03,ord_5431,Sunset Mug,instagram,50.57,0
2026-02-03,ord_5432,Planter,instagram,51.37,0
2026-02-03,ord_5433,Speckled Bowl,instagram,53.21,1
2026-02-03,ord_5434,Serving Platter,referral,81.44,1
2026-02-03,ord_5435,Speckled Bowl,direct,53.46,1
2026-02-03,ord_5436,Ridge Vase,instagram,78.44,0
2026-02-03,ord_5437,Planter,instagram,48.77,1
2026-02-03,ord_5438,Serving Platter,unknown,118.59,0
2026-02-03,ord_5439,Ridge Vase,direct,58.41,0
2026-02-03,ord_5440,Sunset Mug,instagram,44.9,0
2026-02-03,ord_5441,Espresso Cup Pair,instagram,48.84,1
2026-02-03,ord_5442,Speckled Bowl,direct,41.11,0
2026-02-03,ord_5443,Speckled Bowl,direct,56.95,0
2026-02-03,ord_5444,Ridge Vase,instagram,69.97,1
2026-02-03,ord_5445,Planter,instagram,59.02,1
2026-02-03,ord_5446,Butter Dish,instagram,31.37,0
2026-02-03,ord_5447,Sunset Mug,referral,38.82,0
2026-02-03,ord_5448,Speckled Bowl,direct,41.03,0
2026-02-03,ord_5449,Planter,referral,46.03,0
2026-02-03,ord_5450,Dinner Plate Set,referral,148.9,0
2026-02-03,ord_5451,Espresso Cup Pair,instagram,43.34,0
2026-02-03,ord_5452,Serving Platter,referral,74.97,0
2026-02-03,ord_5453,Serving Platter,instagram,76.33,0
2026-02-03,ord_5454,Ridge Vase,instagram,79.85,0
2026-02-03,ord_5455,Serving Platter,instagram,80.3,0
2026-02-03,ord_5456,Planter,referral,45.45,0
2026-02-03,ord_5457,Sunset Mug,unknown,41.55,1
2026-02-03,ord_5458,Dinner Plate Set,direct,103.6,1
2026-02-03,ord_5459,Espresso Cup Pair,unknown,45.99,0
2026-02-03,ord_5460,Butter Dish,instagram,35.23,0
2026-02-03,ord_5461,Espresso Cup Pair,instagram,43.66,1
2026-02-03,ord_5462,Planter,instagram,42.72,1
2026-02-03,ord_5463,Sunset Mug,referral,34.94,0
2026-02-03,ord_5464,Sunset Mug,instagram,47.93,0
2026-02-03,ord_5465,Planter,instagram,63.27,0
2026-02-03,ord_5466,Speckled Bowl,instagram,53.95,1
2026-02-03,ord_5467,Butter Dish,referral,32.2,1
2026-02-03,ord_5468,Ridge Vase,unknown,76.07,0
2026-02-03,ord_5469,Planter,referral,56.3,0
2026-02-03,ord_5470,Planter,direct,63.18,1
2026-02-03,ord_5471,Butter Dish,instagram,36.49,0
2026-02-03,ord_5472,Speckled Bowl,instagram,37.56,0
2026-02-03,ord_5473,Serving Platter,direct,87.59,0
2026-02-03,ord_5474,Sunset Mug,instagram,48.71,0
2026-02-03,ord_5475,Serving Platter,instagram,91.61,0
2026-02-04,ord_5476,Planter,direct,41.55,0
2026-02-04,ord_5477,Planter,direct,57.64,0
2026-02-04,ord_5478,Dinner Plate Set,referral,160.97,0
2026-02-04,ord_5479,Sunset Mug,direct,40.62,0
2026-02-04,ord_5480,Butter Dish,instagram,37.19,1
2026-02-04,ord_5481,Speckled Bowl,unknown,48.01,0
2026-02-04,ord_5482,Speckled Bowl,unknown,56.95,1
2026-02-04,ord_5483,Butter Dish,direct,28.96,0
2026-02-04,ord_5484,Serving Platter,instagram,109.68,0
2026-02-04,ord_5485,Speckled Bowl,direct,54.18,0
2026-02-04,ord_5486,Serving Platter,direct,100.87,0
2026-02-04,ord_5487,Dinner Plate Set,instagram,161.11,0
2026-02-04,ord_5488,Sunset Mug,direct,34.17,0
2026-02-04,ord_5489,Ridge Vase,direct,78.5,0
2026-02-04,ord_5490,Sunset Mug,referral,35.98,0
2026-02-04,ord_5491,Dinner Plate Set,unknown,142.61,0
2026-02-04,ord_5492,Sunset Mug,direct,47.62,0
2026-02-04,ord_5493,Serving Platter,direct,97.81,1
2026-02-04,ord_5494,Butter Dish,direct,33.6,0
2026-02-04,ord_5495,Ridge Vase,referral,70.25,0
2026-02-04,ord_5496,Dinner Plate Set,instagram,149.98,0
2026-02-04,ord_5497,Speckled Bowl,direct,50.62,1
2026-02-04,ord_5498,Speckled Bowl,instagram,59.38,1
2026-02-04,ord_5499,Sunset Mug,direct,44.96,1
2026-02-04,ord_5500,Dinner Plate Set,direct,135.06,0
2026-02-04,ord_5501,Planter,instagram,45.97,0
2026-02-04,ord_5502,Dinner Plate Set,direct,115.57,0
2026-02-04,ord_5503,Ridge Vase,direct,69.66,0
2026-02-04,ord_5504,Butter Dish,direct,31.67,0
2026-02-04,ord_5505,Speckled Bowl,direct,58.31,1
2026-02-04,ord_5506,Ridge Vase,referral,55.01,1
2026-02-04,ord_5507,Sunset Mug,direct,45.78,0
2026-02-04,ord_5508,Ridge Vase,instagram,71.36,1
2026-02-04,ord_5509,Planter,referral,51.9,0
2026-02-04,ord_5510,Espresso Cup Pair,instagram,42.11,1
2026-02-04,ord_5511,Butter Dish,instagram,38.42,0
2026-02-04,ord_5512,Sunset Mug,direct,47.19,0
2026-02-04,ord_5513,Sunset Mug,direct,35.81,0
2026-02-04,ord_5514,Butter Dish,instagram,43.53,0
2026-02-04,ord_5515,Espresso Cup Pair,instagram,40.06,1
2026-02-04,ord_5516,Espresso Cup Pair,direct,41.58,0
2026-02-04,ord_5517,Butter Dish,referral,35.92,1
2026-02-04,ord_5518,Butter Dish,direct,30.99,0
2026-02-04,ord_5519,Speckled Bowl,instagram,42.66,0
2026-02-04,ord_5520,Butter Dish,instagram,31.75,0
2026-02-04,ord_5521,Dinner Plate Set,direct,138.69,1
2026-02-04,ord_5522,Sunset Mug,direct,36.98,0
2026-02-04,ord_5523,Speckled Bowl,direct,42.31,1
2026-02-04,ord_5524,Sunset Mug,unknown,36.05,0
2026-02-04,ord_5525,Ridge Vase,direct,65.49,1
2026-02-04,ord_5526,Ridge Vase,direct,67.51,0
2026-02-04,ord_5527,Serving Platter,instagram,87.63,0
2026-02-04,ord_5528,Ridge Vase,instagram,52.98,0
2026-02-04,ord_5529,Serving Platter,referral,89.42,1
2026-02-04,ord_5530,Planter,referral,51.89,0
2026-02-04,ord_5531,Sunset Mug,referral,38.15,1
2026-02-04,ord_5532,Butter Dish,instagram,42.19,1
2026-02-04,ord_5533,Butter Dish,instagram,39.73,0
2026-02-04,ord_5534,Ridge Vase,direct,66.47,0
2026-02-04,ord_5535,Dinner Plate Set,instagram,130.8,1
2026-02-04,ord_5536,Sunset Mug,instagram,45.51,0
2026-02-04,ord_5537,Speckled Bowl,direct,58.09,0
2026-02-04,ord_5538,Ridge Vase,instagram,53.42,0
2026-02-04,ord_5539,Espresso Cup Pair,direct,43.39,0
2026-02-05,ord_5540,Sunset Mug,direct,41.44,1
2026-02-05,ord_5541,Sunset Mug,direct,35.18,0
2026-02-05,ord_5542,Speckled Bowl,direct,45.78,0
2026-02-05,ord_5543,Espresso Cup Pair,direct,54.77,0
2026-02-05,ord_5544,Butter Dish,unknown,40.55,0
2026-02-05,ord_5545,Espresso Cup Pair,direct,46.15,0
2026-02-05,ord_5546,Espresso Cup Pair,instagram,46.98,1
2026-02-05,ord_5547,Sunset Mug,instagram,41.14,1
2026-02-05,ord_5548,Dinner Plate Set,instagram,119.72,0
2026-02-05,ord_5549,Ridge Vase,instagram,61.9,0
2026-02-05,ord_5550,Sunset Mug,instagram,42.53,0
2026-02-05,ord_5551,Dinner Plate Set,referral,114.31,0
2026-02-05,ord_5552,Sunset Mug,referral,46.74,0
2026-02-05,ord_5553,Speckled Bowl,instagram,43.51,1
2026-02-05,ord_5554,Speckled Bowl,instagram,46.76,0
2026-02-05,ord_5555,Butter Dish,instagram,41.29,0
2026-02-05,ord_5556,Serving Platter,instagram,91.43,0
2026-02-05,ord_5557,Serving Platter,referral,105.4,1
2026-02-05,ord_5558,Espresso Cup Pair,instagram,55.49,0
2026-02-05,ord_5559,Ridge Vase,direct,57.76,1
2026-02-05,ord_5560,Butter Dish,instagram,42.16,1
2026-02-05,ord_5561,Speckled Bowl,direct,53.1,1
2026-02-05,ord_5562,Serving Platter,unknown,77.87,1
2026-02-05,ord_5563,Dinner Plate Set,unknown,154.4,0
2026-02-05,ord_5564,Dinner Plate Set,instagram,156.0,1
2026-02-05,ord_5565,Serving Platter,instagram,99.29,0
2026-02-05,ord_5566,Serving Platter,instagram,110.98,1
2026-02-05,ord_5567,Speckled Bowl,instagram,50.93,1
2026-02-05,ord_5568,Speckled Bowl,referral,50.03,1
2026-02-05,ord_5569,Espresso Cup Pair,direct,49.11,0
2026-02-05,ord_5570,Sunset Mug,direct,49.19,0
2026-02-05,ord_5571,Speckled Bowl,direct,51.47,0
2026-02-05,ord_5572,Sunset Mug,referral,43.12,1
2026-02-05,ord_5573,Planter,instagram,59.82,1
2026-02-05,ord_5574,Planter,direct,58.1,1
2026-02-05,ord_5575,Speckled Bowl,direct,58.73,0
2026-02-05,ord_5576,Ridge Vase,referral,60.0,0
2026-02-05,ord_5577,Butter Dish,instagram,41.52,0
2026-02-05,ord_5578,Espresso Cup Pair,referral,42.24,0
2026-02-05,ord_5579,Butter Dish,unknown,32.25,0
2026-02-05,ord_5580,Dinner Plate Set,unknown,121.67,0
2026-02-05,ord_5581,Planter,unknown,51.39,0
2026-02-05,ord_5582,Ridge Vase,direct,68.51,0
2026-02-05,ord_5583,Espresso Cup Pair,referral,52.97,0
2026-02-05,ord_5584,Butter Dish,instagram,33.22,0
2026-02-05,ord_5585,Sunset Mug,instagram,38.39,0
2026-02-05,ord_5586,Planter,instagram,55.85,0
2026-02-05,ord_5587,Dinner Plate Set,instagram,135.26,1
2026-02-05,ord_5588,Butter Dish,instagram,42.53,1
2026-02-05,ord_5589,Ridge Vase,instagram,77.18,1
2026-02-05,ord_5590,Espresso Cup Pair,instagram,49.98,1
2026-02-05,ord_5591,Ridge Vase,direct,80.08,0
2026-02-05,ord_5592,Serving Platter,unknown,105.36,1
2026-02-05,ord_5593,Dinner Plate Set,instagram,123.66,1
2026-02-05,ord_5594,Sunset Mug,direct,49.35,1
2026-02-05,ord_5595,Sunset Mug,unknown,34.96,0
2026-02-05,ord_5596,Planter,unknown,62.0,0
2026-02-05,ord_5597,Butter Dish,unknown,44.0,0
2026-02-05,ord_5598,Sunset Mug,unknown,40.43,0
2026-02-05,ord_5599,Sunset Mug,direct,50.58,1
2026-02-06,ord_5600,Speckled Bowl,instagram,42.73,1
2026-02-06,ord_5601,Ridge Vase,instagram,53.73,0
2026-02-06,ord_5602,Sunset Mug,referral,46.62,1
2026-02-06,ord_5603,Dinner Plate Set,instagram,148.78,0
2026-02-06,ord_5604,Serving Platter,referral,109.03,0
2026-02-06,ord_5605,Dinner Plate Set,instagram,145.02,1
2026-02-06,ord_5606,Speckled Bowl,instagram,51.68,0
2026-02-06,ord_5607,Butter Dish,unknown,40.46,0
2026-02-06,ord_5608,Sunset Mug,direct,35.18,1
2026-02-06,ord_5609,Butter Dish,unknown,35.14,0
2026-02-06,ord_5610,Serving Platter,unknown,101.53,0
2026-02-06,ord_5611,Speckled Bowl,direct,50.02,1
2026-02-06,ord_5612,Serving Platter,direct,76.66,0
2026-02-06,ord_5613,Speckled Bowl,instagram,58.07,0
2026-02-06,ord_5614,Serving Platter,direct,85.32,0
2026-02-06,ord_5615,Butter Dish,instagram,31.09,0
2026-02-06,ord_5616,Speckled Bowl,referral,50.93,0
2026-02-06,ord_5617,Ridge Vase,direct,62.31,0
2026-02-06,ord_5618,Butter Dish,instagram,45.53,0
2026-02-06,ord_5619,Planter,direct,57.73,0
2026-02-06,ord_5620,Butter Dish,direct,41.19,0
2026-02-06,ord_5621,Sunset Mug,direct,45.92,0
2026-02-06,ord_5622,Speckled Bowl,direct,52.24,0
2026-02-06,ord_5623,Sunset Mug,instagram,42.45,0
2026-02-06,ord_5624,Sunset Mug,referral,46.14,0
2026-02-06,ord_5625,Ridge Vase,unknown,77.04,0
2026-02-06,ord_5626,Dinner Plate Set,direct,121.85,0
2026-02-06,ord_5627,Butter Dish,instagram,37.43,0
2026-02-06,ord_5628,Sunset Mug,instagram,47.56,0
2026-02-06,ord_5629,Speckled Bowl,direct,53.93,0
2026-02-06,ord_5630,Planter,instagram,62.81,1
2026-02-06,ord_5631,Speckled Bowl,unknown,43.72,1
2026-02-06,ord_5632,Planter,direct,54.11,0
2026-02-06,ord_5633,Serving Platter,direct,98.31,1
2026-02-06,ord_5634,Planter,instagram,52.37,0
2026-02-06,ord_5635,Ridge Vase,referral,56.1,1
2026-02-06,ord_5636,Serving Platter,referral,93.37,0
2026-02-06,ord_5637,Dinner Plate Set,referral,150.9,1
2026-02-06,ord_5638,Speckled Bowl,referral,37.66,0
2026-02-06,ord_5639,Sunset Mug,instagram,43.2,0
2026-02-06,ord_5640,Sunset Mug,direct,39.32,0
2026-02-06,ord_5641,Sunset Mug,direct,40.09,1
2026-02-06,ord_5642,Serving Platter,referral,100.31,0
2026-02-06,ord_5643,Dinner Plate Set,instagram,103.77,0
2026-02-06,ord_5644,Ridge Vase,direct,83.4,1
2026-02-06,ord_5645,Speckled Bowl,instagram,45.0,0
2026-02-06,ord_5646,Sunset Mug,direct,51.18,0
2026-02-06,ord_5647,Sunset Mug,direct,39.58,0
2026-02-06,ord_5648,Serving Platter,direct,87.67,1
2026-02-06,ord_5649,Dinner Plate Set,instagram,133.25,1
2026-02-06,ord_5650,Sunset Mug,referral,32.53,0
2026-02-06,ord_5651,Planter,unknown,46.74,1
2026-02-06,ord_5652,Planter,referral,44.37,0
2026-02-06,ord_5653,Espresso Cup Pair,unknown,37.24,0
2026-02-06,ord_5654,Serving Platter,direct,111.27,1
2026-02-06,ord_5655,Espresso Cup Pair,instagram,36.01,0
2026-02-06,ord_5656,Serving Platter,direct,114.36,0
2026-02-06,ord_5657,Dinner Plate Set,direct,156.98,0
2026-02-06,ord_5658,Sunset Mug,unknown,33.79,0
2026-02-06,ord_5659,Speckled Bowl,instagram,42.51,1
2026-02-06,ord_5660,Serving Platter,direct,106.71,0
2026-02-06,ord_5661,Espresso Cup Pair,instagram,49.14,0
2026-02-06,ord_5662,Serving Platter,instagram,84.45,0
2026-02-06,ord_5663,Ridge Vase,direct,58.11,0
2026-02-06,ord_5664,Ridge Vase,instagram,63.57,0
2026-02-06,ord_5665,Serving Platter,unknown,90.39,1
2026-02-06,ord_5666,Serving Platter,direct,93.72,0
2026-02-06,ord_5667,Sunset Mug,instagram,41.87,1
2026-02-06,ord_5668,Sunset Mug,instagram,34.57,1
2026-02-07,ord_5669,Serving Platter,unknown,93.75,1
2026-02-07,ord_5670,Sunset Mug,direct,51.26,0
2026-02-07,ord_5671,Sunset Mug,direct,33.0,1
2026-02-07,ord_5672,Speckled Bowl,instagram,50.38,0
2026-02-07,ord_5673,Dinner Plate Set,instagram,149.23,0
2026-02-07,ord_5674,Butter Dish,instagram,43.08,1
2026-02-07,ord_5675,Serving Platter,direct,92.82,1
2026-02-07,ord_5676,Planter,instagram,50.5,1
2026-02-07,ord_5677,Ridge Vase,referral,62.54,0
2026-02-07,ord_5678,Ridge Vase,instagram,77.3,0
2026-02-07,ord_5679,Speckled Bowl,instagram,41.63,1
2026-02-07,ord_5680,Speckled Bowl,referral,49.77,1
2026-02-07,ord_5681,Serving Platter,unknown,103.63,1
2026-02-07,ord_5682,Ridge Vase,direct,57.74,0
2026-02-07,ord_5683,Sunset Mug,direct,41.58,0
2026-02-07,ord_5684,Serving Platter,direct,87.41,0
2026-02-07,ord_5685,Planter,instagram,59.23,0
2026-02-07,ord_5686,Sunset Mug,instagram,40.17,0
2026-02-07,ord_5687,Speckled Bowl,instagram,50.39,0
2026-02-07,ord_5688,Ridge Vase,direct,70.7,0
2026-02-07,ord_5689,Espresso Cup Pair,instagram,41.9,1
2026-02-07,ord_5690,Sunset Mug,instagram,32.61,1
2026-02-07,ord_5691,Planter,instagram,64.3,0
2026-02-07,ord_5692,Planter,instagram,55.28,0
2026-02-07,ord_5693,Speckled Bowl,unknown,53.46,1
2026-02-07,ord_5694,Ridge Vase,direct,76.1,0
2026-02-07,ord_5695,Ridge Vase,referral,55.22,0
2026-02-07,ord_5696,Serving Platter,instagram,76.75,0
2026-02-07,ord_5697,Dinner Plate Set,direct,143.69,0
2026-02-07,ord_5698,Ridge Vase,instagram,52.81,0
2026-02-07,ord_5699,Planter,referral,50.32,0
2026-02-07,ord_5700,Dinner Plate Set,direct,106.1,0
2026-02-07,ord_5701,Dinner Plate Set,referral,146.35,0
2026-02-07,ord_5702,Speckled Bowl,referral,47.68,0
2026-02-07,ord_5703,Serving Platter,direct,101.81,0
2026-02-07,ord_5704,Ridge Vase,direct,73.86,1
2026-02-07,ord_5705,Serving Platter,instagram,100.16,0
2026-02-07,ord_5706,Butter Dish,instagram,40.96,0
2026-02-07,ord_5707,Espresso Cup Pair,instagram,36.81,0
2026-02-07,ord_5708,Serving Platter,direct,96.02,1
2026-02-07,ord_5709,Serving Platter,instagram,105.46,1
2026-02-07,ord_5710,Speckled Bowl,instagram,51.79,0
2026-02-07,ord_5711,Butter Dish,direct,39.27,1
2026-02-07,ord_5712,Serving Platter,direct,89.18,0
2026-02-07,ord_5713,Planter,referral,41.11,0
2026-02-07,ord_5714,Sunset Mug,referral,50.64,0
2026-02-07,ord_5715,Sunset Mug,unknown,50.97,1
2026-02-07,ord_5716,Sunset Mug,direct,40.96,0
2026-02-07,ord_5717,Dinner Plate Set,instagram,153.65,1
2026-02-07,ord_5718,Espresso Cup Pair,instagram,45.74,1
2026-02-07,ord_5719,Sunset Mug,unknown,39.57,1
2026-02-07,ord_5720,Planter,referral,52.83,1
2026-02-07,ord_5721,Speckled Bowl,direct,43.07,0
2026-02-07,ord_5722,Serving Platter,direct,112.11,0
2026-02-07,ord_5723,Sunset Mug,referral,43.41,0
2026-02-07,ord_5724,Planter,instagram,44.98,0
2026-02-07,ord_5725,Dinner Plate Set,referral,121.67,0
2026-02-07,ord_5726,Sunset Mug,instagram,44.43,1
2026-02-07,ord_5727,Espresso Cup Pair,unknown,43.85,1
2026-02-07,ord_5728,Sunset Mug,instagram,49.8,0
2026-02-07,ord_5729,Planter,direct,57.11,0
2026-02-07,ord_5730,Sunset Mug,instagram,40.58,0
2026-02-07,ord_5731,Ridge Vase,referral,66.81,0
2026-02-07,ord_5732,Sunset Mug,direct,43.88,0
2026-02-07,ord_5733,Sunset Mug,instagram,42.58,1
2026-02-07,ord_5734,Sunset Mug,instagram,38.91,0
2026-02-07,ord_5735,Planter,referral,61.54,0
2026-02-08,ord_5736,Serving Platter,unknown,110.58,1
2026-02-08,ord_5737,Serving Platter,unknown,82.09,0
2026-02-08,ord_5738,Espresso Cup Pair,unknown,48.27,1
2026-02-08,ord_5739,Planter,instagram,53.08,0
2026-02-08,ord_5740,Sunset Mug,unknown,38.27,0
2026-02-08,ord_5741,Ridge Vase,direct,67.25,1
2026-02-08,ord_5742,Sunset Mug,instagram,50.76,0
2026-02-08,ord_5743,Serving Platter,referral,88.76,1
2026-02-08,ord_5744,Sunset Mug,direct,40.64,1
2026-02-08,ord_5745,Butter Dish,instagram,39.69,0
2026-02-08,ord_5746,Speckled Bowl,direct,44.7,1
2026-02-08,ord_5747,Ridge Vase,instagram,74.12,0
2026-02-08,ord_5748,Sunset Mug,instagram,34.82,0
2026-02-08,ord_5749,Sunset Mug,instagram,38.61,0
2026-02-08,ord_5750,Espresso Cup Pair,direct,45.61,0
2026-02-08,ord_5751,Serving Platter,direct,109.81,0
2026-02-08,ord_5752,Ridge Vase,instagram,56.03,0
2026-02-08,ord_5753,Butter Dish,instagram,44.59,1
2026-02-08,ord_5754,Ridge Vase,referral,69.37,0
2026-02-08,ord_5755,Dinner Plate Set,instagram,152.85,1
2026-02-08,ord_5756,Butter Dish,instagram,44.84,0
2026-02-08,ord_5757,Sunset Mug,direct,45.64,1
2026-02-08,ord_5758,Espresso Cup Pair,direct,53.5,0
2026-02-08,ord_5759,Planter,referral,53.43,0
2026-02-08,ord_5760,Speckled Bowl,unknown,41.73,1
2026-02-08,ord_5761,Speckled Bowl,unknown,41.99,1
2026-02-08,ord_5762,Ridge Vase,instagram,58.61,1
2026-02-08,ord_5763,Speckled Bowl,instagram,43.26,0
2026-02-08,ord_5764,Sunset Mug,instagram,49.88,1
2026-02-08,ord_5765,Dinner Plate Set,unknown,137.01,1
2026-02-08,ord_5766,Espresso Cup Pair,instagram,40.42,0
2026-02-08,ord_5767,Espresso Cup Pair,direct,55.41,1
2026-02-08,ord_5768,Serving Platter,direct,88.46,0
2026-02-08,ord_5769,Sunset Mug,direct,42.14,0
2026-02-08,ord_5770,Ridge Vase,unknown,76.15,0
2026-02-08,ord_5771,Sunset Mug,instagram,37.9,0
2026-02-08,ord_5772,Ridge Vase,unknown,81.8,1
2026-02-08,ord_5773,Espresso Cup Pair,instagram,44.13,0
2026-02-08,ord_5774,Espresso Cup Pair,referral,48.41,1
2026-02-08,ord_5775,Ridge Vase,unknown,69.02,1
2026-02-08,ord_5776,Espresso Cup Pair,direct,55.45,1
2026-02-08,ord_5777,Speckled Bowl,instagram,47.55,0
2026-02-08,ord_5778,Espresso Cup Pair,unknown,54.33,1
2026-02-08,ord_5779,Butter Dish,instagram,39.52,0
2026-02-08,ord_5780,Butter Dish,direct,30.57,0
2026-02-08,ord_5781,Serving Platter,unknown,114.24,1
2026-02-08,ord_5782,Ridge Vase,direct,80.6,1
2026-02-08,ord_5783,Speckled Bowl,direct,59.28,1
2026-02-08,ord_5784,Serving Platter,direct,86.6,1
2026-02-08,ord_5785,Planter,referral,59.44,1
2026-02-08,ord_5786,Dinner Plate Set,instagram,138.41,0
2026-02-08,ord_5787,Sunset Mug,instagram,36.5,1
2026-02-08,ord_5788,Espresso Cup Pair,referral,37.5,1
2026-02-08,ord_5789,Sunset Mug,instagram,35.19,0
2026-02-08,ord_5790,Espresso Cup Pair,instagram,38.32,0
2026-02-08,ord_5791,Serving Platter,direct,76.34,1
2026-02-08,ord_5792,Speckled Bowl,referral,56.93,0
2026-02-08,ord_5793,Speckled Bowl,instagram,52.8,1
2026-02-08,ord_5794,Speckled Bowl,instagram,52.88,0
2026-02-08,ord_5795,Dinner Plate Set,referral,150.1,0
2026-02-08,ord_5796,Speckled Bowl,unknown,56.56,0
2026-02-08,ord_5797,Sunset Mug,instagram,40.04,1
2026-02-08,ord_5798,Ridge Vase,referral,66.4,0
2026-02-08,ord_5799,Speckled Bowl,referral,47.84,1
2026-02-08,ord_5800,Ridge Vase,instagram,66.13,1
2026-02-08,ord_5801,Butter Dish,instagram,45.43,1
2026-02-08,ord_5802,Planter,direct,45.33,1
2026-02-08,ord_5803,Speckled Bowl,direct,40.37,1
2026-02-08,ord_5804,Speckled Bowl,referral,51.13,1
2026-02-08,ord_5805,Dinner Plate Set,unknown,133.7,0
2026-02-08,ord_5806,Dinner Plate Set,instagram,158.24,0
2026-02-09,ord_5807,Serving Platter,instagram,88.14,0
2026-02-09,ord_5808,Dinner Plate Set,direct,127.6,0
2026-02-09,ord_5809,Ridge Vase,instagram,76.82,1
2026-02-09,ord_5810,Butter Dish,direct,35.55,0
2026-02-09,ord_5811,Espresso Cup Pair,direct,40.66,0
2026-02-09,ord_5812,Speckled Bowl,referral,48.05,1
2026-02-09,ord_5813,Ridge Vase,instagram,78.12,0
2026-02-09,ord_5814,Sunset Mug,direct,37.34,1
2026-02-09,ord_5815,Sunset Mug,unknown,42.36,0
2026-02-09,ord_5816,Sunset Mug,direct,47.78,0
2026-02-09,ord_5817,Sunset Mug,direct,32.69,1
2026-02-09,ord_5818,Dinner Plate Set,instagram,114.9,0
2026-02-09,ord_5819,Sunset Mug,unknown,32.7,0
2026-02-09,ord_5820,Planter,instagram,49.6,0
2026-02-09,ord_5821,Planter,instagram,62.9,1
2026-02-09,ord_5822,Speckled Bowl,direct,39.81,1
2026-02-09,ord_5823,Butter Dish,referral,45.43,1
2026-02-09,ord_5824,Butter Dish,instagram,36.36,0
2026-02-09,ord_5825,Ridge Vase,instagram,61.44,0
2026-02-09,ord_5826,Dinner Plate Set,direct,108.85,0
2026-02-09,ord_5827,Speckled Bowl,instagram,52.33,0
2026-02-09,ord_5828,Ridge Vase,referral,75.63,1
2026-02-09,ord_5829,Dinner Plate Set,direct,134.36,0
2026-02-09,ord_5830,Ridge Vase,instagram,66.75,0
2026-02-09,ord_5831,Sunset Mug,unknown,38.51,0
2026-02-09,ord_5832,Dinner Plate Set,instagram,136.76,0
2026-02-09,ord_5833,Dinner Plate Set,instagram,119.14,1
2026-02-09,ord_5834,Ridge Vase,instagram,59.47,1
2026-02-09,ord_5835,Planter,unknown,64.72,0
2026-02-09,ord_5836,Espresso Cup Pair,direct,46.09,0
2026-02-09,ord_5837,Serving Platter,unknown,114.25,1
2026-02-09,ord_5838,Butter Dish,instagram,32.22,0
2026-02-09,ord_5839,Sunset Mug,unknown,38.39,1
2026-02-09,ord_5840,Ridge Vase,instagram,78.27,0
2026-02-09,ord_5841,Planter,direct,64.51,1
2026-02-09,ord_5842,Planter,direct,57.52,0
2026-02-09,ord_5843,Serving Platter,instagram,111.5,0
2026-02-09,ord_5844,Butter Dish,instagram,32.72,0
2026-02-09,ord_5845,Dinner Plate Set,instagram,139.45,1
2026-02-09,ord_5846,Dinner Plate Set,instagram,156.45,0
2026-02-09,ord_5847,Butter Dish,referral,31.65,1
2026-02-09,ord_5848,Sunset Mug,instagram,47.48,0
2026-02-09,ord_5849,Speckled Bowl,direct,57.33,1
2026-02-09,ord_5850,Espresso Cup Pair,referral,45.13,1
2026-02-09,ord_5851,Ridge Vase,unknown,53.23,1
2026-02-09,ord_5852,Espresso Cup Pair,instagram,53.26,1
2026-02-09,ord_5853,Espresso Cup Pair,instagram,38.35,1
2026-02-09,ord_5854,Speckled Bowl,instagram,50.24,1
2026-02-09,ord_5855,Speckled Bowl,instagram,54.41,0
2026-02-09,ord_5856,Ridge Vase,instagram,64.33,0
2026-02-09,ord_5857,Ridge Vase,referral,80.57,0
2026-02-09,ord_5858,Sunset Mug,instagram,37.14,1
2026-02-09,ord_5859,Dinner Plate Set,instagram,118.39,0
2026-02-09,ord_5860,Ridge Vase,unknown,75.84,0
2026-02-09,ord_5861,Sunset Mug,instagram,48.37,1
2026-02-09,ord_5862,Dinner Plate Set,direct,128.34,0
2026-02-09,ord_5863,Sunset Mug,referral,50.74,0
2026-02-09,ord_5864,Sunset Mug,referral,38.67,0
2026-02-09,ord_5865,Ridge Vase,referral,68.49,1
2026-02-09,ord_5866,Sunset Mug,direct,46.28,0
2026-02-09,ord_5867,Sunset Mug,instagram,33.51,0
2026-02-09,ord_5868,Sunset Mug,referral,38.33,1
2026-02-09,ord_5869,Speckled Bowl,direct,38.21,0
2026-02-09,ord_5870,Dinner Plate Set,instagram,138.69,0
2026-02-10,ord_5871,Dinner Plate Set,instagram,103.22,1
2026-02-10,ord_5872,Sunset Mug,referral,42.96,0
2026-02-10,ord_5873,Speckled Bowl,direct,49.75,1
2026-02-10,ord_5874,Sunset Mug,instagram,51.07,1
2026-02-10,ord_5875,Sunset Mug,unknown,36.74,0
2026-02-10,ord_5876,Sunset Mug,instagram,34.7,0
2026-02-10,ord_5877,Dinner Plate Set,direct,158.24,1
2026-02-10,ord_5878,Ridge Vase,instagram,80.17,0
2026-02-10,ord_5879,Speckled Bowl,referral,55.86,1
2026-02-10,ord_5880,Speckled Bowl,unknown,55.44,0
2026-02-10,ord_5881,Dinner Plate Set,instagram,117.11,0
2026-02-10,ord_5882,Ridge Vase,direct,74.53,1
2026-02-10,ord_5883,Espresso Cup Pair,direct,54.54,0
2026-02-10,ord_5884,Sunset Mug,referral,43.25,1
2026-02-10,ord_5885,Espresso Cup Pair,direct,45.98,0
2026-02-10,ord_5886,Sunset Mug,instagram,47.98,0
2026-02-10,ord_5887,Sunset Mug,direct,32.59,0
2026-02-10,ord_5888,Serving Platter,referral,103.89,0
2026-02-10,ord_5889,Planter,direct,45.14,0
2026-02-10,ord_5890,Sunset Mug,direct,38.89,0
2026-02-10,ord_5891,Butter Dish,referral,40.72,0
2026-02-10,ord_5892,Ridge Vase,instagram,75.67,0
2026-02-10,ord_5893,Speckled Bowl,instagram,43.95,0
2026-02-10,ord_5894,Serving Platter,direct,104.16,0
2026-02-10,ord_5895,Ridge Vase,instagram,65.07,1
2026-02-10,ord_5896,Sunset Mug,instagram,39.04,1
2026-02-10,ord_5897,Dinner Plate Set,unknown,107.24,1
2026-02-10,ord_5898,Ridge Vase,instagram,53.87,0
2026-02-10,ord_5899,Ridge Vase,instagram,53.92,0
2026-02-10,ord_5900,Butter Dish,referral,31.99,0
2026-02-10,ord_5901,Speckled Bowl,referral,45.97,0
2026-02-10,ord_5902,Butter Dish,instagram,31.37,0
2026-02-10,ord_5903,Dinner Plate Set,unknown,160.15,0
2026-02-10,ord_5904,Butter Dish,referral,32.34,0
2026-02-10,ord_5905,Planter,direct,63.13,1
2026-02-10,ord_5906,Sunset Mug,direct,46.64,1
2026-02-10,ord_5907,Butter Dish,instagram,29.3,0
2026-02-10,ord_5908,Speckled Bowl,instagram,50.43,0
2026-02-10,ord_5909,Speckled Bowl,direct,57.16,0
2026-02-10,ord_5910,Ridge Vase,direct,55.15,0
2026-02-10,ord_5911,Espresso Cup Pair,instagram,40.93,0
2026-02-10,ord_5912,Dinner Plate Set,unknown,109.34,1
2026-02-10,ord_5913,Sunset Mug,referral,35.4,0
2026-02-10,ord_5914,Sunset Mug,unknown,43.53,1
2026-02-10,ord_5915,Speckled Bowl,instagram,37.86,0
2026-02-10,ord_5916,Dinner Plate Set,instagram,141.24,0
2026-02-10,ord_5917,Espresso Cup Pair,instagram,50.01,0
2026-02-10,ord_5918,Dinner Plate Set,direct,119.31,0
2026-02-10,ord_5919,Dinner Plate Set,instagram,121.67,0
2026-02-10,ord_5920,Ridge Vase,direct,69.71,1
2026-02-10,ord_5921,Dinner Plate Set,referral,115.36,0
2026-02-10,ord_5922,Planter,referral,53.67,0
2026-02-10,ord_5923,Speckled Bowl,instagram,58.63,0
2026-02-10,ord_5924,Butter Dish,instagram,39.61,0
2026-02-10,ord_5925,Sunset Mug,direct,33.39,0
2026-02-10,ord_5926,Dinner Plate Set,unknown,133.81,0
2026-02-10,ord_5927,Ridge Vase,instagram,74.85,0
2026-02-10,ord_5928,Serving Platter,direct,85.05,0
2026-02-10,ord_5929,Ridge Vase,direct,61.19,0
2026-02-11,ord_5930,Speckled Bowl,referral,50.58,1
2026-02-11,ord_5931,Speckled Bowl,instagram,42.84,0
2026-02-11,ord_5932,Planter,direct,59.29,0
2026-02-11,ord_5933,Dinner Plate Set,instagram,104.01,0
2026-02-11,ord_5934,Dinner Plate Set,unknown,132.54,0
2026-02-11,ord_5935,Sunset Mug,referral,43.93,0
2026-02-11,ord_5936,Serving Platter,referral,90.27,1
2026-02-11,ord_5937,Ridge Vase,direct,59.78,0
2026-02-11,ord_5938,Sunset Mug,direct,36.73,0
2026-02-11,ord_5939,Ridge Vase,direct,63.55,1
2026-02-11,ord_5940,Butter Dish,direct,29.2,0
2026-02-11,ord_5941,Espresso Cup Pair,instagram,44.45,0
2026-02-11,ord_5942,Serving Platter,direct,111.43,0
2026-02-11,ord_5943,Speckled Bowl,referral,51.23,0
2026-02-11,ord_5944,Serving Platter,referral,92.4,1
2026-02-11,ord_5945,Planter,instagram,47.46,0
2026-02-11,ord_5946,Sunset Mug,direct,35.5,0
2026-02-11,ord_5947,Espresso Cup Pair,instagram,50.08,0
2026-02-11,ord_5948,Butter Dish,instagram,41.49,1
2026-02-11,ord_5949,Speckled Bowl,direct,37.46,0
2026-02-11,ord_5950,Dinner Plate Set,referral,160.73,0
2026-02-11,ord_5951,Sunset Mug,direct,47.64,0
2026-02-11,ord_5952,Butter Dish,referral,33.62,1
2026-02-11,ord_5953,Planter,unknown,45.36,1
2026-02-11,ord_5954,Espresso Cup Pair,referral,39.13,0
2026-02-11,ord_5955,Espresso Cup Pair,instagram,50.57,0
2026-02-11,ord_5956,Butter Dish,instagram,34.52,1
2026-02-11,ord_5957,Sunset Mug,instagram,38.55,1
2026-02-11,ord_5958,Planter,direct,61.14,1
2026-02-11,ord_5959,Dinner Plate Set,instagram,123.72,0
2026-02-11,ord_5960,Sunset Mug,referral,46.65,0
2026-02-11,ord_5961,Ridge Vase,direct,77.9,1
2026-02-11,ord_5962,Speckled Bowl,referral,44.7,0
2026-02-11,ord_5963,Sunset Mug,unknown,38.89,1
2026-02-11,ord_5964,Ridge Vase,unknown,75.69,1
2026-02-11,ord_5965,Espresso Cup Pair,direct,54.06,0
2026-02-11,ord_5966,Speckled Bowl,referral,55.41,0
2026-02-11,ord_5967,Sunset Mug,direct,36.81,0
2026-02-11,ord_5968,Sunset Mug,direct,41.25,1
2026-02-11,ord_5969,Espresso Cup Pair,unknown,52.64,0
2026-02-11,ord_5970,Sunset Mug,unknown,34.16,0
2026-02-11,ord_5971,Sunset Mug,referral,44.2,0
2026-02-11,ord_5972,Dinner Plate Set,instagram,130.81,0
2026-02-11,ord_5973,Sunset Mug,direct,46.57,1
2026-02-11,ord_5974,Dinner Plate Set,instagram,148.85,0
2026-02-11,ord_5975,Butter Dish,instagram,34.69,0
2026-02-11,ord_5976,Serving Platter,unknown,88.38,1
2026-02-11,ord_5977,Sunset Mug,unknown,49.09,0
2026-02-11,ord_5978,Planter,referral,44.78,0
2026-02-11,ord_5979,Ridge Vase,referral,58.8,0
2026-02-11,ord_5980,Serving Platter,referral,83.4,0
2026-02-11,ord_5981,Butter Dish,instagram,30.73,0
2026-02-11,ord_5982,Sunset Mug,referral,44.08,1
2026-02-11,ord_5983,Speckled Bowl,instagram,51.54,0
2026-02-11,ord_5984,Sunset Mug,instagram,49.92,0
2026-02-11,ord_5985,Serving Platter,instagram,103.61,0
2026-02-11,ord_5986,Serving Platter,instagram,92.54,1
2026-02-11,ord_5987,Planter,unknown,62.28,0
2026-02-11,ord_5988,Dinner Plate Set,direct,107.27,0
2026-02-11,ord_5989,Speckled Bowl,unknown,46.8,1
2026-02-11,ord_5990,Planter,instagram,49.44,0
2026-02-11,ord_5991,Butter Dish,instagram,45.51,1
2026-02-12,ord_5992,Dinner Plate Set,direct,140.15,0
2026-02-12,ord_5993,Dinner Plate Set,referral,123.05,1
2026-02-12,ord_5994,Planter,instagram,62.87,0
2026-02-12,ord_5995,Butter Dish,instagram,43.47,1
2026-02-12,ord_5996,Speckled Bowl,instagram,38.46,0
2026-02-12,ord_5997,Planter,instagram,55.09,1
2026-02-12,ord_5998,Butter Dish,instagram,32.82,0
2026-02-12,ord_5999,Dinner Plate Set,instagram,105.73,0
2026-02-12,ord_6000,Speckled Bowl,instagram,44.96,0
2026-02-12,ord_6001,Sunset Mug,direct,45.85,0
2026-02-12,ord_6002,Dinner Plate Set,instagram,110.8,1
2026-02-12,ord_6003,Sunset Mug,unknown,32.97,1
2026-02-12,ord_6004,Speckled Bowl,direct,49.91,1
2026-02-12,ord_6005,Planter,instagram,48.88,1
2026-02-12,ord_6006,Dinner Plate Set,direct,122.36,0
2026-02-12,ord_6007,Ridge Vase,unknown,77.65,1
2026-02-12,ord_6008,Serving Platter,direct,104.76,0
2026-02-12,ord_6009,Espresso Cup Pair,direct,37.04,0
2026-02-12,ord_6010,Speckled Bowl,direct,48.4,0
2026-02-12,ord_6011,Ridge Vase,unknown,66.24,1
2026-02-12,ord_6012,Planter,referral,59.5,1
2026-02-12,ord_6013,Espresso Cup Pair,direct,48.33,1
2026-02-12,ord_6014,Espresso Cup Pair,unknown,55.21,1
2026-02-12,ord_6015,Speckled Bowl,direct,57.64,1
2026-02-12,ord_6016,Butter Dish,instagram,44.74,0
2026-02-12,ord_6017,Serving Platter,direct,76.75,0
2026-02-12,ord_6018,Espresso Cup Pair,referral,50.01,0
2026-02-12,ord_6019,Ridge Vase,instagram,56.5,0
2026-02-12,ord_6020,Planter,instagram,52.71,0
2026-02-12,ord_6021,Ridge Vase,direct,52.96,0
2026-02-12,ord_6022,Serving Platter,instagram,117.52,1
2026-02-12,ord_6023,Ridge Vase,instagram,79.76,0
2026-02-12,ord_6024,Butter Dish,unknown,34.93,0
2026-02-12,ord_6025,Planter,direct,42.18,0
2026-02-12,ord_6026,Dinner Plate Set,instagram,120.51,1
2026-02-12,ord_6027,Sunset Mug,direct,39.82,0
2026-02-12,ord_6028,Speckled Bowl,instagram,57.73,1
2026-02-12,ord_6029,Espresso Cup Pair,instagram,37.71,0
2026-02-12,ord_6030,Speckled Bowl,referral,37.58,0
2026-02-12,ord_6031,Ridge Vase,unknown,67.83,0
2026-02-12,ord_6032,Sunset Mug,direct,46.24,1
2026-02-12,ord_6033,Butter Dish,referral,37.4,1
2026-02-12,ord_6034,Espresso Cup Pair,instagram,53.14,0
2026-02-12,ord_6035,Speckled Bowl,referral,57.5,0
2026-02-12,ord_6036,Speckled Bowl,instagram,39.96,1
2026-02-12,ord_6037,Planter,instagram,43.78,0
2026-02-12,ord_6038,Ridge Vase,instagram,74.6,0
2026-02-12,ord_6039,Espresso Cup Pair,direct,54.45,0
2026-02-12,ord_6040,Speckled Bowl,referral,53.13,1
2026-02-12,ord_6041,Serving Platter,referral,107.29,0
2026-02-12,ord_6042,Sunset Mug,referral,44.23,0
2026-02-12,ord_6043,Sunset Mug,instagram,44.88,0
2026-02-12,ord_6044,Butter Dish,direct,32.61,0
2026-02-12,ord_6045,Espresso Cup Pair,instagram,42.94,0
2026-02-12,ord_6046,Planter,instagram,56.85,1
2026-02-12,ord_6047,Butter Dish,instagram,35.17,0
2026-02-12,ord_6048,Butter Dish,direct,30.83,0
2026-02-12,ord_6049,Butter Dish,direct,31.41,1
2026-02-12,ord_6050,Sunset Mug,instagram,43.58,0
2026-02-12,ord_6051,Ridge Vase,referral,62.05,0
2026-02-12,ord_6052,Planter,unknown,62.59,0
2026-02-12,ord_6053,Ridge Vase,instagram,61.99,0
2026-02-12,ord_6054,Butter Dish,referral,29.21,1
2026-02-12,ord_6055,Planter,instagram,43.6,1
2026-02-12,ord_6056,Speckled Bowl,instagram,56.56,1
2026-02-12,ord_6057,Serving Platter,direct,104.65,0
2026-02-12,ord_6058,Butter Dish,direct,37.39,0
2026-02-12,ord_6059,Espresso Cup Pair,direct,50.97,0
2026-02-12,ord_6060,Speckled Bowl,instagram,54.88,0
2026-02-13,ord_6061,Speckled Bowl,instagram,56.03,1
2026-02-13,ord_6062,Espresso Cup Pair,referral,36.75,0
2026-02-13,ord_6063,Serving Platter,instagram,104.34,0
2026-02-13,ord_6064,Butter Dish,instagram,33.92,0
2026-02-13,ord_6065,Espresso Cup Pair,instagram,53.3,1
2026-02-13,ord_6066,Sunset Mug,direct,33.74,0
2026-02-13,ord_6067,Speckled Bowl,unknown,48.16,0
2026-02-13,ord_6068,Dinner Plate Set,instagram,150.41,1
2026-02-13,ord_6069,Ridge Vase,instagram,62.69,0
2026-02-13,ord_6070,Speckled Bowl,instagram,42.28,1
2026-02-13,ord_6071,Speckled Bowl,direct,43.77,0
2026-02-13,ord_6072,Sunset Mug,instagram,45.03,0
2026-02-13,ord_6073,Sunset Mug,referral,36.3,0
2026-02-13,ord_6074,Ridge Vase,instagram,69.03,0
2026-02-13,ord_6075,Serving Platter,direct,90.11,0
2026-02-13,ord_6076,Espresso Cup Pair,instagram,43.92,0
2026-02-13,ord_6077,Planter,direct,49.93,0
2026-02-13,ord_6078,Ridge Vase,instagram,79.38,0
2026-02-13,ord_6079,Ridge Vase,unknown,81.19,1
2026-02-13,ord_6080,Ridge Vase,direct,80.22,0
2026-02-13,ord_6081,Planter,instagram,57.39,0
2026-02-13,ord_6082,Planter,direct,43.22,0
2026-02-13,ord_6083,Speckled Bowl,instagram,43.49,0
2026-02-13,ord_6084,Sunset Mug,direct,32.86,0
2026-02-13,ord_6085,Speckled Bowl,referral,45.94,1
2026-02-13,ord_6086,Serving Platter,direct,101.19,1
2026-02-13,ord_6087,Speckled Bowl,direct,58.59,0
2026-02-13,ord_6088,Espresso Cup Pair,direct,49.64,0
2026-02-13,ord_6089,Butter Dish,instagram,34.82,0
2026-02-13,ord_6090,Dinner Plate Set,instagram,154.54,0
2026-02-13,ord_6091,Speckled Bowl,referral,40.17,0
2026-02-13,ord_6092,Ridge Vase,referral,58.6,0
2026-02-13,ord_6093,Ridge Vase,instagram,83.32,0
2026-02-13,ord_6094,Sunset Mug,instagram,50.66,0
2026-02-13,ord_6095,Butter Dish,instagram,35.96,1
2026-02-13,ord_6096,Dinner Plate Set,referral,103.15,0
2026-02-13,ord_6097,Dinner Plate Set,referral,160.27,1
2026-02-13,ord_6098,Butter Dish,direct,38.54,1
2026-02-13,ord_6099,Dinner Plate Set,referral,131.64,0
2026-02-13,ord_6100,Speckled Bowl,instagram,46.98,1
2026-02-13,ord_6101,Sunset Mug,referral,34.52,0
2026-02-13,ord_6102,Serving Platter,instagram,77.45,0
2026-02-13,ord_6103,Sunset Mug,direct,47.87,0
2026-02-13,ord_6104,Speckled Bowl,instagram,58.82,0
2026-02-13,ord_6105,Sunset Mug,direct,35.95,1
2026-02-13,ord_6106,Ridge Vase,instagram,64.96,1
2026-02-13,ord_6107,Butter Dish,unknown,32.18,1
2026-02-13,ord_6108,Speckled Bowl,referral,41.81,0
2026-02-13,ord_6109,Dinner Plate Set,direct,125.67,1
2026-02-13,ord_6110,Sunset Mug,direct,35.66,0
2026-02-13,ord_6111,Planter,direct,62.04,1
2026-02-13,ord_6112,Ridge Vase,direct,57.95,1
2026-02-13,ord_6113,Dinner Plate Set,unknown,143.25,1
2026-02-13,ord_6114,Ridge Vase,referral,62.37,1
2026-02-13,ord_6115,Sunset Mug,instagram,50.25,0
2026-02-13,ord_6116,Ridge Vase,direct,54.58,1
2026-02-13,ord_6117,Serving Platter,instagram,106.38,0
2026-02-13,ord_6118,Butter Dish,direct,37.23,1
2026-02-13,ord_6119,Sunset Mug,direct,48.62,1
2026-02-13,ord_6120,Espresso Cup Pair,referral,47.22,0
2026-02-13,ord_6121,Sunset Mug,instagram,38.67,0
2026-02-13,ord_6122,Dinner Plate Set,referral,155.59,0
2026-02-13,ord_6123,Dinner Plate Set,direct,153.7,0
2026-02-13,ord_6124,Planter,direct,54.58,0
2026-02-13,ord_6125,Ridge Vase,instagram,77.47,1
2026-02-13,ord_6126,Serving Platter,instagram,86.83,0
2026-02-13,ord_6127,Butter Dish,instagram,41.58,0
2026-02-14,ord_6128,Sunset Mug,instagram,33.83,0
2026-02-14,ord_6129,Planter,direct,43.89,0
2026-02-14,ord_6130,Serving Platter,direct,94.98,0
2026-02-14,ord_6131,Dinner Plate Set,instagram,104.27,0
2026-02-14,ord_6132,Planter,referral,60.31,1
2026-02-14,ord_6133,Serving Platter,instagram,101.65,1
2026-02-14,ord_6134,Serving Platter,instagram,81.98,1
2026-02-14,ord_6135,Sunset Mug,referral,38.22,0
2026-02-14,ord_6136,Butter Dish,direct,34.74,0
2026-02-14,ord_6137,Ridge Vase,direct,83.36,0
2026-02-14,ord_6138,Planter,instagram,47.42,0
2026-02-14,ord_6139,Serving Platter,instagram,75.98,1
2026-02-14,ord_6140,Ridge Vase,instagram,68.64,0
2026-02-14,ord_6141,Planter,referral,57.61,0
2026-02-14,ord_6142,Speckled Bowl,instagram,55.32,0
2026-02-14,ord_6143,Serving Platter,referral,78.41,1
2026-02-14,ord_6144,Dinner Plate Set,direct,136.22,0
2026-02-14,ord_6145,Espresso Cup Pair,instagram,56.68,0
2026-02-14,ord_6146,Espresso Cup Pair,unknown,35.88,1
2026-02-14,ord_6147,Dinner Plate Set,direct,158.82,1
2026-02-14,ord_6148,Serving Platter,referral,105.53,0
2026-02-14,ord_6149,Planter,direct,47.55,1
2026-02-14,ord_6150,Planter,instagram,47.62,0
2026-02-14,ord_6151,Planter,direct,63.23,0
2026-02-14,ord_6152,Espresso Cup Pair,instagram,53.45,1
2026-02-14,ord_6153,Sunset Mug,instagram,49.66,0
2026-02-14,ord_6154,Sunset Mug,instagram,33.86,0
2026-02-14,ord_6155,Dinner Plate Set,direct,151.29,1
2026-02-14,ord_6156,Ridge Vase,referral,71.15,0
2026-02-14,ord_6157,Speckled Bowl,unknown,55.75,1
2026-02-14,ord_6158,Butter Dish,referral,30.86,0
2026-02-14,ord_6159,Ridge Vase,instagram,72.63,0
2026-02-14,ord_6160,Serving Platter,unknown,118.19,1
2026-02-14,ord_6161,Speckled Bowl,direct,57.68,0
2026-02-14,ord_6162,Speckled Bowl,direct,49.03,1
2026-02-14,ord_6163,Sunset Mug,referral,35.99,0
2026-02-14,ord_6164,Butter Dish,direct,41.19,0
2026-02-14,ord_6165,Dinner Plate Set,instagram,137.31,1
2026-02-14,ord_6166,Sunset Mug,unknown,35.23,1
2026-02-14,ord_6167,Espresso Cup Pair,instagram,36.29,0
2026-02-14,ord_6168,Sunset Mug,instagram,36.16,0
2026-02-14,ord_6169,Ridge Vase,unknown,71.67,1
2026-02-14,ord_6170,Butter Dish,direct,31.3,0
2026-02-14,ord_6171,Ridge Vase,referral,75.87,1
2026-02-14,ord_6172,Butter Dish,instagram,36.36,0
2026-02-14,ord_6173,Espresso Cup Pair,referral,36.84,0
2026-02-14,ord_6174,Speckled Bowl,instagram,40.61,0
2026-02-14,ord_6175,Sunset Mug,instagram,38.82,0
2026-02-14,ord_6176,Dinner Plate Set,direct,135.86,1
2026-02-14,ord_6177,Dinner Plate Set,direct,152.29,1
2026-02-14,ord_6178,Ridge Vase,instagram,55.0,0
2026-02-14,ord_6179,Espresso Cup Pair,direct,40.86,1
2026-02-14,ord_6180,Dinner Plate Set,instagram,161.85,1
2026-02-14,ord_6181,Planter,referral,52.95,1
2026-02-14,ord_6182,Sunset Mug,instagram,32.65,1
2026-02-14,ord_6183,Dinner Plate Set,instagram,141.38,1
2026-02-14,ord_6184,Butter Dish,direct,31.91,0
2026-02-14,ord_6185,Serving Platter,direct,112.47,0
2026-02-14,ord_6186,Dinner Plate Set,referral,137.43,1
2026-02-14,ord_6187,Speckled Bowl,direct,48.6,1
2026-02-14,ord_6188,Espresso Cup Pair,instagram,42.63,1
2026-02-14,ord_6189,Speckled Bowl,instagram,51.62,0
2026-02-14,ord_6190,Ridge Vase,instagram,57.89,1
2026-02-14,ord_6191,Ridge Vase,direct,71.52,0
2026-02-14,ord_6192,Ridge Vase,direct,62.22,0
2026-02-14,ord_6193,Ridge Vase,direct,54.57,0
2026-02-14,ord_6194,Planter,direct,43.17,1
2026-02-14,ord_6195,Speckled Bowl,direct,44.18,0
2026-02-14,ord_6196,Speckled Bowl,referral,49.23,0
2026-02-14,ord_6197,Sunset Mug,direct,38.07,0
2026-02-14,ord_6198,Ridge Vase,instagram,76.47,0
2026-02-14,ord_6199,Dinner Plate Set,direct,118.34,1
2026-02-14,ord_6200,Speckled Bowl,unknown,44.67,1
2026-02-14,ord_6201,Dinner Plate Set,direct,131.13,0
2026-02-14,ord_6202,Serving Platter,referral,86.0,0
2026-02-14,ord_6203,Serving Platter,instagram,96.04,0
2026-02-15,ord_6204,Butter Dish,unknown,37.71,0
2026-02-15,ord_6205,Butter Dish,instagram,35.63,0
2026-02-15,ord_6206,Sunset Mug,unknown,46.4,0
2026-02-15,ord_6207,Speckled Bowl,referral,37.55,0
2026-02-15,ord_6208,Butter Dish,instagram,43.7,0
2026-02-15,ord_6209,Speckled Bowl,instagram,45.15,0
2026-02-15,ord_6210,Dinner Plate Set,referral,124.17,0
2026-02-15,ord_6211,Serving Platter,referral,110.69,0
2026-02-15,ord_6212,Dinner Plate Set,referral,135.78,0
2026-02-15,ord_6213,Dinner Plate Set,referral,119.96,1
2026-02-15,ord_6214,Ridge Vase,instagram,79.28,0
2026-02-15,ord_6215,Speckled Bowl,direct,56.71,0
2026-02-15,ord_6216,Dinner Plate Set,direct,156.51,1
2026-02-15,ord_6217,Espresso Cup Pair,instagram,52.63,1
2026-02-15,ord_6218,Planter,instagram,41.74,0
2026-02-15,ord_6219,Sunset Mug,referral,48.85,0
2026-02-15,ord_6220,Sunset Mug,instagram,41.95,1
2026-02-15,ord_6221,Butter Dish,direct,32.67,0
2026-02-15,ord_6222,Butter Dish,direct,43.04,1
2026-02-15,ord_6223,Butter Dish,referral,43.12,1
2026-02-15,ord_6224,Planter,referral,47.9,0
2026-02-15,ord_6225,Speckled Bowl,direct,40.02,0
2026-02-15,ord_6226,Sunset Mug,direct,47.13,0
2026-02-15,ord_6227,Espresso Cup Pair,referral,47.19,1
2026-02-15,ord_6228,Dinner Plate Set,instagram,140.25,0
2026-02-15,ord_6229,Speckled Bowl,unknown,49.03,1
2026-02-15,ord_6230,Sunset Mug,direct,38.94,1
2026-02-15,ord_6231,Espresso Cup Pair,unknown,46.3,0
2026-02-15,ord_6232,Dinner Plate Set,unknown,151.43,0
2026-02-15,ord_6233,Espresso Cup Pair,direct,38.26,1
2026-02-15,ord_6234,Serving Platter,instagram,89.63,0
2026-02-15,ord_6235,Sunset Mug,instagram,42.31,1
2026-02-15,ord_6236,Dinner Plate Set,instagram,146.3,1
2026-02-15,ord_6237,Speckled Bowl,unknown,47.49,0
2026-02-15,ord_6238,Dinner Plate Set,instagram,156.73,0
2026-02-15,ord_6239,Ridge Vase,instagram,77.11,0
2026-02-15,ord_6240,Butter Dish,instagram,41.78,1
2026-02-15,ord_6241,Serving Platter,instagram,99.75,0
2026-02-15,ord_6242,Speckled Bowl,direct,44.46,0
2026-02-15,ord_6243,Butter Dish,referral,35.17,0
2026-02-15,ord_6244,Butter Dish,unknown,38.41,1
2026-02-15,ord_6245,Dinner Plate Set,instagram,134.68,0
2026-02-15,ord_6246,Butter Dish,instagram,32.9,0
2026-02-15,ord_6247,Dinner Plate Set,referral,135.54,1
2026-02-15,ord_6248,Speckled Bowl,instagram,48.89,0
2026-02-15,ord_6249,Speckled Bowl,instagram,42.92,0
2026-02-15,ord_6250,Speckled Bowl,unknown,43.02,0
2026-02-15,ord_6251,Speckled Bowl,direct,56.67,0
2026-02-15,ord_6252,Dinner Plate Set,instagram,160.19,0
2026-02-15,ord_6253,Dinner Plate Set,direct,133.23,0
2026-02-15,ord_6254,Butter Dish,instagram,39.57,1
2026-02-15,ord_6255,Planter,referral,44.93,1
2026-02-15,ord_6256,Dinner Plate Set,direct,160.05,0
2026-02-15,ord_6257,Dinner Plate Set,instagram,130.69,1
2026-02-15,ord_6258,Planter,instagram,47.19,1
2026-02-15,ord_6259,Ridge Vase,direct,78.38,0
2026-02-15,ord_6260,Espresso Cup Pair,direct,46.24,1
2026-02-15,ord_6261,Butter Dish,unknown,43.68,1
2026-02-15,ord_6262,Serving Platter,direct,110.85,1
2026-02-15,ord_6263,Butter Dish,instagram,40.25,0
2026-02-15,ord_6264,Ridge Vase,direct,57.69,0
2026-02-15,ord_6265,Speckled Bowl,unknown,54.79,0
2026-02-15,ord_6266,Serving Platter,unknown,102.55,0
2026-02-15,ord_6267,Sunset Mug,instagram,49.56,0
2026-02-15,ord_6268,Espresso Cup Pair,referral,45.11,0
2026-02-15,ord_6269,Planter,unknown,54.52,0
2026-02-15,ord_6270,Planter,instagram,53.1,1
2026-02-15,ord_6271,Sunset Mug,direct,43.59,0
2026-02-15,ord_6272,Espresso Cup Pair,instagram,42.35,0
2026-02-15,ord_6273,Serving Platter,unknown,98.87,0
2026-02-15,ord_6274,Espresso Cup Pair,direct,48.46,0
2026-02-15,ord_6275,Dinner Plate Set,instagram,102.76,1
2026-02-15,ord_6276,Butter Dish,referral,31.27,0
2026-02-15,ord_6277,Speckled Bowl,instagram,52.29,0
2026-02-15,ord_6278,Serving Platter,direct,95.91,1
2026-02-16,ord_6279,Speckled Bowl,direct,53.78,0
2026-02-16,ord_6280,Planter,direct,57.28,0
2026-02-16,ord_6281,Ridge Vase,direct,72.31,1
2026-02-16,ord_6282,Sunset Mug,instagram,45.99,1
2026-02-16,ord_6283,Butter Dish,referral,30.76,1
2026-02-16,ord_6284,Serving Platter,instagram,97.13,0
2026-02-16,ord_6285,Speckled Bowl,direct,49.67,0
2026-02-16,ord_6286,Espresso Cup Pair,direct,45.66,0
2026-02-16,ord_6287,Butter Dish,unknown,29.92,0
2026-02-16,ord_6288,Ridge Vase,instagram,70.72,1
2026-02-16,ord_6289,Dinner Plate Set,instagram,152.64,0
2026-02-16,ord_6290,Sunset Mug,direct,37.55,1
2026-02-16,ord_6291,Sunset Mug,instagram,40.99,0
2026-02-16,ord_6292,Butter Dish,direct,38.55,0
2026-02-16,ord_6293,Sunset Mug,instagram,32.58,1
2026-02-16,ord_6294,Butter Dish,instagram,35.98,0
2026-02-16,ord_6295,Dinner Plate Set,referral,109.94,1
2026-02-16,ord_6296,Planter,direct,63.02,0
2026-02-16,ord_6297,Sunset Mug,direct,50.53,0
2026-02-16,ord_6298,Ridge Vase,direct,66.78,1
2026-02-16,ord_6299,Sunset Mug,instagram,48.15,1
2026-02-16,ord_6300,Speckled Bowl,referral,55.82,1
2026-02-16,ord_6301,Speckled Bowl,referral,59.13,0
2026-02-16,ord_6302,Espresso Cup Pair,unknown,45.98,1
2026-02-16,ord_6303,Speckled Bowl,direct,57.13,0
2026-02-16,ord_6304,Ridge Vase,direct,80.3,1
2026-02-16,ord_6305,Speckled Bowl,instagram,49.08,0
2026-02-16,ord_6306,Butter Dish,unknown,39.9,0
2026-02-16,ord_6307,Speckled Bowl,direct,47.76,0
2026-02-16,ord_6308,Planter,direct,62.1,1
2026-02-16,ord_6309,Planter,direct,53.28,0
2026-02-16,ord_6310,Serving Platter,instagram,113.92,0
2026-02-16,ord_6311,Speckled Bowl,direct,53.5,0
2026-02-16,ord_6312,Planter,referral,57.09,1
2026-02-16,ord_6313,Planter,unknown,56.97,0
2026-02-16,ord_6314,Serving Platter,instagram,96.55,0
2026-02-16,ord_6315,Butter Dish,instagram,43.86,0
2026-02-16,ord_6316,Sunset Mug,referral,50.74,1
2026-02-16,ord_6317,Speckled Bowl,unknown,53.69,0
2026-02-16,ord_6318,Ridge Vase,instagram,76.46,0
2026-02-16,ord_6319,Espresso Cup Pair,referral,53.93,0
2026-02-16,ord_6320,Espresso Cup Pair,direct,39.15,0
2026-02-16,ord_6321,Speckled Bowl,referral,44.18,1
2026-02-16,ord_6322,Sunset Mug,unknown,47.18,1
2026-02-16,ord_6323,Ridge Vase,instagram,69.1,1
2026-02-16,ord_6324,Butter Dish,instagram,38.49,0
2026-02-16,ord_6325,Sunset Mug,direct,44.69,1
2026-02-16,ord_6326,Planter,direct,63.19,1
2026-02-16,ord_6327,Ridge Vase,instagram,71.81,1
2026-02-16,ord_6328,Dinner Plate Set,unknown,119.81,1
2026-02-16,ord_6329,Dinner Plate Set,instagram,128.1,0
2026-02-16,ord_6330,Planter,unknown,54.38,1
2026-02-16,ord_6331,Ridge Vase,referral,64.28,0
2026-02-16,ord_6332,Ridge Vase,referral,71.42,1
2026-02-16,ord_6333,Ridge Vase,referral,59.57,1
2026-02-16,ord_6334,Sunset Mug,direct,50.37,1
2026-02-16,ord_6335,Espresso Cup Pair,instagram,53.62,1
2026-02-16,ord_6336,Serving Platter,instagram,102.91,0
2026-02-16,ord_6337,Sunset Mug,direct,39.98,0
2026-02-16,ord_6338,Sunset Mug,referral,33.68,0
2026-02-16,ord_6339,Ridge Vase,direct,63.49,1
2026-02-16,ord_6340,Speckled Bowl,direct,56.26,1
2026-02-16,ord_6341,Planter,instagram,42.31,0
2026-02-16,ord_6342,Butter Dish,instagram,39.48,1
2026-02-16,ord_6343,Planter,direct,42.0,1
2026-02-16,ord_6344,Ridge Vase,instagram,72.67,0
2026-02-16,ord_6345,Ridge Vase,instagram,57.17,1
2026-02-16,ord_6346,Dinner Plate Set,referral,114.14,0
2026-02-16,ord_6347,Sunset Mug,unknown,47.68,0
2026-02-16,ord_6348,Serving Platter,unknown,93.35,1
2026-02-16,ord_6349,Butter Dish,instagram,35.7,0
2026-02-16,ord_6350,Butter Dish,instagram,35.23,1
2026-02-16,ord_6351,Dinner Plate Set,instagram,115.72,1
2026-02-16,ord_6352,Speckled Bowl,instagram,46.55,0
2026-02-16,ord_6353,Speckled Bowl,referral,53.56,0
2026-02-16,ord_6354,Serving Platter,direct,79.84,0
2026-02-17,ord_6355,Dinner Plate Set,referral,150.23,0
2026-02-17,ord_6356,Ridge Vase,direct,59.59,0
2026-02-17,ord_6357,Espresso Cup Pair,unknown,39.68,1
2026-02-17,ord_6358,Speckled Bowl,unknown,41.81,0
2026-02-17,ord_6359,Dinner Plate Set,direct,124.4,0
2026-02-17,ord_6360,Butter Dish,direct,35.71,0
2026-02-17,ord_6361,Ridge Vase,referral,83.64,0
2026-02-17,ord_6362,Espresso Cup Pair,instagram,48.61,1
2026-02-17,ord_6363,Ridge Vase,instagram,54.27,0
2026-02-17,ord_6364,Planter,unknown,54.42,0
2026-02-17,ord_6365,Dinner Plate Set,direct,112.61,0
2026-02-17,ord_6366,Planter,unknown,64.58,0
2026-02-17,ord_6367,Planter,unknown,50.97,0
2026-02-17,ord_6368,Planter,referral,51.64,1
2026-02-17,ord_6369,Espresso Cup Pair,instagram,35.82,0
2026-02-17,ord_6370,Sunset Mug,direct,37.01,0
2026-02-17,ord_6371,Dinner Plate Set,instagram,142.98,0
2026-02-17,ord_6372,Serving Platter,direct,117.39,0
2026-02-17,ord_6373,Ridge Vase,referral,72.28,1
2026-02-17,ord_6374,Serving Platter,instagram,81.97,0
2026-02-17,ord_6375,Sunset Mug,instagram,37.59,0
2026-02-17,ord_6376,Sunset Mug,unknown,32.33,0
2026-02-17,ord_6377,Speckled Bowl,instagram,59.0,0
2026-02-17,ord_6378,Dinner Plate Set,direct,143.18,0
2026-02-17,ord_6379,Serving Platter,instagram,77.24,0
2026-02-17,ord_6380,Sunset Mug,direct,47.13,0
2026-02-17,ord_6381,Serving Platter,direct,90.16,0
2026-02-17,ord_6382,Speckled Bowl,direct,42.33,1
2026-02-17,ord_6383,Planter,instagram,45.33,0
2026-02-17,ord_6384,Planter,referral,42.43,0
2026-02-17,ord_6385,Ridge Vase,instagram,66.9,0
2026-02-17,ord_6386,Butter Dish,instagram,40.56,0
2026-02-17,ord_6387,Serving Platter,direct,80.02,0
2026-02-17,ord_6388,Sunset Mug,instagram,49.42,1
2026-02-17,ord_6389,Serving Platter,unknown,117.49,0
2026-02-17,ord_6390,Sunset Mug,unknown,43.61,0
2026-02-17,ord_6391,Dinner Plate Set,instagram,129.15,0
2026-02-17,ord_6392,Planter,instagram,54.32,0
2026-02-17,ord_6393,Butter Dish,instagram,34.21,0
2026-02-17,ord_6394,Sunset Mug,instagram,41.2,1
2026-02-17,ord_6395,Planter,direct,51.1,0
2026-02-17,ord_6396,Butter Dish,instagram,40.41,1
2026-02-17,ord_6397,Butter Dish,unknown,29.93,0
2026-02-17,ord_6398,Dinner Plate Set,direct,145.32,1
2026-02-17,ord_6399,Serving Platter,instagram,92.72,0
2026-02-17,ord_6400,Speckled Bowl,unknown,48.35,0
2026-02-17,ord_6401,Planter,direct,43.13,0
2026-02-17,ord_6402,Ridge Vase,unknown,53.12,0
2026-02-17,ord_6403,Planter,direct,47.17,1
2026-02-17,ord_6404,Speckled Bowl,instagram,57.38,0
2026-02-17,ord_6405,Ridge Vase,referral,62.08,0
2026-02-17,ord_6406,Serving Platter,referral,104.57,0
2026-02-17,ord_6407,Sunset Mug,direct,47.57,1
2026-02-17,ord_6408,Planter,instagram,54.73,0
2026-02-17,ord_6409,Sunset Mug,instagram,34.6,0
2026-02-17,ord_6410,Speckled Bowl,referral,52.4,0
2026-02-17,ord_6411,Dinner Plate Set,referral,123.95,0
2026-02-17,ord_6412,Dinner Plate Set,referral,142.28,0
2026-02-18,ord_6413,Ridge Vase,direct,77.68,1
2026-02-18,ord_6414,Planter,referral,62.15,0
2026-02-18,ord_6415,Sunset Mug,direct,41.06,0
2026-02-18,ord_6416,Serving Platter,direct,75.28,0
2026-02-18,ord_6417,Sunset Mug,instagram,38.82,1
2026-02-18,ord_6418,Serving Platter,direct,105.27,1
2026-02-18,ord_6419,Dinner Plate Set,instagram,111.56,0
2026-02-18,ord_6420,Ridge Vase,instagram,58.45,0
2026-02-18,ord_6421,Butter Dish,instagram,44.38,1
2026-02-18,ord_6422,Butter Dish,direct,45.42,0
2026-02-18,ord_6423,Dinner Plate Set,instagram,140.51,0
2026-02-18,ord_6424,Planter,referral,57.39,0
2026-02-18,ord_6425,Serving Platter,instagram,95.46,0
2026-02-18,ord_6426,Espresso Cup Pair,direct,42.31,0
2026-02-18,ord_6427,Serving Platter,direct,84.07,0
2026-02-18,ord_6428,Butter Dish,unknown,33.42,0
2026-02-18,ord_6429,Espresso Cup Pair,direct,36.6,0
2026-02-18,ord_6430,Speckled Bowl,direct,43.72,0
2026-02-18,ord_6431,Dinner Plate Set,instagram,111.61,1
2026-02-18,ord_6432,Butter Dish,unknown,31.63,0
2026-02-18,ord_6433,Butter Dish,direct,41.89,0
2026-02-18,ord_6434,Serving Platter,instagram,86.78,0
2026-02-18,ord_6435,Serving Platter,unknown,114.85,1
2026-02-18,ord_6436,Planter,instagram,64.38,0
2026-02-18,ord_6437,Sunset Mug,instagram,48.12,0
2026-02-18,ord_6438,Serving Platter,instagram,78.22,0
2026-02-18,ord_6439,Espresso Cup Pair,instagram,38.31,1
2026-02-18,ord_6440,Planter,unknown,57.62,0
2026-02-18,ord_6441,Speckled Bowl,instagram,53.71,0
2026-02-18,ord_6442,Sunset Mug,direct,43.77,0
2026-02-18,ord_6443,Espresso Cup Pair,instagram,54.18,0
2026-02-18,ord_6444,Ridge Vase,referral,64.11,0
2026-02-18,ord_6445,Dinner Plate Set,referral,128.9,0
2026-02-18,ord_6446,Speckled Bowl,direct,59.2,1
2026-02-18,ord_6447,Dinner Plate Set,instagram,127.76,0
2026-02-18,ord_6448,Espresso Cup Pair,direct,36.86,0
2026-02-18,ord_6449,Ridge Vase,referral,81.5,1
2026-02-18,ord_6450,Ridge Vase,referral,74.94,0
2026-02-18,ord_6451,Sunset Mug,instagram,43.9,0
2026-02-18,ord_6452,Sunset Mug,referral,45.94,0
2026-02-18,ord_6453,Ridge Vase,instagram,60.9,0
2026-02-18,ord_6454,Speckled Bowl,unknown,42.29,1
2026-02-18,ord_6455,Butter Dish,direct,41.75,0
2026-02-18,ord_6456,Planter,unknown,52.14,1
2026-02-18,ord_6457,Serving Platter,direct,78.48,1
2026-02-18,ord_6458,Speckled Bowl,direct,38.18,1
2026-02-18,ord_6459,Ridge Vase,unknown,72.46,0
2026-02-18,ord_6460,Speckled Bowl,instagram,43.99,0
2026-02-18,ord_6461,Ridge Vase,instagram,74.9,0
2026-02-18,ord_6462,Planter,direct,42.23,1
2026-02-18,ord_6463,Sunset Mug,direct,33.75,0
2026-02-18,ord_6464,Ridge Vase,unknown,61.78,0
2026-02-18,ord_6465,Planter,instagram,62.43,0
2026-02-18,ord_6466,Dinner Plate Set,instagram,103.3,0
2026-02-18,ord_6467,Ridge Vase,unknown,73.32,0
2026-02-19,ord_6468,Butter Dish,direct,41.52,0
2026-02-19,ord_6469,Butter Dish,direct,38.88,1
2026-02-19,ord_6470,Ridge Vase,instagram,60.51,1
2026-02-19,ord_6471,Ridge Vase,direct,74.57,1
2026-02-19,ord_6472,Espresso Cup Pair,unknown,37.02,1
2026-02-19,ord_6473,Sunset Mug,instagram,51.02,1
2026-02-19,ord_6474,Espresso Cup Pair,unknown,55.61,0
2026-02-19,ord_6475,Espresso Cup Pair,direct,50.42,0
2026-02-19,ord_6476,Sunset Mug,instagram,50.97,1
2026-02-19,ord_6477,Sunset Mug,instagram,44.85,0
2026-02-19,ord_6478,Butter Dish,instagram,38.91,0
2026-02-19,ord_6479,Sunset Mug,unknown,40.85,0
2026-02-19,ord_6480,Sunset Mug,direct,37.77,0
2026-02-19,ord_6481,Planter,instagram,45.93,1
2026-02-19,ord_6482,Ridge Vase,referral,65.5,0
2026-02-19,ord_6483,Espresso Cup Pair,instagram,48.86,0
2026-02-19,ord_6484,Espresso Cup Pair,instagram,52.53,1
2026-02-19,ord_6485,Ridge Vase,instagram,65.73,0
2026-02-19,ord_6486,Butter Dish,instagram,35.68,0
2026-02-19,ord_6487,Butter Dish,unknown,43.71,1
2026-02-19,ord_6488,Ridge Vase,direct,74.41,0
2026-02-19,ord_6489,Sunset Mug,direct,32.84,1
2026-02-19,ord_6490,Speckled Bowl,unknown,48.41,0
2026-02-19,ord_6491,Ridge Vase,direct,77.85,0
2026-02-19,ord_6492,Speckled Bowl,direct,42.11,0
2026-02-19,ord_6493,Speckled Bowl,instagram,43.2,0
2026-02-19,ord_6494,Speckled Bowl,direct,43.51,0
2026-02-19,ord_6495,Espresso Cup Pair,instagram,40.24,0
2026-02-19,ord_6496,Ridge Vase,unknown,56.72,1
2026-02-19,ord_6497,Serving Platter,referral,110.35,0
2026-02-19,ord_6498,Sunset Mug,direct,39.08,1
2026-02-19,ord_6499,Butter Dish,direct,32.56,0
2026-02-19,ord_6500,Espresso Cup Pair,instagram,43.44,0
2026-02-19,ord_6501,Ridge Vase,referral,80.48,0
2026-02-19,ord_6502,Dinner Plate Set,instagram,149.2,1
2026-02-19,ord_6503,Ridge Vase,referral,61.14,0
2026-02-19,ord_6504,Ridge Vase,instagram,53.1,1
2026-02-19,ord_6505,Speckled Bowl,direct,58.32,0
2026-02-19,ord_6506,Planter,instagram,58.58,0
2026-02-19,ord_6507,Espresso Cup Pair,referral,38.14,0
2026-02-19,ord_6508,Speckled Bowl,direct,46.66,1
2026-02-19,ord_6509,Serving Platter,direct,78.06,1
2026-02-19,ord_6510,Dinner Plate Set,direct,104.39,0
2026-02-19,ord_6511,Ridge Vase,direct,61.79,0
2026-02-19,ord_6512,Sunset Mug,instagram,41.46,1
2026-02-19,ord_6513,Serving Platter,instagram,75.39,0
2026-02-19,ord_6514,Dinner Plate Set,referral,130.83,1
2026-02-19,ord_6515,Planter,referral,51.33,0
2026-02-19,ord_6516,Butter Dish,instagram,38.11,0
2026-02-19,ord_6517,Ridge Vase,direct,72.72,0
2026-02-19,ord_6518,Serving Platter,instagram,85.7,0
2026-02-19,ord_6519,Serving Platter,instagram,112.6,1
2026-02-19,ord_6520,Ridge Vase,direct,72.16,0
2026-02-19,ord_6521,Ridge Vase,instagram,64.85,0
2026-02-19,ord_6522,Serving Platter,direct,101.99,1
2026-02-19,ord_6523,Espresso Cup Pair,direct,37.91,1
2026-02-19,ord_6524,Planter,instagram,49.94,1
2026-02-19,ord_6525,Speckled Bowl,direct,41.07,1
2026-02-19,ord_6526,Planter,referral,56.6,0
2026-02-19,ord_6527,Speckled Bowl,direct,56.97,0
2026-02-19,ord_6528,Butter Dish,instagram,34.99,0
2026-02-19,ord_6529,Serving Platter,referral,84.93,1
2026-02-20,ord_6530,Sunset Mug,referral,45.75,0
2026-02-20,ord_6531,Planter,instagram,63.24,0
2026-02-20,ord_6532,Dinner Plate Set,instagram,140.99,0
2026-02-20,ord_6533,Butter Dish,direct,32.09,0
2026-02-20,ord_6534,Butter Dish,direct,39.57,1
2026-02-20,ord_6535,Speckled Bowl,referral,52.64,1
2026-02-20,ord_6536,Serving Platter,unknown,83.15,0
2026-02-20,ord_6537,Ridge Vase,unknown,56.07,1
2026-02-20,ord_6538,Sunset Mug,unknown,44.41,0
2026-02-20,ord_6539,Butter Dish,instagram,31.4,0
2026-02-20,ord_6540,Butter Dish,direct,34.04,1
2026-02-20,ord_6541,Dinner Plate Set,referral,129.17,0
2026-02-20,ord_6542,Serving Platter,referral,114.37,0
2026-02-20,ord_6543,Butter Dish,instagram,45.66,0
2026-02-20,ord_6544,Espresso Cup Pair,referral,48.42,0
2026-02-20,ord_6545,Sunset Mug,direct,35.26,1
2026-02-20,ord_6546,Sunset Mug,referral,34.24,0
2026-02-20,ord_6547,Serving Platter,direct,91.2,0
2026-02-20,ord_6548,Ridge Vase,direct,61.02,1
2026-02-20,ord_6549,Butter Dish,instagram,40.98,1
2026-02-20,ord_6550,Dinner Plate Set,referral,145.68,0
2026-02-20,ord_6551,Sunset Mug,direct,48.55,0
2026-02-20,ord_6552,Dinner Plate Set,direct,148.83,0
2026-02-20,ord_6553,Butter Dish,referral,35.6,0
2026-02-20,ord_6554,Planter,direct,49.14,0
2026-02-20,ord_6555,Serving Platter,unknown,98.86,0
2026-02-20,ord_6556,Serving Platter,instagram,92.36,0
2026-02-20,ord_6557,Ridge Vase,referral,66.54,1
2026-02-20,ord_6558,Butter Dish,instagram,40.46,0
2026-02-20,ord_6559,Espresso Cup Pair,instagram,46.13,1
2026-02-20,ord_6560,Sunset Mug,instagram,38.76,0
2026-02-20,ord_6561,Sunset Mug,unknown,48.02,1
2026-02-20,ord_6562,Speckled Bowl,instagram,44.11,0
2026-02-20,ord_6563,Planter,direct,56.86,0
2026-02-20,ord_6564,Sunset Mug,instagram,43.97,0
2026-02-20,ord_6565,Serving Platter,instagram,75.27,0
2026-02-20,ord_6566,Serving Platter,instagram,76.21,0
2026-02-20,ord_6567,Ridge Vase,unknown,64.04,1
2026-02-20,ord_6568,Planter,direct,63.05,0
2026-02-20,ord_6569,Ridge Vase,instagram,58.56,0
2026-02-20,ord_6570,Speckled Bowl,referral,41.16,0
2026-02-20,ord_6571,Ridge Vase,direct,52.9,1
2026-02-20,ord_6572,Dinner Plate Set,unknown,160.47,0
2026-02-20,ord_6573,Ridge Vase,referral,68.6,1
2026-02-20,ord_6574,Speckled Bowl,direct,44.09,1
2026-02-20,ord_6575,Speckled Bowl,instagram,50.57,0
2026-02-20,ord_6576,Serving Platter,direct,83.25,0
2026-02-20,ord_6577,Sunset Mug,unknown,38.84,0
2026-02-20,ord_6578,Ridge Vase,instagram,80.04,1
2026-02-20,ord_6579,Dinner Plate Set,instagram,109.25,0
2026-02-20,ord_6580,Butter Dish,direct,31.25,1
2026-02-20,ord_6581,Espresso Cup Pair,instagram,38.83,1
2026-02-20,ord_6582,Speckled Bowl,unknown,54.55,0
2026-02-20,ord_6583,Ridge Vase,instagram,66.0,1
2026-02-20,ord_6584,Speckled Bowl,direct,52.11,1
2026-02-20,ord_6585,Sunset Mug,referral,39.77,0
2026-02-20,ord_6586,Planter,unknown,48.03,0
2026-02-20,ord_6587,Espresso Cup Pair,referral,56.0,1
2026-02-20,ord_6588,Sunset Mug,direct,32.78,0
2026-02-21,ord_6589,Sunset Mug,referral,43.96,0
2026-02-21,ord_6590,Planter,direct,55.43,1
2026-02-21,ord_6591,Sunset Mug,direct,36.44,0
2026-02-21,ord_6592,Sunset Mug,referral,50.45,0
2026-02-21,ord_6593,Ridge Vase,direct,65.94,0
2026-02-21,ord_6594,Speckled Bowl,instagram,56.18,1
2026-02-21,ord_6595,Espresso Cup Pair,direct,56.46,0
2026-02-21,ord_6596,Speckled Bowl,instagram,45.81,0
2026-02-21,ord_6597,Butter Dish,unknown,37.9,0
2026-02-21,ord_6598,Espresso Cup Pair,instagram,41.78,0
2026-02-21,ord_6599,Planter,instagram,61.05,1
2026-02-21,ord_6600,Ridge Vase,direct,66.01,1
2026-02-21,ord_6601,Sunset Mug,direct,32.46,0
2026-02-21,ord_6602,Dinner Plate Set,referral,148.62,0
2026-02-21,ord_6603,Speckled Bowl,referral,40.11,1
2026-02-21,ord_6604,Butter Dish,instagram,30.79,1
2026-02-21,ord_6605,Butter Dish,instagram,43.68,1
2026-02-21,ord_6606,Ridge Vase,instagram,53.19,1
2026-02-21,ord_6607,Speckled Bowl,instagram,47.0,0
2026-02-21,ord_6608,Planter,instagram,42.12,0
2026-02-21,ord_6609,Butter Dish,instagram,35.22,0
2026-02-21,ord_6610,Sunset Mug,instagram,50.53,0
2026-02-21,ord_6611,Butter Dish,referral,36.6,1
2026-02-21,ord_6612,Speckled Bowl,direct,48.57,0
2026-02-21,ord_6613,Sunset Mug,direct,33.51,1
2026-02-21,ord_6614,Serving Platter,referral,85.94,0
2026-02-21,ord_6615,Dinner Plate Set,instagram,160.52,0
2026-02-21,ord_6616,Speckled Bowl,direct,42.35,0
2026-02-21,ord_6617,Serving Platter,direct,88.8,0
2026-02-21,ord_6618,Butter Dish,instagram,44.86,0
2026-02-21,ord_6619,Butter Dish,direct,42.43,0
2026-02-21,ord_6620,Serving Platter,unknown,104.72,1
2026-02-21,ord_6621,Dinner Plate Set,direct,105.24,1
2026-02-21,ord_6622,Butter Dish,direct,36.71,1
2026-02-21,ord_6623,Sunset Mug,unknown,37.36,0
2026-02-21,ord_6624,Sunset Mug,referral,42.57,0
2026-02-21,ord_6625,Planter,direct,52.37,1
2026-02-21,ord_6626,Sunset Mug,referral,46.26,0
2026-02-21,ord_6627,Planter,instagram,47.46,1
2026-02-21,ord_6628,Sunset Mug,referral,50.37,0
2026-02-21,ord_6629,Ridge Vase,direct,80.13,0
2026-02-21,ord_6630,Butter Dish,direct,44.13,0
2026-02-21,ord_6631,Butter Dish,referral,41.63,1
2026-02-21,ord_6632,Sunset Mug,instagram,40.43,0
2026-02-21,ord_6633,Speckled Bowl,instagram,47.86,1
2026-02-21,ord_6634,Speckled Bowl,unknown,49.9,1
2026-02-21,ord_6635,Planter,direct,49.27,0
2026-02-21,ord_6636,Sunset Mug,instagram,49.67,0
2026-02-21,ord_6637,Sunset Mug,direct,33.08,1
2026-02-21,ord_6638,Espresso Cup Pair,referral,47.22,1
2026-02-21,ord_6639,Butter Dish,instagram,29.84,0
2026-02-21,ord_6640,Ridge Vase,unknown,75.58,1
2026-02-21,ord_6641,Butter Dish,instagram,39.46,0
2026-02-21,ord_6642,Ridge Vase,unknown,80.68,1
2026-02-21,ord_6643,Butter Dish,direct,44.59,1
2026-02-21,ord_6644,Sunset Mug,direct,41.7,0
2026-02-21,ord_6645,Butter Dish,unknown,32.15,1
2026-02-21,ord_6646,Dinner Plate Set,direct,160.09,1
2026-02-21,ord_6647,Ridge Vase,direct,75.13,0
2026-02-21,ord_6648,Dinner Plate Set,direct,107.61,0
2026-02-21,ord_6649,Espresso Cup Pair,instagram,50.68,0
2026-02-21,ord_6650,Dinner Plate Set,instagram,108.92,1
2026-02-21,ord_6651,Planter,instagram,56.29,0
2026-02-21,ord_6652,Planter,instagram,59.84,0
2026-02-21,ord_6653,Butter Dish,referral,31.68,0
2026-02-21,ord_6654,Butter Dish,instagram,36.7,0
2026-02-21,ord_6655,Sunset Mug,direct,41.83,0
2026-02-21,ord_6656,Sunset Mug,unknown,41.47,0
2026-02-21,ord_6657,Espresso Cup Pair,referral,54.54,1
2026-02-21,ord_6658,Serving Platter,instagram,98.85,0
2026-02-21,ord_6659,Ridge Vase,referral,81.76,1
2026-02-21,ord_6660,Serving Platter,direct,112.38,0
2026-02-21,ord_6661,Speckled Bowl,direct,53.34,0
2026-02-21,ord_6662,Ridge Vase,instagram,75.1,0
2026-02-21,ord_6663,Ridge Vase,unknown,79.84,1
2026-02-21,ord_6664,Butter Dish,instagram,43.84,1
2026-02-21,ord_6665,Sunset Mug,direct,47.58,0
2026-02-21,ord_6666,Sunset Mug,referral,32.3,0
2026-02-21,ord_6667,Espresso Cup Pair,direct,50.23,0
2026-02-21,ord_6668,Sunset Mug,instagram,43.02,0
2026-02-21,ord_6669,Speckled Bowl,unknown,51.1,0
2026-02-21,ord_6670,Sunset Mug,instagram,43.08,1
2026-02-21,ord_6671,Planter,instagram,63.94,0
2026-02-21,ord_6672,Butter Dish,instagram,44.38,1
2026-02-21,ord_6673,Espresso Cup Pair,direct,47.77,1
2026-02-21,ord_6674,Serving Platter,instagram,91.58,1
2026-02-22,ord_6675,Espresso Cup Pair,instagram,39.03,1
2026-02-22,ord_6676,Butter Dish,instagram,38.66,0
2026-02-22,ord_6677,Ridge Vase,referral,59.29,1
2026-02-22,ord_6678,Espresso Cup Pair,referral,35.79,1
2026-02-22,ord_6679,Speckled Bowl,referral,48.29,0
2026-02-22,ord_6680,Speckled Bowl,direct,54.7,1
2026-02-22,ord_6681,Sunset Mug,unknown,48.66,0
2026-02-22,ord_6682,Serving Platter,instagram,75.4,0
2026-02-22,ord_6683,Butter Dish,unknown,33.0,1
2026-02-22,ord_6684,Ridge Vase,instagram,72.08,1
2026-02-22,ord_6685,Ridge Vase,instagram,72.59,1
2026-02-22,ord_6686,Butter Dish,instagram,30.91,0
2026-02-22,ord_6687,Butter Dish,instagram,29.21,1
2026-02-22,ord_6688,Butter Dish,direct,31.91,0
2026-02-22,ord_6689,Dinner Plate Set,referral,105.3,0
2026-02-22,ord_6690,Serving Platter,direct,82.88,0
2026-02-22,ord_6691,Dinner Plate Set,referral,104.52,1
2026-02-22,ord_6692,Dinner Plate Set,direct,118.01,0
2026-02-22,ord_6693,Ridge Vase,unknown,69.29,0
2026-02-22,ord_6694,Speckled Bowl,instagram,44.87,0
2026-02-22,ord_6695,Sunset Mug,instagram,41.07,1
2026-02-22,ord_6696,Planter,direct,54.67,0
2026-02-22,ord_6697,Ridge Vase,instagram,59.95,0
2026-02-22,ord_6698,Speckled Bowl,unknown,54.25,1
2026-02-22,ord_6699,Serving Platter,instagram,108.5,1
2026-02-22,ord_6700,Sunset Mug,instagram,41.22,0
2026-02-22,ord_6701,Espresso Cup Pair,direct,48.58,0
2026-02-22,ord_6702,Ridge Vase,referral,55.47,0
2026-02-22,ord_6703,Ridge Vase,direct,75.86,0
2026-02-22,ord_6704,Sunset Mug,direct,39.2,1
2026-02-22,ord_6705,Dinner Plate Set,unknown,118.83,0
2026-02-22,ord_6706,Serving Platter,instagram,92.94,0
2026-02-22,ord_6707,Planter,referral,51.81,0
2026-02-22,ord_6708,Ridge Vase,unknown,64.61,1
2026-02-22,ord_6709,Espresso Cup Pair,unknown,46.53,1
2026-02-22,ord_6710,Speckled Bowl,instagram,41.13,0
2026-02-22,ord_6711,Butter Dish,unknown,30.15,1
2026-02-22,ord_6712,Serving Platter,referral,88.11,1
2026-02-22,ord_6713,Butter Dish,direct,32.85,1
2026-02-22,ord_6714,Sunset Mug,direct,39.82,0
2026-02-22,ord_6715,Serving Platter,instagram,92.66,0
2026-02-22,ord_6716,Sunset Mug,referral,42.38,0
2026-02-22,ord_6717,Sunset Mug,unknown,49.58,1
2026-02-22,ord_6718,Sunset Mug,direct,34.27,1
2026-02-22,ord_6719,Sunset Mug,instagram,41.17,1
2026-02-22,ord_6720,Espresso Cup Pair,direct,44.3,1
2026-02-22,ord_6721,Dinner Plate Set,instagram,109.4,0
2026-02-22,ord_6722,Sunset Mug,direct,36.66,0
2026-02-22,ord_6723,Sunset Mug,unknown,34.87,0
2026-02-22,ord_6724,Speckled Bowl,instagram,38.27,0
2026-02-22,ord_6725,Planter,direct,52.22,1
2026-02-22,ord_6726,Dinner Plate Set,instagram,111.04,0
2026-02-22,ord_6727,Ridge Vase,instagram,73.72,1
2026-02-22,ord_6728,Sunset Mug,referral,42.09,1
2026-02-22,ord_6729,Planter,instagram,57.76,1
2026-02-22,ord_6730,Butter Dish,direct,35.03,0
2026-02-22,ord_6731,Speckled Bowl,direct,54.6,1
2026-02-22,ord_6732,Butter Dish,instagram,40.66,0
2026-02-22,ord_6733,Ridge Vase,unknown,79.24,0
2026-02-22,ord_6734,Speckled Bowl,instagram,39.65,0
2026-02-22,ord_6735,Butter Dish,referral,43.82,1
2026-02-22,ord_6736,Ridge Vase,direct,59.53,1
2026-02-22,ord_6737,Butter Dish,referral,32.33,1
2026-02-22,ord_6738,Serving Platter,direct,115.33,0
2026-02-22,ord_6739,Dinner Plate Set,instagram,127.99,0
2026-02-22,ord_6740,Planter,referral,63.21,0
2026-02-22,ord_6741,Sunset Mug,instagram,36.06,0
2026-02-22,ord_6742,Speckled Bowl,unknown,46.93,0
2026-02-22,ord_6743,Planter,instagram,44.2,1
2026-02-22,ord_6744,Planter,referral,54.22,0
2026-02-22,ord_6745,Serving Platter,direct,94.19,0
2026-02-22,ord_6746,Sunset Mug,instagram,42.3,1
2026-02-22,ord_6747,Sunset Mug,unknown,48.99,0
2026-02-22,ord_6748,Planter,instagram,61.91,0
2026-02-22,ord_6749,Speckled Bowl,referral,51.77,0
2026-02-22,ord_6750,Dinner Plate Set,instagram,128.31,1
2026-02-22,ord_6751,Serving Platter,instagram,82.73,0
2026-02-22,ord_6752,Serving Platter,unknown,92.54,1
2026-02-22,ord_6753,Dinner Plate Set,direct,126.46,1
2026-02-22,ord_6754,Sunset Mug,instagram,50.61,0
2026-02-22,ord_6755,Speckled Bowl,instagram,47.25,1
2026-02-22,ord_6756,Dinner Plate Set,direct,105.57,0
2026-02-23,ord_6757,Dinner Plate Set,instagram,114.22,0
2026-02-23,ord_6758,Speckled Bowl,instagram,59.34,1
2026-02-23,ord_6759,Serving Platter,direct,76.07,0
2026-02-23,ord_6760,Planter,referral,55.05,0
2026-02-23,ord_6761,Dinner Plate Set,unknown,103.58,1
2026-02-23,ord_6762,Butter Dish,direct,33.09,1
2026-02-23,ord_6763,Ridge Vase,referral,53.61,0
2026-02-23,ord_6764,Ridge Vase,direct,66.14,0
2026-02-23,ord_6765,Espresso Cup Pair,instagram,50.39,1
2026-02-23,ord_6766,Ridge Vase,instagram,62.29,0
2026-02-23,ord_6767,Sunset Mug,referral,33.55,1
2026-02-23,ord_6768,Butter Dish,unknown,32.09,0
2026-02-23,ord_6769,Sunset Mug,instagram,50.76,1
2026-02-23,ord_6770,Dinner Plate Set,instagram,131.83,0
2026-02-23,ord_6771,Serving Platter,instagram,109.82,0
2026-02-23,ord_6772,Speckled Bowl,referral,49.92,0
2026-02-23,ord_6773,Planter,direct,56.99,0
2026-02-23,ord_6774,Speckled Bowl,unknown,48.33,1
2026-02-23,ord_6775,Sunset Mug,referral,38.31,0
2026-02-23,ord_6776,Sunset Mug,instagram,38.38,1
2026-02-23,ord_6777,Planter,instagram,56.35,0
2026-02-23,ord_6778,Planter,instagram,47.36,0
2026-02-23,ord_6779,Speckled Bowl,instagram,50.6,0
2026-02-23,ord_6780,Speckled Bowl,instagram,43.5,1
2026-02-23,ord_6781,Butter Dish,direct,44.97,1
2026-02-23,ord_6782,Planter,instagram,59.18,1
2026-02-23,ord_6783,Sunset Mug,instagram,33.84,1
2026-02-23,ord_6784,Sunset Mug,instagram,39.22,0
2026-02-23,ord_6785,Butter Dish,instagram,33.01,0
2026-02-23,ord_6786,Dinner Plate Set,direct,150.69,0
2026-02-23,ord_6787,Speckled Bowl,instagram,40.85,0
2026-02-23,ord_6788,Sunset Mug,direct,35.53,1
2026-02-23,ord_6789,Dinner Plate Set,unknown,106.55,0
2026-02-23,ord_6790,Planter,referral,56.51,0
2026-02-23,ord_6791,Dinner Plate Set,instagram,144.38,1
2026-02-23,ord_6792,Butter Dish,instagram,33.82,0
2026-02-23,ord_6793,Butter Dish,instagram,29.38,0
2026-02-23,ord_6794,Sunset Mug,direct,34.37,0
2026-02-23,ord_6795,Dinner Plate Set,referral,137.97,0
2026-02-23,ord_6796,Butter Dish,direct,37.18,1
2026-02-23,ord_6797,Ridge Vase,instagram,72.09,0
2026-02-23,ord_6798,Sunset Mug,referral,47.2,0
2026-02-23,ord_6799,Espresso Cup Pair,instagram,47.19,0
2026-02-23,ord_6800,Sunset Mug,direct,37.17,1
2026-02-23,ord_6801,Butter Dish,instagram,32.65,0
2026-02-23,ord_6802,Butter Dish,direct,31.48,0
2026-02-23,ord_6803,Planter,instagram,55.07,1
2026-02-23,ord_6804,Speckled Bowl,direct,51.04,1
2026-02-23,ord_6805,Ridge Vase,instagram,59.85,1
2026-02-23,ord_6806,Serving Platter,direct,77.33,0
2026-02-23,ord_6807,Butter Dish,direct,30.38,0
2026-02-23,ord_6808,Sunset Mug,direct,34.63,1
2026-02-23,ord_6809,Planter,referral,56.39,0
2026-02-23,ord_6810,Espresso Cup Pair,unknown,49.73,0
2026-02-23,ord_6811,Espresso Cup Pair,instagram,54.64,0
2026-02-23,ord_6812,Speckled Bowl,direct,44.54,0
2026-02-23,ord_6813,Serving Platter,referral,89.62,0
2026-02-23,ord_6814,Speckled Bowl,direct,50.37,1
2026-02-23,ord_6815,Planter,direct,44.82,1
2026-02-23,ord_6816,Ridge Vase,direct,66.34,1
2026-02-23,ord_6817,Sunset Mug,direct,33.62,0
2026-02-23,ord_6818,Planter,instagram,43.82,1
2026-02-23,ord_6819,Planter,instagram,53.11,0
2026-02-23,ord_6820,Planter,instagram,49.61,0
2026-02-23,ord_6821,Sunset Mug,instagram,49.93,1
2026-02-23,ord_6822,Ridge Vase,instagram,80.96,0
2026-02-23,ord_6823,Planter,instagram,40.86,1
2026-02-23,ord_6824,Sunset Mug,direct,37.13,0
2026-02-23,ord_6825,Ridge Vase,unknown,76.1,0
2026-02-23,ord_6826,Ridge Vase,direct,65.17,1
2026-02-23,ord_6827,Ridge Vase,referral,54.34,0
2026-02-23,ord_6828,Sunset Mug,referral,39.54,1
2026-02-23,ord_6829,Sunset Mug,unknown,43.56,1
2026-02-23,ord_6830,Sunset Mug,referral,44.64,0
2026-02-23,ord_6831,Espresso Cup Pair,unknown,47.53,0
2026-02-23,ord_6832,Butter Dish,referral,38.72,0
2026-02-23,ord_6833,Sunset Mug,direct,35.55,0
2026-02-23,ord_6834,Sunset Mug,instagram,40.0,0
2026-02-23,ord_6835,Planter,instagram,52.09,1
2026-02-23,ord_6836,Serving Platter,unknown,107.85,1
2026-02-23,ord_6837,Ridge Vase,direct,67.72,0
2026-02-23,ord_6838,Sunset Mug,referral,45.03,1
2026-02-23,ord_6839,Ridge Vase,instagram,75.28,0
2026-02-24,ord_6840,Sunset Mug,direct,38.46,0
2026-02-24,ord_6841,Sunset Mug,unknown,50.5,1
2026-02-24,ord_6842,Planter,direct,59.02,0
2026-02-24,ord_6843,Butter Dish,instagram,36.6,0
2026-02-24,ord_6844,Ridge Vase,referral,73.97,0
2026-02-24,ord_6845,Planter,unknown,62.66,1
2026-02-24,ord_6846,Espresso Cup Pair,direct,45.82,0
2026-02-24,ord_6847,Planter,instagram,61.01,0
2026-02-24,ord_6848,Sunset Mug,referral,41.24,0
2026-02-24,ord_6849,Sunset Mug,direct,32.78,0
2026-02-24,ord_6850,Planter,referral,42.76,0
2026-02-24,ord_6851,Dinner Plate Set,direct,102.48,0
2026-02-24,ord_6852,Speckled Bowl,instagram,43.04,1
2026-02-24,ord_6853,Dinner Plate Set,instagram,140.29,0
2026-02-24,ord_6854,Speckled Bowl,unknown,54.55,1
2026-02-24,ord_6855,Espresso Cup Pair,direct,45.78,0
2026-02-24,ord_6856,Butter Dish,instagram,44.28,0
2026-02-24,ord_6857,Sunset Mug,direct,41.87,0
2026-02-24,ord_6858,Sunset Mug,instagram,32.61,0
2026-02-24,ord_6859,Sunset Mug,instagram,45.0,1
2026-02-24,ord_6860,Ridge Vase,direct,77.99,1
2026-02-24,ord_6861,Speckled Bowl,direct,47.34,0
2026-02-24,ord_6862,Serving Platter,direct,97.31,0
2026-02-24,ord_6863,Sunset Mug,unknown,38.27,0
2026-02-24,ord_6864,Ridge Vase,instagram,72.22,0
2026-02-24,ord_6865,Planter,referral,41.04,1
2026-02-24,ord_6866,Speckled Bowl,instagram,47.19,0
2026-02-24,ord_6867,Speckled Bowl,referral,37.56,1
2026-02-24,ord_6868,Butter Dish,direct,40.51,0
2026-02-24,ord_6869,Espresso Cup Pair,instagram,43.1,0
2026-02-24,ord_6870,Speckled Bowl,direct,38.37,0
2026-02-24,ord_6871,Butter Dish,direct,41.53,0
2026-02-24,ord_6872,Dinner Plate Set,instagram,108.0,0
2026-02-24,ord_6873,Espresso Cup Pair,referral,45.62,1
2026-02-24,ord_6874,Speckled Bowl,direct,53.46,1
2026-02-24,ord_6875,Speckled Bowl,instagram,57.55,0
2026-02-24,ord_6876,Sunset Mug,instagram,42.63,0
2026-02-24,ord_6877,Espresso Cup Pair,direct,52.78,1
2026-02-24,ord_6878,Planter,instagram,61.37,1
2026-02-24,ord_6879,Butter Dish,referral,42.05,1
2026-02-24,ord_6880,Planter,instagram,44.52,0
2026-02-24,ord_6881,Butter Dish,referral,39.25,1
2026-02-24,ord_6882,Butter Dish,instagram,30.7,1
2026-02-24,ord_6883,Sunset Mug,unknown,38.25,0
2026-02-24,ord_6884,Serving Platter,direct,102.33,0
2026-02-24,ord_6885,Dinner Plate Set,referral,119.13,0
2026-02-24,ord_6886,Butter Dish,direct,38.98,0
2026-02-24,ord_6887,Sunset Mug,instagram,47.6,1
2026-02-24,ord_6888,Speckled Bowl,direct,59.08,1
2026-02-24,ord_6889,Planter,instagram,46.48,1
2026-02-24,ord_6890,Butter Dish,direct,39.05,0
2026-02-24,ord_6891,Butter Dish,instagram,39.54,0
2026-02-24,ord_6892,Planter,direct,57.93,0
2026-02-24,ord_6893,Planter,instagram,56.61,1
2026-02-24,ord_6894,Dinner Plate Set,direct,157.21,1
2026-02-24,ord_6895,Butter Dish,referral,35.25,0
2026-02-24,ord_6896,Serving Platter,instagram,108.6,0
2026-02-24,ord_6897,Dinner Plate Set,referral,107.59,0
2026-02-24,ord_6898,Planter,direct,59.55,0
2026-02-24,ord_6899,Planter,direct,50.2,0
2026-02-24,ord_6900,Dinner Plate Set,referral,159.59,0
2026-02-25,ord_6901,Planter,direct,44.32,1
2026-02-25,ord_6902,Sunset Mug,referral,39.5,0
2026-02-25,ord_6903,Sunset Mug,instagram,41.28,0
2026-02-25,ord_6904,Ridge Vase,referral,66.53,0
2026-02-25,ord_6905,Ridge Vase,unknown,63.76,1
2026-02-25,ord_6906,Ridge Vase,instagram,64.97,0
2026-02-25,ord_6907,Butter Dish,instagram,34.87,0
2026-02-25,ord_6908,Ridge Vase,direct,57.1,0
2026-02-25,ord_6909,Speckled Bowl,unknown,58.07,0
2026-02-25,ord_6910,Ridge Vase,instagram,72.91,0
2026-02-25,ord_6911,Dinner Plate Set,unknown,107.52,0
2026-02-25,ord_6912,Dinner Plate Set,instagram,132.4,1
2026-02-25,ord_6913,Butter Dish,direct,44.02,0
2026-02-25,ord_6914,Espresso Cup Pair,instagram,43.37,1
2026-02-25,ord_6915,Ridge Vase,unknown,61.12,0
2026-02-25,ord_6916,Serving Platter,direct,87.25,0
2026-02-25,ord_6917,Speckled Bowl,referral,56.25,1
2026-02-25,ord_6918,Butter Dish,direct,29.75,0
2026-02-25,ord_6919,Ridge Vase,instagram,75.48,0
2026-02-25,ord_6920,Dinner Plate Set,direct,107.94,0
2026-02-25,ord_6921,Serving Platter,instagram,85.96,0
2026-02-25,ord_6922,Butter Dish,instagram,39.82,0
2026-02-25,ord_6923,Butter Dish,direct,40.85,0
2026-02-25,ord_6924,Butter Dish,unknown,41.37,0
2026-02-25,ord_6925,Espresso Cup Pair,referral,43.3,1
2026-02-25,ord_6926,Speckled Bowl,direct,48.22,0
2026-02-25,ord_6927,Butter Dish,instagram,44.26,1
2026-02-25,ord_6928,Butter Dish,instagram,31.17,0
2026-02-25,ord_6929,Speckled Bowl,instagram,42.7,0
2026-02-25,ord_6930,Sunset Mug,direct,45.14,1
2026-02-25,ord_6931,Butter Dish,instagram,41.27,1
2026-02-25,ord_6932,Sunset Mug,direct,45.74,0
2026-02-25,ord_6933,Serving Platter,direct,87.73,0
2026-02-25,ord_6934,Sunset Mug,referral,45.27,0
2026-02-25,ord_6935,Ridge Vase,direct,74.58,0
2026-02-25,ord_6936,Espresso Cup Pair,unknown,37.54,0
2026-02-25,ord_6937,Sunset Mug,instagram,47.14,0
2026-02-25,ord_6938,Speckled Bowl,instagram,52.56,1
2026-02-25,ord_6939,Sunset Mug,referral,37.42,0
2026-02-25,ord_6940,Dinner Plate Set,direct,151.03,1
2026-02-25,ord_6941,Sunset Mug,instagram,42.98,0
2026-02-25,ord_6942,Speckled Bowl,referral,50.12,0
2026-02-25,ord_6943,Ridge Vase,direct,79.69,0
2026-02-25,ord_6944,Ridge Vase,instagram,54.48,0
2026-02-25,ord_6945,Ridge Vase,unknown,80.17,1
2026-02-25,ord_6946,Speckled Bowl,instagram,46.54,0
2026-02-25,ord_6947,Speckled Bowl,direct,54.34,0
2026-02-25,ord_6948,Serving Platter,instagram,85.61,1
2026-02-25,ord_6949,Sunset Mug,instagram,42.33,0
2026-02-25,ord_6950,Dinner Plate Set,direct,150.38,0
2026-02-25,ord_6951,Ridge Vase,instagram,62.77,0
2026-02-25,ord_6952,Planter,instagram,59.69,0
2026-02-25,ord_6953,Planter,instagram,55.82,1
2026-02-25,ord_6954,Sunset Mug,instagram,35.25,1
2026-02-25,ord_6955,Speckled Bowl,referral,49.11,0
2026-02-25,ord_6956,Serving Platter,instagram,88.06,0
2026-02-25,ord_6957,Speckled Bowl,referral,46.17,0
2026-02-26,ord_6958,Sunset Mug,instagram,45.91,0
2026-02-26,ord_6959,Sunset Mug,direct,43.29,0
2026-02-26,ord_6960,Sunset Mug,direct,32.77,1
2026-02-26,ord_6961,Speckled Bowl,direct,50.79,0
2026-02-26,ord_6962,Speckled Bowl,referral,51.78,0
2026-02-26,ord_6963,Ridge Vase,direct,69.42,1
2026-02-26,ord_6964,Planter,instagram,53.44,0
2026-02-26,ord_6965,Speckled Bowl,direct,48.94,0
2026-02-26,ord_6966,Espresso Cup Pair,direct,48.26,0
2026-02-26,ord_6967,Serving Platter,referral,96.01,0
2026-02-26,ord_6968,Planter,direct,64.08,0
2026-02-26,ord_6969,Butter Dish,direct,42.25,0
2026-02-26,ord_6970,Espresso Cup Pair,direct,53.19,1
2026-02-26,ord_6971,Serving Platter,direct,117.23,1
2026-02-26,ord_6972,Espresso Cup Pair,referral,40.09,1
2026-02-26,ord_6973,Ridge Vase,referral,57.35,0
2026-02-26,ord_6974,Espresso Cup Pair,direct,50.32,1
2026-02-26,ord_6975,Sunset Mug,instagram,46.95,0
2026-02-26,ord_6976,Sunset Mug,instagram,50.6,0
2026-02-26,ord_6977,Sunset Mug,direct,41.12,1
2026-02-26,ord_6978,Planter,instagram,50.63,1
2026-02-26,ord_6979,Dinner Plate Set,instagram,118.42,0
2026-02-26,ord_6980,Butter Dish,referral,34.11,1
2026-02-26,ord_6981,Planter,referral,61.95,0
2026-02-26,ord_6982,Butter Dish,direct,30.26,1
2026-02-26,ord_6983,Butter Dish,instagram,41.39,0
2026-02-26,ord_6984,Speckled Bowl,instagram,42.61,1
2026-02-26,ord_6985,Espresso Cup Pair,unknown,39.59,1
2026-02-26,ord_6986,Speckled Bowl,unknown,45.41,0
2026-02-26,ord_6987,Ridge Vase,referral,56.99,0
2026-02-26,ord_6988,Planter,direct,42.7,0
2026-02-26,ord_6989,Speckled Bowl,instagram,40.73,0
2026-02-26,ord_6990,Ridge Vase,unknown,56.26,1
2026-02-26,ord_6991,Ridge Vase,direct,56.65,0
2026-02-26,ord_6992,Espresso Cup Pair,unknown,52.56,0
2026-02-26,ord_6993,Sunset Mug,direct,46.16,1
2026-02-26,ord_6994,Sunset Mug,referral,44.7,0
2026-02-26,ord_6995,Espresso Cup Pair,instagram,43.17,0
2026-02-26,ord_6996,Speckled Bowl,direct,47.84,0
2026-02-26,ord_6997,Sunset Mug,unknown,34.64,1
2026-02-26,ord_6998,Planter,instagram,55.1,0
2026-02-26,ord_6999,Sunset Mug,instagram,34.19,1
2026-02-26,ord_7000,Ridge Vase,instagram,74.71,1
2026-02-26,ord_7001,Butter Dish,instagram,38.93,0
2026-02-26,ord_7002,Dinner Plate Set,referral,126.91,1
2026-02-26,ord_7003,Ridge Vase,referral,81.05,0
2026-02-26,ord_7004,Planter,instagram,56.68,0
2026-02-26,ord_7005,Speckled Bowl,instagram,44.17,0
2026-02-26,ord_7006,Serving Platter,direct,117.87,0
2026-02-26,ord_7007,Sunset Mug,direct,49.02,0
2026-02-26,ord_7008,Sunset Mug,direct,44.67,0
2026-02-26,ord_7009,Sunset Mug,direct,44.39,1
2026-02-26,ord_7010,Ridge Vase,instagram,79.85,0
2026-02-26,ord_7011,Sunset Mug,direct,45.85,0
2026-02-26,ord_7012,Dinner Plate Set,referral,149.84,0
2026-02-26,ord_7013,Serving Platter,instagram,77.02,0
2026-02-26,ord_7014,Butter Dish,instagram,39.28,0
2026-02-26,ord_7015,Dinner Plate Set,instagram,127.73,0
2026-02-26,ord_7016,Dinner Plate Set,instagram,136.59,0
2026-02-26,ord_7017,Sunset Mug,direct,50.94,1
2026-02-26,ord_7018,Butter Dish,referral,39.99,1
2026-02-26,ord_7019,Ridge Vase,referral,83.36,0
2026-02-26,ord_7020,Serving Platter,direct,81.52,0
2026-02-26,ord_7021,Sunset Mug,unknown,47.14,1
2026-02-26,ord_7022,Serving Platter,instagram,108.28,0
2026-02-26,ord_7023,Ridge Vase,referral,62.81,0
2026-02-26,ord_7024,Sunset Mug,unknown,42.18,0
2026-02-26,ord_7025,Sunset Mug,instagram,47.23,1
2026-02-26,ord_7026,Speckled Bowl,direct,46.1,0
2026-02-26,ord_7027,Butter Dish,unknown,34.71,1
2026-02-26,ord_7028,Sunset Mug,unknown,35.28,0
2026-02-26,ord_7029,Sunset Mug,unknown,48.88,0
2026-02-27,ord_7030,Espresso Cup Pair,direct,46.57,0
2026-02-27,ord_7031,Butter Dish,instagram,31.06,1
2026-02-27,ord_7032,Planter,referral,43.52,0
2026-02-27,ord_7033,Butter Dish,instagram,32.95,0
2026-02-27,ord_7034,Planter,instagram,63.1,1
2026-02-27,ord_7035,Sunset Mug,direct,40.04,1
2026-02-27,ord_7036,Sunset Mug,referral,48.57,0
2026-02-27,ord_7037,Serving Platter,referral,114.77,0
2026-02-27,ord_7038,Serving Platter,instagram,94.06,0
2026-02-27,ord_7039,Ridge Vase,instagram,59.89,1
2026-02-27,ord_7040,Dinner Plate Set,instagram,161.93,0
2026-02-27,ord_7041,Ridge Vase,direct,63.23,0
2026-02-27,ord_7042,Espresso Cup Pair,instagram,52.0,0
2026-02-27,ord_7043,Espresso Cup Pair,instagram,40.85,0
2026-02-27,ord_7044,Butter Dish,instagram,42.48,0
2026-02-27,ord_7045,Serving Platter,direct,84.56,1
2026-02-27,ord_7046,Ridge Vase,instagram,60.9,0
2026-02-27,ord_7047,Sunset Mug,referral,50.67,0
2026-02-27,ord_7048,Sunset Mug,referral,40.92,1
2026-02-27,ord_7049,Butter Dish,unknown,44.09,0
2026-02-27,ord_7050,Espresso Cup Pair,direct,42.7,0
2026-02-27,ord_7051,Serving Platter,instagram,95.25,1
2026-02-27,ord_7052,Espresso Cup Pair,direct,37.15,1
2026-02-27,ord_7053,Ridge Vase,instagram,79.39,0
2026-02-27,ord_7054,Sunset Mug,direct,42.79,0
2026-02-27,ord_7055,Espresso Cup Pair,unknown,41.28,1
2026-02-27,ord_7056,Espresso Cup Pair,direct,39.82,0
2026-02-27,ord_7057,Speckled Bowl,referral,45.29,0
2026-02-27,ord_7058,Espresso Cup Pair,direct,37.01,0
2026-02-27,ord_7059,Planter,instagram,48.16,1
2026-02-27,ord_7060,Speckled Bowl,referral,52.29,0
2026-02-27,ord_7061,Planter,direct,59.61,0
2026-02-27,ord_7062,Planter,instagram,54.68,1
2026-02-27,ord_7063,Butter Dish,unknown,33.3,1
2026-02-27,ord_7064,Sunset Mug,unknown,34.68,0
2026-02-27,ord_7065,Speckled Bowl,instagram,40.74,0
2026-02-27,ord_7066,Planter,referral,47.88,1
2026-02-27,ord_7067,Ridge Vase,direct,80.31,1
2026-02-27,ord_7068,Butter Dish,referral,32.84,0
2026-02-27,ord_7069,Sunset Mug,instagram,50.22,1
2026-02-27,ord_7070,Espresso Cup Pair,direct,44.08,0
2026-02-27,ord_7071,Sunset Mug,referral,35.97,0
2026-02-27,ord_7072,Dinner Plate Set,instagram,102.11,0
2026-02-27,ord_7073,Planter,instagram,47.66,0
2026-02-27,ord_7074,Planter,referral,46.19,0
2026-02-27,ord_7075,Ridge Vase,referral,55.55,0
2026-02-27,ord_7076,Butter Dish,instagram,30.19,1
2026-02-27,ord_7077,Ridge Vase,referral,75.51,1
2026-02-27,ord_7078,Sunset Mug,direct,47.24,0
2026-02-27,ord_7079,Dinner Plate Set,instagram,161.28,0
2026-02-27,ord_7080,Ridge Vase,direct,63.57,1
2026-02-27,ord_7081,Serving Platter,direct,89.04,0
2026-02-27,ord_7082,Ridge Vase,referral,60.17,0
2026-02-27,ord_7083,Espresso Cup Pair,direct,52.9,0
2026-02-27,ord_7084,Butter Dish,direct,39.86,0
2026-02-27,ord_7085,Ridge Vase,referral,81.25,1
2026-02-27,ord_7086,Sunset Mug,direct,37.3,0
2026-02-27,ord_7087,Speckled Bowl,referral,53.97,1
2026-02-27,ord_7088,Sunset Mug,unknown,47.18,1
2026-02-27,ord_7089,Butter Dish,direct,39.26,0
2026-02-27,ord_7090,Dinner Plate Set,instagram,103.46,0
2026-02-27,ord_7091,Dinner Plate Set,unknown,156.32,1
2026-02-27,ord_7092,Speckled Bowl,instagram,39.18,0
2026-02-27,ord_7093,Butter Dish,direct,40.98,0
2026-02-27,ord_7094,Espresso Cup Pair,direct,40.95,0
2026-02-27,ord_7095,Sunset Mug,instagram,47.84,1
2026-02-27,ord_7096,Speckled Bowl,instagram,38.45,1
2026-02-27,ord_7097,Ridge Vase,unknown,75.22,0
2026-02-27,ord_7098,Butter Dish,instagram,35.88,0
2026-02-27,ord_7099,Serving Platter,instagram,80.03,1
2026-02-27,ord_7100,Serving Platter,referral,112.82,0
2026-02-27,ord_7101,Speckled Bowl,instagram,54.3,1
2026-02-27,ord_7102,Butter Dish,direct,43.41,0
2026-02-27,ord_7103,Sunset Mug,unknown,48.15,1
2026-02-27,ord_7104,Ridge Vase,instagram,60.72,0
2026-02-27,ord_7105,Sunset Mug,direct,43.01,1
2026-02-27,ord_7106,Ridge Vase,direct,83.66,1
2026-02-27,ord_7107,Butter Dish,direct,42.83,1
2026-02-27,ord_7108,Planter,unknown,48.92,1
2026-02-27,ord_7109,Sunset Mug,unknown,35.21,0
2026-02-27,ord_7110,Ridge Vase,direct,81.67,0
2026-02-27,ord_7111,Sunset Mug,instagram,44.67,0
2026-02-27,ord_7112,Ridge Vase,direct,72.23,1
2026-02-27,ord_7113,Planter,unknown,56.01,0
2026-02-27,ord_7114,Planter,instagram,53.3,0
2026-02-27,ord_7115,Planter,referral,43.76,1
2026-02-27,ord_7116,Sunset Mug,direct,40.37,1
2026-02-27,ord_7117,Ridge Vase,instagram,58.96,1
2026-02-28,ord_7118,Ridge Vase,instagram,78.99,0
2026-02-28,ord_7119,Ridge Vase,instagram,63.74,0
2026-02-28,ord_7120,Speckled Bowl,unknown,49.2,0
2026-02-28,ord_7121,Planter,direct,56.86,0
2026-02-28,ord_7122,Sunset Mug,direct,35.84,0
2026-02-28,ord_7123,Speckled Bowl,referral,56.46,0
2026-02-28,ord_7124,Sunset Mug,referral,41.42,0
2026-02-28,ord_7125,Espresso Cup Pair,direct,37.48,0
2026-02-28,ord_7126,Speckled Bowl,referral,58.16,0
2026-02-28,ord_7127,Planter,unknown,48.82,0
2026-02-28,ord_7128,Ridge Vase,unknown,59.72,0
2026-02-28,ord_7129,Dinner Plate Set,referral,119.07,0
2026-02-28,ord_7130,Speckled Bowl,unknown,52.77,1
2026-02-28,ord_7131,Butter Dish,instagram,32.5,0
2026-02-28,ord_7132,Butter Dish,referral,43.08,0
2026-02-28,ord_7133,Planter,instagram,56.1,1
2026-02-28,ord_7134,Ridge Vase,direct,81.15,0
2026-02-28,ord_7135,Speckled Bowl,instagram,45.49,0
2026-02-28,ord_7136,Planter,instagram,55.74,1
2026-02-28,ord_7137,Espresso Cup Pair,instagram,41.59,0
2026-02-28,ord_7138,Sunset Mug,instagram,38.67,0
2026-02-28,ord_7139,Sunset Mug,instagram,38.99,0
2026-02-28,ord_7140,Butter Dish,instagram,35.82,1
2026-02-28,ord_7141,Speckled Bowl,instagram,40.94,0
2026-02-28,ord_7142,Ridge Vase,direct,60.76,0
2026-02-28,ord_7143,Speckled Bowl,referral,56.05,1
2026-02-28,ord_7144,Dinner Plate Set,direct,158.32,1
2026-02-28,ord_7145,Ridge Vase,instagram,72.73,1
2026-02-28,ord_7146,Serving Platter,instagram,95.49,0
2026-02-28,ord_7147,Dinner Plate Set,direct,110.8,1
2026-02-28,ord_7148,Ridge Vase,direct,69.75,0
2026-02-28,ord_7149,Dinner Plate Set,direct,117.16,1
2026-02-28,ord_7150,Ridge Vase,direct,64.7,0
2026-02-28,ord_7151,Butter Dish,instagram,33.08,0
2026-02-28,ord_7152,Planter,direct,52.93,0
2026-02-28,ord_7153,Dinner Plate Set,referral,111.29,0
2026-02-28,ord_7154,Planter,unknown,51.92,0
2026-02-28,ord_7155,Speckled Bowl,direct,43.34,1
2026-02-28,ord_7156,Sunset Mug,direct,35.84,0
2026-02-28,ord_7157,Espresso Cup Pair,instagram,49.7,0
2026-02-28,ord_7158,Dinner Plate Set,direct,104.47,1
2026-02-28,ord_7159,Ridge Vase,direct,61.83,1
2026-02-28,ord_7160,Sunset Mug,direct,42.29,0
2026-02-28,ord_7161,Espresso Cup Pair,instagram,46.45,1
2026-02-28,ord_7162,Serving Platter,referral,108.55,1
2026-02-28,ord_7163,Sunset Mug,direct,47.27,0
2026-02-28,ord_7164,Serving Platter,instagram,104.45,1
2026-02-28,ord_7165,Sunset Mug,direct,44.68,1
2026-02-28,ord_7166,Espresso Cup Pair,instagram,48.97,0
2026-02-28,ord_7167,Sunset Mug,unknown,50.84,0
2026-02-28,ord_7168,Sunset Mug,instagram,34.7,0
2026-02-28,ord_7169,Dinner Plate Set,instagram,128.97,1
2026-02-28,ord_7170,Dinner Plate Set,unknown,102.7,0
2026-02-28,ord_7171,Butter Dish,instagram,42.0,1
2026-02-28,ord_7172,Dinner Plate Set,direct,133.07,0
2026-02-28,ord_7173,Ridge Vase,referral,66.68,0
2026-02-28,ord_7174,Speckled Bowl,direct,55.47,0
2026-02-28,ord_7175,Butter Dish,direct,28.95,1
2026-02-28,ord_7176,Speckled Bowl,instagram,44.29,1
2026-02-28,ord_7177,Ridge Vase,referral,52.82,0
2026-02-28,ord_7178,Speckled Bowl,direct,51.16,0
2026-02-28,ord_7179,Planter,instagram,54.25,1
2026-02-28,ord_7180,Dinner Plate Set,instagram,110.74,0
2026-02-28,ord_7181,Planter,instagram,53.68,1
2026-03-01,ord_7182,Speckled Bowl,direct,45.16,0
2026-03-01,ord_7183,Espresso Cup Pair,referral,41.54,0
2026-03-01,ord_7184,Sunset Mug,referral,44.52,1
2026-03-01,ord_7185,Ridge Vase,unknown,65.79,1
2026-03-01,ord_7186,Ridge Vase,instagram,83.01,1
2026-03-01,ord_7187,Serving Platter,instagram,75.59,0
2026-03-01,ord_7188,Butter Dish,instagram,40.24,0
2026-03-01,ord_7189,Butter Dish,instagram,43.83,0
2026-03-01,ord_7190,Sunset Mug,direct,38.4,0
2026-03-01,ord_7191,Ridge Vase,instagram,82.86,1
2026-03-01,ord_7192,Speckled Bowl,referral,56.77,0
2026-03-01,ord_7193,Speckled Bowl,instagram,53.73,0
2026-03-01,ord_7194,Dinner Plate Set,referral,128.58,0
2026-03-01,ord_7195,Butter Dish,instagram,40.66,1
2026-03-01,ord_7196,Speckled Bowl,referral,51.36,0
2026-03-01,ord_7197,Dinner Plate Set,unknown,152.09,0
2026-03-01,ord_7198,Butter Dish,direct,30.65,1
2026-03-01,ord_7199,Sunset Mug,referral,49.37,0
2026-03-01,ord_7200,Serving Platter,instagram,109.93,1
2026-03-01,ord_7201,Speckled Bowl,referral,45.04,1
2026-03-01,ord_7202,Dinner Plate Set,unknown,103.41,1
2026-03-01,ord_7203,Speckled Bowl,referral,44.32,1
2026-03-01,ord_7204,Speckled Bowl,direct,48.44,1
2026-03-01,ord_7205,Planter,referral,61.39,0
2026-03-01,ord_7206,Dinner Plate Set,instagram,142.66,0
2026-03-01,ord_7207,Dinner Plate Set,instagram,128.35,1
2026-03-01,ord_7208,Butter Dish,instagram,29.32,1
2026-03-01,ord_7209,Ridge Vase,direct,74.18,0
2026-03-01,ord_7210,Serving Platter,unknown,99.21,0
2026-03-01,ord_7211,Planter,instagram,53.99,0
2026-03-01,ord_7212,Serving Platter,instagram,101.93,0
2026-03-01,ord_7213,Sunset Mug,unknown,49.47,0
2026-03-01,ord_7214,Serving Platter,unknown,115.05,1
2026-03-01,ord_7215,Sunset Mug,instagram,49.11,1
2026-03-01,ord_7216,Speckled Bowl,direct,53.45,1
2026-03-01,ord_7217,Planter,referral,60.38,1
2026-03-01,ord_7218,Ridge Vase,instagram,74.34,0
2026-03-01,ord_7219,Dinner Plate Set,referral,153.45,1
2026-03-01,ord_7220,Ridge Vase,referral,82.68,0
2026-03-01,ord_7221,Speckled Bowl,instagram,38.75,1
2026-03-01,ord_7222,Sunset Mug,instagram,32.7,0
2026-03-01,ord_7223,Speckled Bowl,unknown,45.0,1
2026-03-01,ord_7224,Dinner Plate Set,unknown,122.15,1
2026-03-01,ord_7225,Planter,direct,64.01,1
2026-03-01,ord_7226,Sunset Mug,referral,34.58,0
2026-03-01,ord_7227,Planter,instagram,49.33,0
2026-03-01,ord_7228,Ridge Vase,instagram,65.17,0
2026-03-01,ord_7229,Ridge Vase,instagram,54.13,0
2026-03-01,ord_7230,Butter Dish,direct,44.9,1
2026-03-01,ord_7231,Dinner Plate Set,direct,123.59,0
2026-03-01,ord_7232,Ridge Vase,instagram,74.91,0
2026-03-01,ord_7233,Espresso Cup Pair,instagram,48.81,1
2026-03-01,ord_7234,Espresso Cup Pair,unknown,40.79,1
2026-03-01,ord_7235,Dinner Plate Set,unknown,157.74,0
2026-03-01,ord_7236,Espresso Cup Pair,referral,40.89,0
2026-03-01,ord_7237,Speckled Bowl,unknown,45.39,1
2026-03-01,ord_7238,Sunset Mug,instagram,37.03,0
2026-03-01,ord_7239,Speckled Bowl,instagram,46.69,1
2026-03-01,ord_7240,Speckled Bowl,direct,53.5,0
2026-03-01,ord_7241,Dinner Plate Set,direct,152.01,0
2026-03-01,ord_7242,Butter Dish,unknown,28.91,1
2026-03-01,ord_7243,Butter Dish,referral,42.15,0
2026-03-01,ord_7244,Ridge Vase,referral,71.15,0
2026-03-01,ord_7245,Ridge Vase,unknown,71.34,0
2026-03-01,ord_7246,Serving Platter,direct,77.75,0
2026-03-01,ord_7247,Planter,instagram,64.57,0
2026-03-02,ord_7248,Espresso Cup Pair,direct,48.5,0
2026-03-02,ord_7249,Dinner Plate Set,direct,147.5,1
2026-03-02,ord_7250,Butter Dish,direct,35.29,1
2026-03-02,ord_7251,Serving Platter,referral,118.29,0
2026-03-02,ord_7252,Dinner Plate Set,instagram,102.53,1
2026-03-02,ord_7253,Sunset Mug,unknown,37.41,0
2026-03-02,ord_7254,Espresso Cup Pair,referral,48.76,1
2026-03-02,ord_7255,Speckled Bowl,instagram,46.54,1
2026-03-02,ord_7256,Sunset Mug,instagram,46.69,0
2026-03-02,ord_7257,Espresso Cup Pair,direct,47.84,1
2026-03-02,ord_7258,Ridge Vase,referral,78.77,0
2026-03-02,ord_7259,Ridge Vase,unknown,78.05,0
2026-03-02,ord_7260,Speckled Bowl,unknown,47.07,0
2026-03-02,ord_7261,Butter Dish,direct,31.76,1
2026-03-02,ord_7262,Speckled Bowl,direct,49.17,0
2026-03-02,ord_7263,Planter,instagram,42.28,0
2026-03-02,ord_7264,Ridge Vase,referral,73.75,1
2026-03-02,ord_7265,Speckled Bowl,instagram,58.06,0
2026-03-02,ord_7266,Speckled Bowl,instagram,49.25,0
2026-03-02,ord_7267,Speckled Bowl,referral,38.66,1
2026-03-02,ord_7268,Speckled Bowl,instagram,52.74,1
2026-03-02,ord_7269,Speckled Bowl,instagram,44.93,1
2026-03-02,ord_7270,Dinner Plate Set,direct,127.41,1
2026-03-02,ord_7271,Sunset Mug,direct,43.97,0
2026-03-02,ord_7272,Speckled Bowl,referral,51.31,0
2026-03-02,ord_7273,Espresso Cup Pair,instagram,48.51,0
2026-03-02,ord_7274,Speckled Bowl,direct,54.21,0
2026-03-02,ord_7275,Butter Dish,instagram,44.4,0
2026-03-02,ord_7276,Serving Platter,unknown,86.93,0
2026-03-02,ord_7277,Dinner Plate Set,instagram,133.74,0
2026-03-02,ord_7278,Speckled Bowl,direct,51.6,0
2026-03-02,ord_7279,Planter,referral,48.9,0
2026-03-02,ord_7280,Espresso Cup Pair,direct,40.68,0
2026-03-02,ord_7281,Sunset Mug,direct,51.24,0
2026-03-02,ord_7282,Planter,direct,48.79,1
2026-03-02,ord_7283,Speckled Bowl,direct,51.48,1
2026-03-02,ord_7284,Sunset Mug,unknown,35.21,0
2026-03-02,ord_7285,Speckled Bowl,instagram,58.27,0
2026-03-02,ord_7286,Dinner Plate Set,direct,146.19,1
2026-03-02,ord_7287,Ridge Vase,instagram,65.41,0
2026-03-02,ord_7288,Ridge Vase,direct,59.54,0
2026-03-02,ord_7289,Espresso Cup Pair,direct,48.11,0
2026-03-02,ord_7290,Ridge Vase,unknown,74.52,0
2026-03-02,ord_7291,Speckled Bowl,referral,43.96,0
2026-03-02,ord_7292,Dinner Plate Set,direct,136.38,0
2026-03-02,ord_7293,Dinner Plate Set,instagram,107.58,1
2026-03-02,ord_7294,Dinner Plate Set,instagram,111.52,1
2026-03-02,ord_7295,Speckled Bowl,referral,48.14,0
2026-03-02,ord_7296,Planter,direct,46.78,1
2026-03-02,ord_7297,Serving Platter,instagram,84.65,1
2026-03-02,ord_7298,Ridge Vase,instagram,77.15,0
2026-03-02,ord_7299,Butter Dish,direct,37.13,0
2026-03-02,ord_7300,Ridge Vase,instagram,80.87,1
2026-03-02,ord_7301,Butter Dish,instagram,40.56,1
2026-03-02,ord_7302,Dinner Plate Set,instagram,147.34,0
2026-03-02,ord_7303,Butter Dish,instagram,45.44,0
2026-03-02,ord_7304,Speckled Bowl,instagram,41.91,1
2026-03-02,ord_7305,Planter,direct,46.94,1
2026-03-02,ord_7306,Sunset Mug,instagram,41.4,1
2026-03-02,ord_7307,Butter Dish,referral,43.87,0
2026-03-02,ord_7308,Planter,instagram,41.47,0
2026-03-02,ord_7309,Planter,instagram,53.87,0
2026-03-02,ord_7310,Ridge Vase,instagram,64.52,1
2026-03-02,ord_7311,Dinner Plate Set,unknown,145.8,0
2026-03-02,ord_7312,Planter,referral,50.8,1
2026-03-02,ord_7313,Butter Dish,instagram,32.18,0
2026-03-02,ord_7314,Speckled Bowl,unknown,47.53,0
2026-03-02,ord_7315,Serving Platter,referral,108.58,0
2026-03-03,ord_7316,Ridge Vase,instagram,78.86,0
2026-03-03,ord_7317,Ridge Vase,instagram,66.69,0
2026-03-03,ord_7318,Speckled Bowl,unknown,38.93,0
2026-03-03,ord_7319,Butter Dish,direct,31.64,0
2026-03-03,ord_7320,Ridge Vase,direct,75.67,0
2026-03-03,ord_7321,Ridge Vase,instagram,81.16,0
2026-03-03,ord_7322,Ridge Vase,direct,56.84,1
2026-03-03,ord_7323,Espresso Cup Pair,instagram,38.07,0
2026-03-03,ord_7324,Dinner Plate Set,instagram,117.97,0
2026-03-03,ord_7325,Speckled Bowl,instagram,58.68,0
2026-03-03,ord_7326,Dinner Plate Set,direct,125.25,0
2026-03-03,ord_7327,Butter Dish,direct,30.33,1
2026-03-03,ord_7328,Dinner Plate Set,direct,160.34,1
2026-03-03,ord_7329,Sunset Mug,instagram,48.49,1
2026-03-03,ord_7330,Dinner Plate Set,instagram,145.44,0
2026-03-03,ord_7331,Espresso Cup Pair,direct,50.74,0
2026-03-03,ord_7332,Dinner Plate Set,unknown,118.78,1
2026-03-03,ord_7333,Sunset Mug,unknown,39.36,0
2026-03-03,ord_7334,Sunset Mug,unknown,47.42,0
2026-03-03,ord_7335,Ridge Vase,direct,71.53,1
2026-03-03,ord_7336,Butter Dish,direct,40.29,1
2026-03-03,ord_7337,Sunset Mug,direct,38.06,0
2026-03-03,ord_7338,Speckled Bowl,direct,57.2,0
2026-03-03,ord_7339,Planter,unknown,44.85,0
2026-03-03,ord_7340,Ridge Vase,referral,58.61,1
2026-03-03,ord_7341,Sunset Mug,direct,46.78,1
2026-03-03,ord_7342,Sunset Mug,direct,32.77,1
2026-03-03,ord_7343,Butter Dish,direct,29.2,0
2026-03-03,ord_7344,Speckled Bowl,instagram,55.39,1
2026-03-03,ord_7345,Ridge Vase,unknown,82.5,1
2026-03-03,ord_7346,Sunset Mug,instagram,33.14,0
2026-03-03,ord_7347,Serving Platter,direct,115.65,1
2026-03-03,ord_7348,Espresso Cup Pair,instagram,36.79,1
2026-03-03,ord_7349,Speckled Bowl,unknown,40.2,1
2026-03-03,ord_7350,Ridge Vase,referral,67.77,1
2026-03-03,ord_7351,Espresso Cup Pair,referral,56.05,1
2026-03-03,ord_7352,Speckled Bowl,direct,56.4,0
2026-03-03,ord_7353,Dinner Plate Set,unknown,128.45,1
2026-03-03,ord_7354,Dinner Plate Set,instagram,110.95,0
2026-03-03,ord_7355,Sunset Mug,instagram,49.25,0
2026-03-03,ord_7356,Espresso Cup Pair,instagram,55.57,1
2026-03-03,ord_7357,Dinner Plate Set,unknown,135.95,0
2026-03-03,ord_7358,Sunset Mug,unknown,44.8,0
2026-03-03,ord_7359,Ridge Vase,direct,66.62,1
2026-03-03,ord_7360,Ridge Vase,instagram,77.34,1
2026-03-03,ord_7361,Ridge Vase,instagram,74.67,0
2026-03-03,ord_7362,Sunset Mug,instagram,45.44,1
2026-03-03,ord_7363,Espresso Cup Pair,instagram,45.08,0
2026-03-03,ord_7364,Speckled Bowl,unknown,52.73,0
2026-03-03,ord_7365,Butter Dish,direct,29.34,1
2026-03-03,ord_7366,Sunset Mug,instagram,35.81,0
2026-03-03,ord_7367,Espresso Cup Pair,instagram,41.12,0
2026-03-03,ord_7368,Dinner Plate Set,direct,137.68,0
2026-03-03,ord_7369,Sunset Mug,direct,46.15,0
2026-03-03,ord_7370,Sunset Mug,direct,32.52,0
2026-03-03,ord_7371,Speckled Bowl,referral,58.27,0
2026-03-03,ord_7372,Espresso Cup Pair,instagram,35.72,0
2026-03-03,ord_7373,Speckled Bowl,direct,44.15,1
2026-03-03,ord_7374,Speckled Bowl,direct,58.28,0
2026-03-03,ord_7375,Espresso Cup Pair,instagram,44.08,0
2026-03-03,ord_7376,Sunset Mug,instagram,41.82,1
2026-03-03,ord_7377,Dinner Plate Set,instagram,147.8,0
2026-03-03,ord_7378,Dinner Plate Set,instagram,153.84,1
2026-03-03,ord_7379,Ridge Vase,referral,61.71,0
2026-03-03,ord_7380,Butter Dish,referral,29.98,1
2026-03-03,ord_7381,Ridge Vase,instagram,59.75,1
2026-03-03,ord_7382,Speckled Bowl,direct,53.66,0
2026-03-03,ord_7383,Dinner Plate Set,referral,122.99,0
2026-03-03,ord_7384,Ridge Vase,instagram,57.33,0
2026-03-03,ord_7385,Ridge Vase,referral,73.83,1
2026-03-03,ord_7386,Dinner Plate Set,direct,155.63,1
2026-03-03,ord_7387,Ridge Vase,referral,59.08,1
2026-03-03,ord_7388,Sunset Mug,referral,49.21,0
2026-03-03,ord_7389,Speckled Bowl,instagram,55.73,0
2026-03-04,ord_7390,Speckled Bowl,referral,47.67,1
2026-03-04,ord_7391,Speckled Bowl,unknown,53.49,0
2026-03-04,ord_7392,Butter Dish,unknown,39.69,0
2026-03-04,ord_7393,Planter,instagram,58.86,1
2026-03-04,ord_7394,Serving Platter,instagram,99.99,0
2026-03-04,ord_7395,Ridge Vase,unknown,62.22,0
2026-03-04,ord_7396,Sunset Mug,instagram,45.09,1
2026-03-04,ord_7397,Butter Dish,instagram,30.37,1
2026-03-04,ord_7398,Dinner Plate Set,instagram,137.45,0
2026-03-04,ord_7399,Serving Platter,instagram,86.87,0
2026-03-04,ord_7400,Ridge Vase,unknown,74.2,0
2026-03-04,ord_7401,Sunset Mug,direct,44.16,0
2026-03-04,ord_7402,Butter Dish,direct,36.01,1
2026-03-04,ord_7403,Sunset Mug,instagram,49.52,1
2026-03-04,ord_7404,Speckled Bowl,referral,53.0,0
2026-03-04,ord_7405,Planter,instagram,57.48,0
2026-03-04,ord_7406,Sunset Mug,instagram,44.69,0
2026-03-04,ord_7407,Planter,direct,57.94,1
2026-03-04,ord_7408,Ridge Vase,instagram,61.47,0
2026-03-04,ord_7409,Dinner Plate Set,unknown,125.8,1
2026-03-04,ord_7410,Ridge Vase,direct,65.68,0
2026-03-04,ord_7411,Sunset Mug,unknown,34.59,0
2026-03-04,ord_7412,Ridge Vase,unknown,58.61,0
2026-03-04,ord_7413,Dinner Plate Set,instagram,160.17,1
2026-03-04,ord_7414,Ridge Vase,instagram,79.55,1
2026-03-04,ord_7415,Sunset Mug,referral,40.93,0
2026-03-04,ord_7416,Ridge Vase,direct,76.46,0
2026-03-04,ord_7417,Dinner Plate Set,instagram,153.77,0
2026-03-04,ord_7418,Butter Dish,direct,37.41,0
2026-03-04,ord_7419,Dinner Plate Set,instagram,120.67,0
2026-03-04,ord_7420,Serving Platter,direct,104.99,0
2026-03-04,ord_7421,Dinner Plate Set,instagram,126.49,0
2026-03-04,ord_7422,Planter,instagram,52.6,0
2026-03-04,ord_7423,Speckled Bowl,direct,52.78,1
2026-03-04,ord_7424,Dinner Plate Set,instagram,151.28,0
2026-03-04,ord_7425,Sunset Mug,unknown,38.93,1
2026-03-04,ord_7426,Ridge Vase,instagram,62.53,0
2026-03-04,ord_7427,Speckled Bowl,unknown,42.53,0
2026-03-05,ord_7428,Sunset Mug,referral,35.56,0
2026-03-05,ord_7429,Speckled Bowl,direct,42.67,1
2026-03-05,ord_7430,Butter Dish,referral,31.52,0
2026-03-05,ord_7431,Sunset Mug,instagram,38.89,1
2026-03-05,ord_7432,Sunset Mug,unknown,32.42,1
2026-03-05,ord_7433,Planter,direct,45.13,0
2026-03-05,ord_7434,Speckled Bowl,referral,57.97,0
2026-03-05,ord_7435,Espresso Cup Pair,direct,51.29,0
2026-03-05,ord_7436,Dinner Plate Set,direct,115.08,0
2026-03-05,ord_7437,Espresso Cup Pair,direct,37.22,0
2026-03-05,ord_7438,Dinner Plate Set,instagram,117.25,0
2026-03-05,ord_7439,Planter,instagram,49.39,0
2026-03-05,ord_7440,Espresso Cup Pair,referral,50.17,1
2026-03-05,ord_7441,Ridge Vase,instagram,67.73,0
2026-03-05,ord_7442,Dinner Plate Set,unknown,159.17,0
2026-03-05,ord_7443,Ridge Vase,direct,77.34,0
2026-03-05,ord_7444,Dinner Plate Set,direct,103.46,1
2026-03-05,ord_7445,Sunset Mug,direct,34.94,0
2026-03-05,ord_7446,Ridge Vase,instagram,60.05,1
2026-03-05,ord_7447,Dinner Plate Set,referral,144.77,1
2026-03-05,ord_7448,Butter Dish,referral,38.79,0
2026-03-05,ord_7449,Ridge Vase,unknown,79.3,0
2026-03-05,ord_7450,Sunset Mug,direct,47.22,0
2026-03-05,ord_7451,Speckled Bowl,direct,59.23,1
2026-03-05,ord_7452,Sunset Mug,instagram,50.72,0
2026-03-05,ord_7453,Butter Dish,instagram,44.45,0
2026-03-05,ord_7454,Dinner Plate Set,direct,156.14,1
2026-03-05,ord_7455,Espresso Cup Pair,unknown,36.54,1
2026-03-05,ord_7456,Dinner Plate Set,direct,136.21,0
2026-03-05,ord_7457,Speckled Bowl,referral,55.72,0
2026-03-05,ord_7458,Ridge Vase,unknown,72.89,1
2026-03-05,ord_7459,Sunset Mug,instagram,37.2,0
2026-03-05,ord_7460,Speckled Bowl,unknown,47.7,1
2026-03-05,ord_7461,Speckled Bowl,direct,56.51,0
2026-03-05,ord_7462,Dinner Plate Set,unknown,128.38,0
2026-03-05,ord_7463,Speckled Bowl,direct,40.77,0
2026-03-05,ord_7464,Butter Dish,referral,37.69,1
2026-03-05,ord_7465,Dinner Plate Set,instagram,106.02,0
2026-03-05,ord_7466,Sunset Mug,direct,32.48,1
2026-03-05,ord_7467,Butter Dish,instagram,41.18,1
2026-03-05,ord_7468,Ridge Vase,instagram,79.98,1
2026-03-05,ord_7469,Ridge Vase,direct,58.95,0
2026-03-05,ord_7470,Dinner Plate Set,direct,161.24,1
2026-03-05,ord_7471,Planter,instagram,53.44,0
2026-03-05,ord_7472,Espresso Cup Pair,direct,48.11,0
2026-03-05,ord_7473,Ridge Vase,instagram,70.38,1
2026-03-05,ord_7474,Speckled Bowl,direct,39.04,0
2026-03-05,ord_7475,Serving Platter,instagram,94.29,1
2026-03-06,ord_7476,Speckled Bowl,instagram,56.27,1
2026-03-06,ord_7477,Sunset Mug,referral,40.33,1
2026-03-06,ord_7478,Planter,instagram,42.09,0
2026-03-06,ord_7479,Ridge Vase,instagram,60.75,0
2026-03-06,ord_7480,Espresso Cup Pair,direct,41.07,1
2026-03-06,ord_7481,Espresso Cup Pair,instagram,49.81,1
2026-03-06,ord_7482,Dinner Plate Set,direct,132.09,1
2026-03-06,ord_7483,Sunset Mug,unknown,36.26,0
2026-03-06,ord_7484,Ridge Vase,unknown,63.86,0
2026-03-06,ord_7485,Ridge Vase,direct,66.16,1
2026-03-06,ord_7486,Butter Dish,direct,44.67,1
2026-03-06,ord_7487,Ridge Vase,instagram,79.29,0
2026-03-06,ord_7488,Serving Platter,referral,114.54,0
2026-03-06,ord_7489,Sunset Mug,instagram,35.11,0
2026-03-06,ord_7490,Butter Dish,direct,38.45,0
2026-03-06,ord_7491,Planter,referral,49.82,0
2026-03-06,ord_7492,Dinner Plate Set,instagram,161.52,0
2026-03-06,ord_7493,Speckled Bowl,instagram,48.44,0
2026-03-06,ord_7494,Espresso Cup Pair,direct,53.02,0
2026-03-06,ord_7495,Sunset Mug,referral,42.06,0
2026-03-06,ord_7496,Dinner Plate Set,referral,122.47,1
2026-03-06,ord_7497,Planter,instagram,56.53,0
2026-03-06,ord_7498,Planter,instagram,59.5,0
2026-03-06,ord_7499,Ridge Vase,direct,67.15,0
2026-03-06,ord_7500,Espresso Cup Pair,referral,53.59,0
2026-03-06,ord_7501,Sunset Mug,instagram,41.56,0
2026-03-06,ord_7502,Espresso Cup Pair,unknown,39.39,0
2026-03-06,ord_7503,Dinner Plate Set,instagram,134.65,0
2026-03-06,ord_7504,Ridge Vase,instagram,79.58,1
2026-03-06,ord_7505,Butter Dish,instagram,38.87,1
2026-03-06,ord_7506,Serving Platter,instagram,112.02,1
2026-03-06,ord_7507,Planter,unknown,43.28,1
2026-03-06,ord_7508,Espresso Cup Pair,referral,41.14,0
2026-03-06,ord_7509,Ridge Vase,unknown,67.02,1
2026-03-06,ord_7510,Butter Dish,unknown,37.0,0
2026-03-06,ord_7511,Ridge Vase,unknown,65.69,1
2026-03-06,ord_7512,Sunset Mug,instagram,33.68,0
2026-03-06,ord_7513,Ridge Vase,direct,58.32,0
2026-03-06,ord_7514,Planter,instagram,49.24,0
2026-03-06,ord_7515,Serving Platter,instagram,93.92,0
2026-03-06,ord_7516,Dinner Plate Set,instagram,110.53,1
2026-03-06,ord_7517,Speckled Bowl,instagram,47.87,0
2026-03-06,ord_7518,Speckled Bowl,instagram,43.05,0
2026-03-06,ord_7519,Ridge Vase,instagram,76.63,1
2026-03-06,ord_7520,Dinner Plate Set,unknown,125.3,1
2026-03-06,ord_7521,Dinner Plate Set,referral,140.26,0
2026-03-06,ord_7522,Ridge Vase,referral,62.89,0
2026-03-06,ord_7523,Sunset Mug,instagram,35.43,1
2026-03-06,ord_7524,Butter Dish,unknown,41.73,0
2026-03-06,ord_7525,Butter Dish,instagram,37.55,0
2026-03-06,ord_7526,Sunset Mug,unknown,43.78,0
2026-03-06,ord_7527,Planter,referral,62.89,0
2026-03-07,ord_7528,Espresso Cup Pair,referral,51.65,0
2026-03-07,ord_7529,Ridge Vase,direct,70.83,0
2026-03-07,ord_7530,Espresso Cup Pair,unknown,40.47,0
2026-03-07,ord_7531,Espresso Cup Pair,direct,37.8,1
2026-03-07,ord_7532,Butter Dish,referral,41.39,1
2026-03-07,ord_7533,Ridge Vase,instagram,55.97,0
2026-03-07,ord_7534,Ridge Vase,referral,53.06,0
2026-03-07,ord_7535,Dinner Plate Set,direct,159.58,1
2026-03-07,ord_7536,Serving Platter,instagram,90.33,1
2026-03-07,ord_7537,Serving Platter,instagram,108.74,1
2026-03-07,ord_7538,Serving Platter,unknown,117.98,0
2026-03-07,ord_7539,Butter Dish,instagram,40.26,1
2026-03-07,ord_7540,Espresso Cup Pair,unknown,56.43,1
2026-03-07,ord_7541,Ridge Vase,instagram,75.98,1
2026-03-07,ord_7542,Dinner Plate Set,referral,126.23,1
2026-03-07,ord_7543,Espresso Cup Pair,direct,54.66,0
2026-03-07,ord_7544,Sunset Mug,instagram,45.44,0
2026-03-07,ord_7545,Espresso Cup Pair,instagram,36.22,1
2026-03-07,ord_7546,Ridge Vase,instagram,67.48,0
2026-03-07,ord_7547,Butter Dish,direct,30.1,0
2026-03-07,ord_7548,Espresso Cup Pair,referral,37.57,1
2026-03-07,ord_7549,Serving Platter,instagram,107.88,1
2026-03-07,ord_7550,Speckled Bowl,direct,49.21,0
2026-03-07,ord_7551,Speckled Bowl,referral,51.24,1
2026-03-07,ord_7552,Ridge Vase,referral,74.98,1
2026-03-07,ord_7553,Ridge Vase,direct,54.58,0
2026-03-07,ord_7554,Serving Platter,referral,85.71,1
2026-03-07,ord_7555,Sunset Mug,direct,48.09,1
2026-03-07,ord_7556,Speckled Bowl,instagram,46.02,1
2026-03-07,ord_7557,Butter Dish,direct,31.4,0
2026-03-07,ord_7558,Butter Dish,unknown,39.47,1
2026-03-07,ord_7559,Butter Dish,direct,35.63,1
2026-03-07,ord_7560,Butter Dish,direct,36.72,1
2026-03-07,ord_7561,Planter,direct,53.97,0
2026-03-07,ord_7562,Speckled Bowl,referral,50.75,1
2026-03-07,ord_7563,Speckled Bowl,referral,54.05,1
2026-03-07,ord_7564,Sunset Mug,direct,41.36,1
2026-03-07,ord_7565,Sunset Mug,direct,45.5,1
2026-03-07,ord_7566,Espresso Cup Pair,direct,43.34,1
2026-03-07,ord_7567,Ridge Vase,instagram,71.96,0
2026-03-07,ord_7568,Dinner Plate Set,direct,139.67,0
2026-03-07,ord_7569,Sunset Mug,unknown,42.67,0
2026-03-07,ord_7570,Dinner Plate Set,instagram,121.82,0
2026-03-07,ord_7571,Dinner Plate Set,direct,133.43,0
2026-03-07,ord_7572,Ridge Vase,referral,61.72,0
2026-03-07,ord_7573,Planter,direct,59.5,1
2026-03-07,ord_7574,Speckled Bowl,referral,40.54,0
2026-03-07,ord_7575,Serving Platter,direct,103.83,0
2026-03-07,ord_7576,Serving Platter,unknown,76.27,0
2026-03-08,ord_7577,Speckled Bowl,unknown,56.64,0
2026-03-08,ord_7578,Sunset Mug,referral,46.1,0
2026-03-08,ord_7579,Planter,instagram,61.69,1
2026-03-08,ord_7580,Serving Platter,instagram,118.3,0
2026-03-08,ord_7581,Sunset Mug,instagram,34.89,0
2026-03-08,ord_7582,Butter Dish,instagram,38.94,1
2026-03-08,ord_7583,Butter Dish,direct,45.3,1
2026-03-08,ord_7584,Dinner Plate Set,instagram,120.12,1
2026-03-08,ord_7585,Dinner Plate Set,instagram,144.34,0
2026-03-08,ord_7586,Speckled Bowl,referral,44.91,0
2026-03-08,ord_7587,Planter,instagram,62.32,0
2026-03-08,ord_7588,Serving Platter,direct,92.47,0
2026-03-08,ord_7589,Butter Dish,instagram,32.52,0
2026-03-08,ord_7590,Dinner Plate Set,instagram,149.88,0
2026-03-08,ord_7591,Speckled Bowl,direct,55.1,1
2026-03-08,ord_7592,Speckled Bowl,direct,44.69,0
2026-03-08,ord_7593,Ridge Vase,instagram,64.89,0
2026-03-08,ord_7594,Ridge Vase,unknown,54.11,1
2026-03-08,ord_7595,Planter,referral,48.46,0
2026-03-08,ord_7596,Sunset Mug,direct,51.27,1
2026-03-08,ord_7597,Serving Platter,instagram,81.27,0
2026-03-08,ord_7598,Sunset Mug,instagram,39.09,0
2026-03-08,ord_7599,Espresso Cup Pair,instagram,40.23,0
2026-03-08,ord_7600,Dinner Plate Set,direct,124.95,0
2026-03-08,ord_7601,Ridge Vase,instagram,82.24,0
2026-03-08,ord_7602,Ridge Vase,direct,54.45,1
2026-03-08,ord_7603,Speckled Bowl,unknown,56.77,1
2026-03-08,ord_7604,Sunset Mug,direct,50.47,1
2026-03-08,ord_7605,Speckled Bowl,direct,54.61,0
2026-03-08,ord_7606,Dinner Plate Set,direct,123.73,1
2026-03-08,ord_7607,Espresso Cup Pair,instagram,44.67,0
2026-03-08,ord_7608,Sunset Mug,unknown,44.39,1
2026-03-08,ord_7609,Sunset Mug,unknown,40.06,0
2026-03-08,ord_7610,Butter Dish,referral,40.96,0
2026-03-08,ord_7611,Espresso Cup Pair,direct,47.34,0
2026-03-08,ord_7612,Serving Platter,instagram,78.98,1
2026-03-08,ord_7613,Sunset Mug,instagram,33.23,0
2026-03-08,ord_7614,Sunset Mug,direct,43.99,0
2026-03-08,ord_7615,Speckled Bowl,direct,54.1,0
2026-03-08,ord_7616,Ridge Vase,direct,64.35,0
2026-03-08,ord_7617,Planter,instagram,44.5,0
2026-03-08,ord_7618,Sunset Mug,direct,38.3,0
2026-03-08,ord_7619,Sunset Mug,direct,39.27,0
2026-03-08,ord_7620,Sunset Mug,instagram,49.15,1
2026-03-08,ord_7621,Ridge Vase,instagram,72.34,0
2026-03-08,ord_7622,Speckled Bowl,referral,52.35,0
2026-03-08,ord_7623,Dinner Plate Set,direct,107.54,1
2026-03-08,ord_7624,Butter Dish,instagram,40.36,0
2026-03-08,ord_7625,Speckled Bowl,instagram,52.64,1
2026-03-08,ord_7626,Speckled Bowl,instagram,37.69,0
2026-03-08,ord_7627,Espresso Cup Pair,unknown,41.64,0
2026-03-08,ord_7628,Butter Dish,referral,41.62,0
2026-03-08,ord_7629,Dinner Plate Set,direct,141.22,0
2026-03-08,ord_7630,Sunset Mug,referral,47.24,0
2026-03-08,ord_7631,Planter,instagram,48.39,1
2026-03-08,ord_7632,Ridge Vase,instagram,62.58,0
2026-03-08,ord_7633,Butter Dish,referral,38.43,0
2026-03-08,ord_7634,Planter,instagram,43.15,1
2026-03-09,ord_7635,Dinner Plate Set,instagram,142.39,0
2026-03-09,ord_7636,Dinner Plate Set,direct,117.89,0
2026-03-09,ord_7637,Serving Platter,unknown,115.62,0
2026-03-09,ord_7638,Serving Platter,instagram,88.46,0
2026-03-09,ord_7639,Speckled Bowl,instagram,55.81,1
2026-03-09,ord_7640,Butter Dish,direct,34.8,1
2026-03-09,ord_7641,Dinner Plate Set,instagram,148.52,1
2026-03-09,ord_7642,Espresso Cup Pair,instagram,49.52,1
2026-03-09,ord_7643,Sunset Mug,instagram,33.09,0
2026-03-09,ord_7644,Serving Platter,direct,105.43,1
2026-03-09,ord_7645,Serving Platter,instagram,81.12,0
2026-03-09,ord_7646,Butter Dish,instagram,39.26,1
2026-03-09,ord_7647,Sunset Mug,direct,39.04,1
2026-03-09,ord_7648,Speckled Bowl,direct,40.64,1
2026-03-09,ord_7649,Speckled Bowl,instagram,56.18,0
2026-03-09,ord_7650,Espresso Cup Pair,instagram,45.1,1
2026-03-09,ord_7651,Butter Dish,direct,31.96,0
2026-03-09,ord_7652,Dinner Plate Set,unknown,120.87,0
2026-03-09,ord_7653,Sunset Mug,instagram,41.78,0
2026-03-09,ord_7654,Butter Dish,instagram,30.27,0
2026-03-09,ord_7655,Speckled Bowl,direct,48.96,0
2026-03-09,ord_7656,Speckled Bowl,unknown,47.42,1
2026-03-09,ord_7657,Speckled Bowl,referral,51.66,0
2026-03-09,ord_7658,Speckled Bowl,direct,47.15,0
2026-03-09,ord_7659,Speckled Bowl,instagram,46.86,1
2026-03-09,ord_7660,Speckled Bowl,instagram,42.35,0
2026-03-09,ord_7661,Ridge Vase,instagram,54.17,0
2026-03-09,ord_7662,Sunset Mug,direct,36.35,0
2026-03-09,ord_7663,Ridge Vase,instagram,75.53,0
2026-03-09,ord_7664,Speckled Bowl,direct,38.98,0
2026-03-09,ord_7665,Espresso Cup Pair,instagram,37.1,0
2026-03-09,ord_7666,Planter,instagram,59.46,0
2026-03-09,ord_7667,Serving Platter,direct,102.71,1
2026-03-09,ord_7668,Planter,unknown,59.16,1
2026-03-09,ord_7669,Espresso Cup Pair,unknown,48.02,1
2026-03-09,ord_7670,Dinner Plate Set,instagram,126.52,0
2026-03-09,ord_7671,Espresso Cup Pair,referral,44.37,0
2026-03-09,ord_7672,Butter Dish,referral,30.78,1
2026-03-09,ord_7673,Sunset Mug,instagram,40.48,0
2026-03-09,ord_7674,Serving Platter,direct,102.82,1
2026-03-09,ord_7675,Dinner Plate Set,referral,156.71,0
2026-03-09,ord_7676,Ridge Vase,instagram,72.04,0
2026-03-09,ord_7677,Speckled Bowl,direct,44.95,1
2026-03-09,ord_7678,Ridge Vase,instagram,74.87,0
2026-03-09,ord_7679,Speckled Bowl,instagram,47.87,0
2026-03-09,ord_7680,Ridge Vase,referral,67.64,1
2026-03-09,ord_7681,Serving Platter,direct,96.6,1
2026-03-10,ord_7682,Ridge Vase,direct,76.62,0
2026-03-10,ord_7683,Speckled Bowl,direct,46.83,0
2026-03-10,ord_7684,Butter Dish,direct,30.71,0
2026-03-10,ord_7685,Sunset Mug,instagram,45.26,0
2026-03-10,ord_7686,Dinner Plate Set,instagram,155.44,0
2026-03-10,ord_7687,Ridge Vase,referral,55.46,0
2026-03-10,ord_7688,Planter,direct,56.83,0
2026-03-10,ord_7689,Sunset Mug,referral,49.51,1
2026-03-10,ord_7690,Planter,direct,46.28,0
2026-03-10,ord_7691,Sunset Mug,direct,40.45,0
2026-03-10,ord_7692,Serving Platter,direct,107.66,0
2026-03-10,ord_7693,Sunset Mug,instagram,39.5,0
2026-03-10,ord_7694,Dinner Plate Set,referral,146.28,0
2026-03-10,ord_7695,Dinner Plate Set,instagram,128.26,0
2026-03-10,ord_7696,Dinner Plate Set,referral,114.25,0
2026-03-10,ord_7697,Espresso Cup Pair,instagram,56.51,0
2026-03-10,ord_7698,Planter,instagram,58.97,0
2026-03-10,ord_7699,Serving Platter,instagram,91.0,0
2026-03-10,ord_7700,Sunset Mug,instagram,37.09,0
2026-03-10,ord_7701,Speckled Bowl,instagram,53.14,1
2026-03-10,ord_7702,Planter,direct,47.55,0
2026-03-10,ord_7703,Ridge Vase,instagram,64.26,1
2026-03-10,ord_7704,Ridge Vase,direct,68.99,1
2026-03-10,ord_7705,Butter Dish,direct,43.61,1
2026-03-10,ord_7706,Sunset Mug,instagram,41.94,0
2026-03-10,ord_7707,Dinner Plate Set,unknown,103.64,0
2026-03-10,ord_7708,Serving Platter,referral,76.98,1
2026-03-10,ord_7709,Dinner Plate Set,direct,117.94,0
2026-03-10,ord_7710,Speckled Bowl,instagram,47.1,0
2026-03-10,ord_7711,Ridge Vase,direct,56.68,0
2026-03-10,ord_7712,Serving Platter,instagram,109.18,1
2026-03-10,ord_7713,Dinner Plate Set,instagram,108.57,0
2026-03-10,ord_7714,Ridge Vase,direct,58.1,0
2026-03-10,ord_7715,Speckled Bowl,direct,40.24,0
2026-03-10,ord_7716,Sunset Mug,direct,41.29,0
2026-03-10,ord_7717,Ridge Vase,referral,73.95,1
2026-03-10,ord_7718,Speckled Bowl,direct,40.73,0
2026-03-10,ord_7719,Serving Platter,direct,95.84,1
2026-03-10,ord_7720,Sunset Mug,referral,44.15,0
2026-03-10,ord_7721,Dinner Plate Set,direct,122.7,0
2026-03-10,ord_7722,Serving Platter,unknown,87.89,1
2026-03-11,ord_7723,Butter Dish,instagram,37.61,0
2026-03-11,ord_7724,Dinner Plate Set,direct,137.23,1
2026-03-11,ord_7725,Butter Dish,unknown,37.79,0
2026-03-11,ord_7726,Speckled Bowl,direct,37.76,1
2026-03-11,ord_7727,Butter Dish,instagram,35.02,0
2026-03-11,ord_7728,Serving Platter,instagram,92.01,0
2026-03-11,ord_7729,Speckled Bowl,unknown,41.52,0
2026-03-11,ord_7730,Sunset Mug,instagram,43.39,1
2026-03-11,ord_7731,Serving Platter,referral,115.33,0
2026-03-11,ord_7732,Espresso Cup Pair,instagram,55.58,0
2026-03-11,ord_7733,Speckled Bowl,instagram,40.01,1
2026-03-11,ord_7734,Speckled Bowl,direct,53.22,0
2026-03-11,ord_7735,Sunset Mug,direct,34.79,0
2026-03-11,ord_7736,Speckled Bowl,direct,42.27,1
2026-03-11,ord_7737,Speckled Bowl,referral,56.4,1
2026-03-11,ord_7738,Serving Platter,referral,75.88,1
2026-03-11,ord_7739,Speckled Bowl,direct,50.77,1
2026-03-11,ord_7740,Ridge Vase,direct,52.99,0
2026-03-11,ord_7741,Planter,referral,45.53,0
2026-03-11,ord_7742,Ridge Vase,instagram,64.55,0
2026-03-11,ord_7743,Butter Dish,referral,33.4,1
2026-03-11,ord_7744,Serving Platter,instagram,115.77,0
2026-03-11,ord_7745,Butter Dish,instagram,42.58,0
2026-03-11,ord_7746,Butter Dish,instagram,31.01,0
2026-03-11,ord_7747,Planter,instagram,46.47,0
2026-03-11,ord_7748,Espresso Cup Pair,instagram,55.04,0
2026-03-11,ord_7749,Sunset Mug,direct,37.46,0
2026-03-11,ord_7750,Speckled Bowl,direct,43.31,1
2026-03-11,ord_7751,Serving Platter,instagram,118.0,0
2026-03-11,ord_7752,Sunset Mug,instagram,32.95,0
2026-03-11,ord_7753,Sunset Mug,instagram,44.22,0
2026-03-11,ord_7754,Sunset Mug,referral,46.44,1
2026-03-11,ord_7755,Ridge Vase,referral,62.27,0
2026-03-11,ord_7756,Butter Dish,direct,43.38,0
2026-03-11,ord_7757,Ridge Vase,unknown,69.07,0
2026-03-11,ord_7758,Butter Dish,direct,43.97,1
2026-03-11,ord_7759,Dinner Plate Set,instagram,129.35,1
2026-03-11,ord_7760,Planter,direct,47.37,0
2026-03-11,ord_7761,Ridge Vase,referral,82.53,1
2026-03-11,ord_7762,Sunset Mug,instagram,36.31,0
2026-03-11,ord_7763,Sunset Mug,instagram,45.56,0
2026-03-11,ord_7764,Espresso Cup Pair,direct,42.49,0
2026-03-11,ord_7765,Serving Platter,direct,113.65,1
2026-03-11,ord_7766,Serving Platter,unknown,107.21,0
2026-03-11,ord_7767,Serving Platter,direct,117.39,0
2026-03-11,ord_7768,Planter,direct,53.52,0
2026-03-11,ord_7769,Sunset Mug,referral,35.2,1
2026-03-11,ord_7770,Ridge Vase,direct,56.79,0
2026-03-11,ord_7771,Butter Dish,direct,41.81,1
2026-03-11,ord_7772,Espresso Cup Pair,direct,40.07,0
2026-03-11,ord_7773,Serving Platter,instagram,87.91,1
2026-03-11,ord_7774,Espresso Cup Pair,instagram,51.48,1
2026-03-11,ord_7775,Ridge Vase,instagram,74.05,0
2026-03-12,ord_7776,Speckled Bowl,direct,44.32,0
2026-03-12,ord_7777,Speckled Bowl,referral,38.66,0
2026-03-12,ord_7778,Butter Dish,unknown,30.87,0
2026-03-12,ord_7779,Ridge Vase,instagram,77.46,0
2026-03-12,ord_7780,Speckled Bowl,direct,39.4,1
2026-03-12,ord_7781,Dinner Plate Set,direct,137.54,1
2026-03-12,ord_7782,Espresso Cup Pair,instagram,37.62,1
2026-03-12,ord_7783,Sunset Mug,direct,36.27,1
2026-03-12,ord_7784,Dinner Plate Set,instagram,119.52,0
2026-03-12,ord_7785,Serving Platter,direct,105.67,0
2026-03-12,ord_7786,Speckled Bowl,referral,37.97,1
2026-03-12,ord_7787,Sunset Mug,instagram,47.88,0
2026-03-12,ord_7788,Butter Dish,referral,38.63,0
2026-03-12,ord_7789,Butter Dish,referral,39.48,0
2026-03-12,ord_7790,Butter Dish,direct,44.86,0
2026-03-12,ord_7791,Serving Platter,referral,96.2,0
2026-03-12,ord_7792,Speckled Bowl,direct,44.28,0
2026-03-12,ord_7793,Dinner Plate Set,referral,150.19,0
2026-03-12,ord_7794,Sunset Mug,instagram,41.25,0
2026-03-12,ord_7795,Ridge Vase,instagram,52.79,0
2026-03-12,ord_7796,Serving Platter,direct,76.99,0
2026-03-12,ord_7797,Speckled Bowl,instagram,42.76,0
2026-03-12,ord_7798,Serving Platter,direct,83.36,1
2026-03-12,ord_7799,Sunset Mug,unknown,38.96,1
2026-03-12,ord_7800,Speckled Bowl,instagram,49.75,1
2026-03-12,ord_7801,Dinner Plate Set,instagram,128.12,1
2026-03-12,ord_7802,Speckled Bowl,instagram,50.01,0
2026-03-12,ord_7803,Speckled Bowl,referral,57.74,0
2026-03-12,ord_7804,Espresso Cup Pair,instagram,52.27,1
2026-03-12,ord_7805,Serving Platter,direct,82.23,0
2026-03-12,ord_7806,Dinner Plate Set,direct,148.84,0
2026-03-12,ord_7807,Sunset Mug,direct,47.37,1
2026-03-12,ord_7808,Sunset Mug,direct,38.6,1
2026-03-12,ord_7809,Ridge Vase,instagram,58.27,1
2026-03-12,ord_7810,Sunset Mug,unknown,48.95,0
2026-03-12,ord_7811,Ridge Vase,unknown,80.66,0
2026-03-12,ord_7812,Sunset Mug,referral,49.57,0
2026-03-12,ord_7813,Ridge Vase,direct,64.98,1
2026-03-12,ord_7814,Speckled Bowl,direct,48.85,0
2026-03-12,ord_7815,Butter Dish,referral,39.25,1
2026-03-12,ord_7816,Butter Dish,referral,36.86,0
2026-03-12,ord_7817,Espresso Cup Pair,direct,41.17,1
2026-03-13,ord_7818,Ridge Vase,referral,71.11,1
2026-03-13,ord_7819,Sunset Mug,instagram,40.64,1
2026-03-13,ord_7820,Espresso Cup Pair,direct,35.87,0
2026-03-13,ord_7821,Planter,direct,60.68,0
2026-03-13,ord_7822,Speckled Bowl,direct,45.46,0
2026-03-13,ord_7823,Speckled Bowl,direct,55.15,1
2026-03-13,ord_7824,Sunset Mug,instagram,44.65,0
2026-03-13,ord_7825,Ridge Vase,unknown,81.67,0
2026-03-13,ord_7826,Butter Dish,unknown,30.26,0
2026-03-13,ord_7827,Sunset Mug,instagram,51.16,1
2026-03-13,ord_7828,Sunset Mug,unknown,46.73,1
2026-03-13,ord_7829,Sunset Mug,direct,46.1,0
2026-03-13,ord_7830,Sunset Mug,instagram,44.04,1
2026-03-13,ord_7831,Butter Dish,referral,31.7,0
2026-03-13,ord_7832,Planter,referral,57.85,1
2026-03-13,ord_7833,Dinner Plate Set,instagram,133.82,0
2026-03-13,ord_7834,Ridge Vase,direct,81.16,0
2026-03-13,ord_7835,Dinner Plate Set,instagram,115.06,1
2026-03-13,ord_7836,Sunset Mug,instagram,43.63,1
2026-03-13,ord_7837,Ridge Vase,instagram,67.65,0
2026-03-13,ord_7838,Ridge Vase,direct,82.59,0
2026-03-13,ord_7839,Speckled Bowl,direct,39.7,1
2026-03-13,ord_7840,Serving Platter,unknown,101.35,1
2026-03-13,ord_7841,Butter Dish,direct,45.45,0
2026-03-13,ord_7842,Ridge Vase,referral,78.05,1
2026-03-13,ord_7843,Sunset Mug,referral,51.04,0
2026-03-13,ord_7844,Speckled Bowl,instagram,53.08,0
2026-03-13,ord_7845,Sunset Mug,instagram,36.49,1
2026-03-13,ord_7846,Butter Dish,direct,39.22,0
2026-03-13,ord_7847,Ridge Vase,instagram,77.09,0
2026-03-13,ord_7848,Dinner Plate Set,instagram,159.15,0
2026-03-13,ord_7849,Ridge Vase,direct,57.88,0
2026-03-13,ord_7850,Serving Platter,instagram,88.93,0
2026-03-13,ord_7851,Ridge Vase,referral,70.64,1
2026-03-13,ord_7852,Butter Dish,instagram,29.99,0
2026-03-13,ord_7853,Dinner Plate Set,direct,107.09,0
2026-03-13,ord_7854,Ridge Vase,direct,66.03,1
2026-03-13,ord_7855,Butter Dish,referral,31.17,1
2026-03-13,ord_7856,Ridge Vase,referral,76.47,0
2026-03-13,ord_7857,Ridge Vase,instagram,82.97,1
2026-03-13,ord_7858,Serving Platter,instagram,100.11,0
2026-03-13,ord_7859,Sunset Mug,direct,33.11,0
2026-03-13,ord_7860,Dinner Plate Set,instagram,111.99,1
2026-03-14,ord_7861,Ridge Vase,instagram,75.77,0
2026-03-14,ord_7862,Sunset Mug,instagram,43.93,1
2026-03-14,ord_7863,Butter Dish,instagram,42.88,0
2026-03-14,ord_7864,Ridge Vase,instagram,71.09,1
2026-03-14,ord_7865,Ridge Vase,instagram,66.36,0
2026-03-14,ord_7866,Ridge Vase,instagram,73.29,1
2026-03-14,ord_7867,Planter,unknown,48.14,1
2026-03-14,ord_7868,Ridge Vase,unknown,83.66,0
2026-03-14,ord_7869,Planter,unknown,62.53,1
2026-03-14,ord_7870,Speckled Bowl,instagram,41.4,1
2026-03-14,ord_7871,Ridge Vase,direct,56.44,0
2026-03-14,ord_7872,Speckled Bowl,instagram,49.93,0
2026-03-14,ord_7873,Ridge Vase,instagram,72.08,0
2026-03-14,ord_7874,Sunset Mug,referral,37.9,0
2026-03-14,ord_7875,Sunset Mug,direct,47.62,0
2026-03-14,ord_7876,Planter,referral,44.54,1
2026-03-14,ord_7877,Ridge Vase,referral,65.16,0
2026-03-14,ord_7878,Speckled Bowl,instagram,42.54,1
2026-03-14,ord_7879,Ridge Vase,direct,67.9,0
2026-03-14,ord_7880,Planter,direct,42.85,1
2026-03-14,ord_7881,Sunset Mug,instagram,39.52,0
2026-03-14,ord_7882,Dinner Plate Set,direct,153.13,0
2026-03-14,ord_7883,Speckled Bowl,instagram,54.78,0
2026-03-14,ord_7884,Espresso Cup Pair,instagram,55.12,1
2026-03-14,ord_7885,Sunset Mug,instagram,45.58,0
2026-03-14,ord_7886,Speckled Bowl,unknown,49.67,0
2026-03-14,ord_7887,Espresso Cup Pair,direct,55.33,0
2026-03-14,ord_7888,Speckled Bowl,instagram,52.31,0
2026-03-14,ord_7889,Planter,direct,58.13,0
2026-03-14,ord_7890,Ridge Vase,instagram,77.77,0
2026-03-14,ord_7891,Speckled Bowl,instagram,54.4,0
2026-03-14,ord_7892,Ridge Vase,instagram,79.66,1
2026-03-14,ord_7893,Sunset Mug,direct,40.61,1
2026-03-14,ord_7894,Sunset Mug,instagram,46.1,0
2026-03-14,ord_7895,Speckled Bowl,instagram,42.18,0
2026-03-14,ord_7896,Ridge Vase,unknown,69.51,0
2026-03-14,ord_7897,Planter,direct,43.63,0
2026-03-14,ord_7898,Planter,instagram,49.14,0
2026-03-14,ord_7899,Espresso Cup Pair,instagram,44.59,0
2026-03-14,ord_7900,Dinner Plate Set,instagram,143.95,1
2026-03-14,ord_7901,Dinner Plate Set,instagram,142.71,1
2026-03-14,ord_7902,Speckled Bowl,unknown,42.97,1
2026-03-14,ord_7903,Butter Dish,direct,39.84,1
2026-03-14,ord_7904,Butter Dish,instagram,34.3,1
2026-03-14,ord_7905,Ridge Vase,instagram,68.9,0
2026-03-14,ord_7906,Sunset Mug,instagram,39.48,0
2026-03-14,ord_7907,Planter,unknown,47.45,0
2026-03-14,ord_7908,Speckled Bowl,instagram,45.23,0
2026-03-14,ord_7909,Sunset Mug,referral,38.3,0
2026-03-14,ord_7910,Sunset Mug,unknown,38.11,0
2026-03-14,ord_7911,Espresso Cup Pair,referral,54.88,1
2026-03-14,ord_7912,Butter Dish,unknown,31.86,0
2026-03-14,ord_7913,Sunset Mug,direct,44.67,0
2026-03-14,ord_7914,Dinner Plate Set,direct,124.57,0
2026-03-15,ord_7915,Sunset Mug,referral,40.07,0
2026-03-15,ord_7916,Dinner Plate Set,referral,122.83,0
2026-03-15,ord_7917,Planter,instagram,43.55,1
2026-03-15,ord_7918,Sunset Mug,direct,45.97,0
2026-03-15,ord_7919,Ridge Vase,direct,52.76,0
2026-03-15,ord_7920,Sunset Mug,direct,49.39,1
2026-03-15,ord_7921,Speckled Bowl,instagram,46.52,1
2026-03-15,ord_7922,Sunset Mug,instagram,36.48,1
2026-03-15,ord_7923,Butter Dish,instagram,43.33,0
2026-03-15,ord_7924,Ridge Vase,referral,74.62,1
2026-03-15,ord_7925,Planter,instagram,46.21,0
2026-03-15,ord_7926,Butter Dish,direct,31.94,0
2026-03-15,ord_7927,Ridge Vase,referral,53.52,0
2026-03-15,ord_7928,Dinner Plate Set,referral,157.99,1
2026-03-15,ord_7929,Speckled Bowl,direct,47.4,0
2026-03-15,ord_7930,Speckled Bowl,referral,37.58,0
2026-03-15,ord_7931,Ridge Vase,referral,52.85,1
2026-03-15,ord_7932,Planter,direct,45.56,1
2026-03-15,ord_7933,Speckled Bowl,instagram,41.47,1
2026-03-15,ord_7934,Speckled Bowl,instagram,42.24,0
2026-03-15,ord_7935,Sunset Mug,instagram,39.11,0
2026-03-15,ord_7936,Speckled Bowl,instagram,43.88,0
2026-03-15,ord_7937,Speckled Bowl,direct,37.64,0
2026-03-15,ord_7938,Speckled Bowl,instagram,49.69,0
2026-03-15,ord_7939,Espresso Cup Pair,instagram,37.86,0
2026-03-15,ord_7940,Butter Dish,instagram,38.53,0
2026-03-15,ord_7941,Sunset Mug,unknown,34.07,0
2026-03-15,ord_7942,Butter Dish,instagram,30.69,0
2026-03-15,ord_7943,Butter Dish,direct,37.82,0
2026-03-15,ord_7944,Speckled Bowl,direct,50.28,1
2026-03-15,ord_7945,Espresso Cup Pair,direct,39.32,1
2026-03-15,ord_7946,Dinner Plate Set,direct,161.55,0
2026-03-15,ord_7947,Sunset Mug,direct,45.42,1
2026-03-15,ord_7948,Ridge Vase,instagram,71.11,1
2026-03-15,ord_7949,Sunset Mug,instagram,40.62,0
2026-03-15,ord_7950,Sunset Mug,instagram,50.54,0
2026-03-15,ord_7951,Ridge Vase,unknown,69.18,1
2026-03-15,ord_7952,Dinner Plate Set,direct,124.93,0
2026-03-15,ord_7953,Dinner Plate Set,instagram,105.42,0
2026-03-15,ord_7954,Sunset Mug,instagram,45.1,0
2026-03-15,ord_7955,Ridge Vase,instagram,71.7,0
2026-03-15,ord_7956,Butter Dish,instagram,41.72,1
2026-03-15,ord_7957,Serving Platter,instagram,78.6,0
2026-03-15,ord_7958,Butter Dish,instagram,44.7,1
2026-03-15,ord_7959,Butter Dish,instagram,42.46,1
2026-03-15,ord_7960,Dinner Plate Set,direct,138.22,0
2026-03-15,ord_7961,Butter Dish,referral,30.92,0
2026-03-15,ord_7962,Dinner Plate Set,direct,116.61,0
2026-03-15,ord_7963,Ridge Vase,referral,71.96,1
2026-03-15,ord_7964,Butter Dish,instagram,30.28,0
2026-03-15,ord_7965,Dinner Plate Set,instagram,160.17,1
2026-03-15,ord_7966,Espresso Cup Pair,direct,44.97,0
2026-03-15,ord_7967,Sunset Mug,instagram,47.06,0
2026-03-15,ord_7968,Serving Platter,instagram,78.86,0
2026-03-15,ord_7969,Speckled Bowl,unknown,42.7,1
2026-03-15,ord_7970,Speckled Bowl,instagram,55.38,1
2026-03-15,ord_7971,Butter Dish,instagram,44.12,0
2026-03-15,ord_7972,Planter,direct,44.62,0
2026-03-15,ord_7973,Dinner Plate Set,unknown,144.57,0
2026-03-15,ord_7974,Speckled Bowl,unknown,45.57,0
2026-03-15,ord_7975,Speckled Bowl,referral,48.22,1
2026-03-15,ord_7976,Sunset Mug,direct,50.65,0
2026-03-15,ord_7977,Sunset Mug,referral,44.68,0
2026-03-16,ord_7978,Speckled Bowl,referral,42.69,1
2026-03-16,ord_7979,Speckled Bowl,referral,44.56,1
2026-03-16,ord_7980,Speckled Bowl,instagram,40.52,0
2026-03-16,ord_7981,Dinner Plate Set,instagram,103.5,0
2026-03-16,ord_7982,Ridge Vase,direct,65.24,1
2026-03-16,ord_7983,Ridge Vase,direct,57.67,1
2026-03-16,ord_7984,Speckled Bowl,direct,39.74,1
2026-03-16,ord_7985,Ridge Vase,direct,80.26,0
2026-03-16,ord_7986,Serving Platter,referral,75.64,1
2026-03-16,ord_7987,Ridge Vase,unknown,70.97,0
2026-03-16,ord_7988,Speckled Bowl,instagram,51.19,0
2026-03-16,ord_7989,Ridge Vase,direct,59.28,0
2026-03-16,ord_7990,Espresso Cup Pair,direct,45.27,1
2026-03-16,ord_7991,Planter,referral,50.96,1
2026-03-16,ord_7992,Planter,instagram,57.79,0
2026-03-16,ord_7993,Planter,direct,59.34,0
2026-03-16,ord_7994,Planter,referral,58.45,0
2026-03-16,ord_7995,Serving Platter,direct,97.49,0
2026-03-16,ord_7996,Speckled Bowl,direct,43.17,0
2026-03-16,ord_7997,Dinner Plate Set,instagram,154.4,1
2026-03-16,ord_7998,Serving Platter,instagram,84.41,0
2026-03-16,ord_7999,Dinner Plate Set,instagram,124.16,0
2026-03-16,ord_8000,Espresso Cup Pair,instagram,44.66,1
2026-03-16,ord_8001,Sunset Mug,instagram,39.1,1
2026-03-16,ord_8002,Dinner Plate Set,instagram,147.16,0
2026-03-16,ord_8003,Dinner Plate Set,unknown,121.62,1
2026-03-16,ord_8004,Serving Platter,unknown,100.43,0
2026-03-16,ord_8005,Butter Dish,instagram,38.97,1
2026-03-16,ord_8006,Ridge Vase,instagram,63.79,0
2026-03-16,ord_8007,Butter Dish,unknown,44.76,1
2026-03-16,ord_8008,Sunset Mug,direct,35.7,0
2026-03-16,ord_8009,Sunset Mug,direct,43.59,1
2026-03-16,ord_8010,Planter,direct,43.06,1
2026-03-16,ord_8011,Dinner Plate Set,instagram,108.66,1
2026-03-16,ord_8012,Ridge Vase,direct,64.2,0
2026-03-16,ord_8013,Ridge Vase,direct,61.05,1
2026-03-16,ord_8014,Butter Dish,direct,42.34,0
2026-03-16,ord_8015,Planter,unknown,58.66,0
2026-03-16,ord_8016,Speckled Bowl,referral,51.3,0
2026-03-17,ord_8017,Speckled Bowl,referral,42.87,0
2026-03-17,ord_8018,Sunset Mug,instagram,39.63,0
2026-03-17,ord_8019,Sunset Mug,referral,34.17,0
2026-03-17,ord_8020,Dinner Plate Set,instagram,107.5,1
2026-03-17,ord_8021,Speckled Bowl,unknown,44.45,0
2026-03-17,ord_8022,Speckled Bowl,unknown,43.94,1
2026-03-17,ord_8023,Speckled Bowl,direct,51.15,0
2026-03-17,ord_8024,Butter Dish,instagram,31.0,1
2026-03-17,ord_8025,Dinner Plate Set,referral,104.94,1
2026-03-17,ord_8026,Serving Platter,instagram,83.65,1
2026-03-17,ord_8027,Dinner Plate Set,instagram,125.65,0
2026-03-17,ord_8028,Butter Dish,direct,38.87,1
2026-03-17,ord_8029,Speckled Bowl,direct,54.77,1
2026-03-17,ord_8030,Speckled Bowl,instagram,49.19,1
2026-03-17,ord_8031,Sunset Mug,unknown,46.91,0
2026-03-17,ord_8032,Sunset Mug,referral,39.64,1
2026-03-17,ord_8033,Butter Dish,direct,35.26,0
2026-03-17,ord_8034,Butter Dish,referral,38.78,0
2026-03-17,ord_8035,Sunset Mug,direct,44.93,0
2026-03-17,ord_8036,Sunset Mug,referral,34.3,0
2026-03-17,ord_8037,Espresso Cup Pair,instagram,50.76,1
2026-03-17,ord_8038,Sunset Mug,instagram,45.55,0
2026-03-17,ord_8039,Dinner Plate Set,instagram,138.6,0
2026-03-17,ord_8040,Serving Platter,instagram,84.61,1
2026-03-17,ord_8041,Butter Dish,instagram,41.42,0
2026-03-17,ord_8042,Speckled Bowl,direct,45.52,0
2026-03-17,ord_8043,Serving Platter,direct,90.26,0
2026-03-17,ord_8044,Espresso Cup Pair,referral,40.76,0
2026-03-17,ord_8045,Serving Platter,instagram,90.52,0
2026-03-17,ord_8046,Planter,instagram,42.22,0
2026-03-17,ord_8047,Planter,instagram,47.54,0
2026-03-17,ord_8048,Sunset Mug,referral,39.61,1
2026-03-17,ord_8049,Espresso Cup Pair,instagram,38.22,0
2026-03-17,ord_8050,Planter,referral,51.64,1
2026-03-17,ord_8051,Dinner Plate Set,referral,128.47,0
2026-03-17,ord_8052,Espresso Cup Pair,direct,39.4,0
2026-03-17,ord_8053,Butter Dish,referral,43.37,1
2026-03-17,ord_8054,Speckled Bowl,direct,44.2,0
2026-03-17,ord_8055,Dinner Plate Set,direct,161.03,1
2026-03-17,ord_8056,Planter,instagram,43.31,0
2026-03-17,ord_8057,Serving Platter,unknown,89.47,0
2026-03-17,ord_8058,Serving Platter,instagram,101.45,0
2026-03-17,ord_8059,Ridge Vase,instagram,58.53,0
2026-03-17,ord_8060,Dinner Plate Set,direct,154.56,0
2026-03-17,ord_8061,Ridge Vase,instagram,72.48,0
2026-03-17,ord_8062,Butter Dish,referral,44.55,1
2026-03-17,ord_8063,Dinner Plate Set,direct,154.42,0
2026-03-18,ord_8064,Ridge Vase,referral,77.97,0
2026-03-18,ord_8065,Serving Platter,instagram,107.21,0
2026-03-18,ord_8066,Planter,referral,43.33,0
2026-03-18,ord_8067,Speckled Bowl,referral,40.68,1
2026-03-18,ord_8068,Serving Platter,direct,91.03,0
2026-03-18,ord_8069,Dinner Plate Set,unknown,130.53,0
2026-03-18,ord_8070,Speckled Bowl,referral,42.31,1
2026-03-18,ord_8071,Sunset Mug,instagram,40.3,1
2026-03-18,ord_8072,Ridge Vase,unknown,68.3,1
2026-03-18,ord_8073,Butter Dish,instagram,36.54,1
2026-03-18,ord_8074,Serving Platter,referral,82.16,1
2026-03-18,ord_8075,Planter,direct,44.14,1
2026-03-18,ord_8076,Dinner Plate Set,direct,103.98,0
2026-03-18,ord_8077,Speckled Bowl,referral,39.65,1
2026-03-18,ord_8078,Espresso Cup Pair,instagram,46.39,0
2026-03-18,ord_8079,Sunset Mug,direct,48.16,1
2026-03-18,ord_8080,Ridge Vase,direct,70.99,1
2026-03-18,ord_8081,Serving Platter,instagram,104.55,0
2026-03-18,ord_8082,Planter,instagram,42.83,1
2026-03-18,ord_8083,Speckled Bowl,referral,47.98,1
2026-03-18,ord_8084,Dinner Plate Set,instagram,104.65,1
2026-03-18,ord_8085,Planter,referral,51.93,1
2026-03-18,ord_8086,Planter,instagram,43.7,0
2026-03-18,ord_8087,Sunset Mug,instagram,43.99,1
2026-03-18,ord_8088,Planter,direct,46.59,0
2026-03-18,ord_8089,Speckled Bowl,instagram,58.73,1
2026-03-18,ord_8090,Butter Dish,referral,44.76,0
2026-03-18,ord_8091,Sunset Mug,referral,37.56,0
2026-03-18,ord_8092,Speckled Bowl,direct,51.36,0
2026-03-18,ord_8093,Serving Platter,direct,111.78,0
2026-03-18,ord_8094,Sunset Mug,referral,41.18,1
2026-03-18,ord_8095,Sunset Mug,instagram,48.91,1
2026-03-18,ord_8096,Speckled Bowl,referral,38.93,0
2026-03-18,ord_8097,Espresso Cup Pair,instagram,50.49,0
2026-03-18,ord_8098,Speckled Bowl,direct,38.8,1
2026-03-18,ord_8099,Serving Platter,unknown,102.78,1
2026-03-18,ord_8100,Espresso Cup Pair,referral,39.65,1
2026-03-18,ord_8101,Sunset Mug,referral,40.78,1
2026-03-19,ord_8102,Dinner Plate Set,instagram,157.69,1
2026-03-19,ord_8103,Dinner Plate Set,instagram,152.17,0
2026-03-19,ord_8104,Butter Dish,unknown,43.59,0
2026-03-19,ord_8105,Butter Dish,instagram,37.94,0
2026-03-19,ord_8106,Serving Platter,instagram,109.1,0
2026-03-19,ord_8107,Espresso Cup Pair,instagram,48.68,1
2026-03-19,ord_8108,Speckled Bowl,instagram,44.28,1
2026-03-19,ord_8109,Serving Platter,instagram,96.33,0
2026-03-19,ord_8110,Speckled Bowl,instagram,50.96,1
2026-03-19,ord_8111,Dinner Plate Set,referral,125.08,0
2026-03-19,ord_8112,Ridge Vase,referral,71.28,0
2026-03-19,ord_8113,Butter Dish,instagram,45.25,0
2026-03-19,ord_8114,Butter Dish,unknown,45.51,1
2026-03-19,ord_8115,Butter Dish,direct,32.8,0
2026-03-19,ord_8116,Ridge Vase,instagram,78.46,1
2026-03-19,ord_8117,Dinner Plate Set,instagram,155.5,1
2026-03-19,ord_8118,Ridge Vase,referral,61.95,0
2026-03-19,ord_8119,Dinner Plate Set,instagram,126.51,0
2026-03-19,ord_8120,Ridge Vase,instagram,54.82,0
2026-03-19,ord_8121,Ridge Vase,instagram,81.93,0
2026-03-19,ord_8122,Ridge Vase,direct,55.57,1
2026-03-19,ord_8123,Planter,referral,47.14,0
2026-03-19,ord_8124,Dinner Plate Set,direct,113.46,0
2026-03-19,ord_8125,Ridge Vase,direct,56.19,0
2026-03-19,ord_8126,Ridge Vase,unknown,54.01,1
2026-03-19,ord_8127,Espresso Cup Pair,direct,45.37,1
2026-03-19,ord_8128,Dinner Plate Set,unknown,111.01,0
2026-03-19,ord_8129,Speckled Bowl,direct,39.92,0
2026-03-19,ord_8130,Serving Platter,instagram,91.62,1
2026-03-19,ord_8131,Serving Platter,instagram,105.35,0
2026-03-19,ord_8132,Ridge Vase,instagram,79.75,0
2026-03-19,ord_8133,Butter Dish,instagram,38.05,0
2026-03-19,ord_8134,Ridge Vase,direct,66.15,0
2026-03-19,ord_8135,Ridge Vase,direct,76.25,0
2026-03-19,ord_8136,Ridge Vase,referral,60.46,0
2026-03-19,ord_8137,Dinner Plate Set,instagram,143.73,1
2026-03-19,ord_8138,Espresso Cup Pair,direct,44.4,0
2026-03-19,ord_8139,Serving Platter,direct,87.18,1
2026-03-19,ord_8140,Espresso Cup Pair,unknown,35.88,0
2026-03-19,ord_8141,Serving Platter,instagram,98.03,1
2026-03-19,ord_8142,Speckled Bowl,instagram,41.9,1
2026-03-20,ord_8143,Dinner Plate Set,instagram,120.68,1
2026-03-20,ord_8144,Serving Platter,instagram,111.56,0
2026-03-20,ord_8145,Dinner Plate Set,instagram,149.4,1
2026-03-20,ord_8146,Planter,instagram,55.91,0
2026-03-20,ord_8147,Serving Platter,instagram,118.77,0
2026-03-20,ord_8148,Serving Platter,direct,91.64,0
2026-03-20,ord_8149,Butter Dish,referral,37.74,1
2026-03-20,ord_8150,Espresso Cup Pair,direct,40.11,0
2026-03-20,ord_8151,Planter,instagram,55.2,0
2026-03-20,ord_8152,Speckled Bowl,direct,49.69,1
2026-03-20,ord_8153,Dinner Plate Set,instagram,116.36,0
2026-03-20,ord_8154,Speckled Bowl,unknown,44.35,1
2026-03-20,ord_8155,Espresso Cup Pair,referral,36.83,1
2026-03-20,ord_8156,Serving Platter,direct,87.44,0
2026-03-20,ord_8157,Ridge Vase,unknown,56.5,1
2026-03-20,ord_8158,Butter Dish,instagram,35.21,0
2026-03-20,ord_8159,Ridge Vase,direct,77.16,0
2026-03-20,ord_8160,Planter,instagram,56.96,0
2026-03-20,ord_8161,Ridge Vase,direct,59.53,0
2026-03-20,ord_8162,Espresso Cup Pair,unknown,36.53,1
2026-03-20,ord_8163,Planter,instagram,53.4,1
2026-03-20,ord_8164,Butter Dish,instagram,37.84,1
2026-03-20,ord_8165,Espresso Cup Pair,direct,50.97,0
2026-03-20,ord_8166,Speckled Bowl,referral,46.26,1
2026-03-20,ord_8167,Ridge Vase,instagram,53.42,0
2026-03-20,ord_8168,Dinner Plate Set,instagram,103.77,1
2026-03-20,ord_8169,Serving Platter,instagram,105.16,0
2026-03-20,ord_8170,Dinner Plate Set,instagram,129.28,0
2026-03-20,ord_8171,Dinner Plate Set,referral,109.29,1
2026-03-20,ord_8172,Serving Platter,direct,78.92,0
2026-03-20,ord_8173,Espresso Cup Pair,instagram,35.89,0
2026-03-20,ord_8174,Espresso Cup Pair,instagram,36.38,0
2026-03-20,ord_8175,Speckled Bowl,unknown,54.64,0
2026-03-20,ord_8176,Speckled Bowl,unknown,54.15,0
2026-03-20,ord_8177,Butter Dish,referral,38.3,0
2026-03-20,ord_8178,Espresso Cup Pair,instagram,50.78,1
2026-03-21,ord_8179,Ridge Vase,instagram,74.52,0
2026-03-21,ord_8180,Serving Platter,referral,90.2,0
2026-03-21,ord_8181,Planter,direct,60.03,0
2026-03-21,ord_8182,Serving Platter,direct,78.61,0
2026-03-21,ord_8183,Speckled Bowl,instagram,46.42,0
2026-03-21,ord_8184,Speckled Bowl,unknown,57.41,0
2026-03-21,ord_8185,Planter,instagram,45.24,1
2026-03-21,ord_8186,Butter Dish,unknown,36.83,0
2026-03-21,ord_8187,Speckled Bowl,direct,43.89,0
2026-03-21,ord_8188,Espresso Cup Pair,instagram,50.77,0
2026-03-21,ord_8189,Dinner Plate Set,direct,104.43,1
2026-03-21,ord_8190,Serving Platter,direct,111.89,0
2026-03-21,ord_8191,Ridge Vase,instagram,56.85,1
2026-03-21,ord_8192,Speckled Bowl,referral,54.92,0
2026-03-21,ord_8193,Serving Platter,unknown,74.84,0
2026-03-21,ord_8194,Butter Dish,referral,32.58,1
2026-03-21,ord_8195,Ridge Vase,instagram,60.9,0
2026-03-21,ord_8196,Espresso Cup Pair,referral,48.67,1
2026-03-21,ord_8197,Dinner Plate Set,instagram,157.27,0
2026-03-21,ord_8198,Ridge Vase,instagram,66.91,0
2026-03-21,ord_8199,Serving Platter,referral,102.66,1
2026-03-21,ord_8200,Butter Dish,instagram,31.67,1
2026-03-21,ord_8201,Espresso Cup Pair,instagram,40.3,1
2026-03-21,ord_8202,Ridge Vase,unknown,64.97,0
2026-03-21,ord_8203,Dinner Plate Set,direct,131.98,1
2026-03-21,ord_8204,Speckled Bowl,instagram,51.83,0
2026-03-21,ord_8205,Serving Platter,unknown,101.46,0
2026-03-21,ord_8206,Ridge Vase,unknown,70.14,0
2026-03-21,ord_8207,Dinner Plate Set,direct,155.07,1
2026-03-21,ord_8208,Ridge Vase,unknown,76.89,1
2026-03-21,ord_8209,Dinner Plate Set,direct,160.83,0
2026-03-21,ord_8210,Butter Dish,instagram,30.96,0
2026-03-21,ord_8211,Ridge Vase,instagram,58.84,0
2026-03-21,ord_8212,Butter Dish,referral,29.54,0
2026-03-21,ord_8213,Planter,unknown,43.03,0
2026-03-21,ord_8214,Dinner Plate Set,referral,108.98,1
2026-03-21,ord_8215,Espresso Cup Pair,direct,50.93,0
2026-03-21,ord_8216,Espresso Cup Pair,unknown,52.58,1
2026-03-21,ord_8217,Dinner Plate Set,instagram,110.9,0
2026-03-21,ord_8218,Speckled Bowl,direct,58.1,1
2026-03-21,ord_8219,Ridge Vase,unknown,81.84,1
2026-03-21,ord_8220,Speckled Bowl,instagram,49.4,1
2026-03-21,ord_8221,Dinner Plate Set,direct,117.68,1
2026-03-21,ord_8222,Dinner Plate Set,instagram,149.85,0
2026-03-21,ord_8223,Espresso Cup Pair,unknown,43.15,1
2026-03-21,ord_8224,Espresso Cup Pair,unknown,43.95,0
2026-03-21,ord_8225,Planter,instagram,64.23,0
2026-03-21,ord_8226,Planter,direct,54.39,1
2026-03-21,ord_8227,Serving Platter,referral,93.15,1
2026-03-21,ord_8228,Ridge Vase,direct,62.71,1
2026-03-21,ord_8229,Speckled Bowl,direct,40.74,0
2026-03-21,ord_8230,Butter Dish,direct,38.04,1
2026-03-22,ord_8231,Espresso Cup Pair,direct,43.26,0
2026-03-22,ord_8232,Planter,instagram,55.42,1
2026-03-22,ord_8233,Planter,unknown,52.28,1
2026-03-22,ord_8234,Dinner Plate Set,referral,114.49,1
2026-03-22,ord_8235,Speckled Bowl,referral,43.33,0
2026-03-22,ord_8236,Dinner Plate Set,direct,127.51,0
2026-03-22,ord_8237,Speckled Bowl,referral,41.79,0
2026-03-22,ord_8238,Planter,unknown,54.96,0
2026-03-22,ord_8239,Espresso Cup Pair,direct,43.07,0
2026-03-22,ord_8240,Speckled Bowl,direct,52.54,1
2026-03-22,ord_8241,Speckled Bowl,unknown,53.2,0
2026-03-22,ord_8242,Planter,instagram,63.27,0
2026-03-22,ord_8243,Dinner Plate Set,direct,130.91,0
2026-03-22,ord_8244,Butter Dish,direct,34.83,0
2026-03-22,ord_8245,Speckled Bowl,direct,41.37,0
2026-03-22,ord_8246,Speckled Bowl,instagram,54.8,0
2026-03-22,ord_8247,Planter,instagram,50.4,0
2026-03-22,ord_8248,Butter Dish,unknown,38.01,0
2026-03-22,ord_8249,Espresso Cup Pair,referral,50.87,0
2026-03-22,ord_8250,Speckled Bowl,instagram,43.53,0
2026-03-22,ord_8251,Ridge Vase,instagram,67.51,1
2026-03-22,ord_8252,Butter Dish,unknown,33.45,0
2026-03-22,ord_8253,Serving Platter,instagram,113.27,0
2026-03-22,ord_8254,Espresso Cup Pair,direct,53.52,1
2026-03-22,ord_8255,Ridge Vase,direct,66.69,1
2026-03-22,ord_8256,Serving Platter,referral,87.19,1
2026-03-22,ord_8257,Serving Platter,referral,98.74,0
2026-03-22,ord_8258,Ridge Vase,instagram,61.85,0
2026-03-22,ord_8259,Espresso Cup Pair,unknown,38.42,0
2026-03-22,ord_8260,Ridge Vase,instagram,70.28,0
2026-03-22,ord_8261,Speckled Bowl,instagram,41.31,0
2026-03-22,ord_8262,Espresso Cup Pair,instagram,39.03,1
2026-03-22,ord_8263,Butter Dish,direct,30.34,0
2026-03-22,ord_8264,Butter Dish,instagram,38.28,0
2026-03-22,ord_8265,Espresso Cup Pair,instagram,39.22,0
2026-03-22,ord_8266,Serving Platter,instagram,88.94,0
2026-03-22,ord_8267,Ridge Vase,direct,58.69,0
2026-03-22,ord_8268,Butter Dish,referral,39.23,1
2026-03-22,ord_8269,Ridge Vase,referral,76.68,1
2026-03-22,ord_8270,Planter,direct,51.86,0
2026-03-22,ord_8271,Espresso Cup Pair,instagram,54.71,1
2026-03-22,ord_8272,Butter Dish,instagram,45.79,1
2026-03-22,ord_8273,Espresso Cup Pair,instagram,39.23,0
2026-03-22,ord_8274,Ridge Vase,instagram,66.6,0
2026-03-22,ord_8275,Dinner Plate Set,instagram,129.15,0
2026-03-22,ord_8276,Ridge Vase,direct,81.08,1
2026-03-22,ord_8277,Ridge Vase,direct,55.97,1
2026-03-22,ord_8278,Planter,direct,61.5,0
2026-03-22,ord_8279,Espresso Cup Pair,unknown,51.53,1
2026-03-22,ord_8280,Butter Dish,direct,42.46,0
2026-03-22,ord_8281,Serving Platter,referral,114.83,0
2026-03-22,ord_8282,Planter,instagram,42.15,0
2026-03-22,ord_8283,Ridge Vase,instagram,68.11,0
2026-03-22,ord_8284,Speckled Bowl,unknown,40.2,0
2026-03-22,ord_8285,Ridge Vase,referral,69.88,0
2026-03-23,ord_8286,Speckled Bowl,instagram,46.77,0
2026-03-23,ord_8287,Speckled Bowl,instagram,48.82,0
2026-03-23,ord_8288,Butter Dish,direct,35.59,1
2026-03-23,ord_8289,Serving Platter,referral,92.09,0
2026-03-23,ord_8290,Speckled Bowl,referral,38.7,0
2026-03-23,ord_8291,Speckled Bowl,instagram,45.29,0
2026-03-23,ord_8292,Speckled Bowl,unknown,44.75,1
2026-03-23,ord_8293,Speckled Bowl,instagram,50.8,0
2026-03-23,ord_8294,Serving Platter,direct,82.73,0
2026-03-23,ord_8295,Planter,instagram,49.56,1
2026-03-23,ord_8296,Speckled Bowl,referral,53.92,1
2026-03-23,ord_8297,Butter Dish,referral,37.74,0
2026-03-23,ord_8298,Planter,referral,64.4,0
2026-03-23,ord_8299,Planter,unknown,43.89,0
2026-03-23,ord_8300,Ridge Vase,referral,73.28,0
2026-03-23,ord_8301,Speckled Bowl,referral,56.85,0
2026-03-23,ord_8302,Speckled Bowl,direct,55.33,0
2026-03-23,ord_8303,Serving Platter,unknown,84.31,1
2026-03-23,ord_8304,Speckled Bowl,direct,43.49,0
2026-03-23,ord_8305,Serving Platter,instagram,116.1,0
2026-03-23,ord_8306,Serving Platter,direct,97.95,0
2026-03-23,ord_8307,Speckled Bowl,instagram,44.29,0
2026-03-23,ord_8308,Serving Platter,unknown,75.48,0
2026-03-23,ord_8309,Espresso Cup Pair,instagram,52.47,1
2026-03-23,ord_8310,Planter,instagram,51.16,1
2026-03-23,ord_8311,Speckled Bowl,direct,53.32,1
2026-03-23,ord_8312,Dinner Plate Set,instagram,127.82,0
2026-03-23,ord_8313,Speckled Bowl,direct,48.74,0
2026-03-23,ord_8314,Speckled Bowl,instagram,51.82,0
2026-03-23,ord_8315,Ridge Vase,referral,57.51,0
2026-03-23,ord_8316,Dinner Plate Set,instagram,118.66,0
2026-03-23,ord_8317,Dinner Plate Set,referral,146.73,0
2026-03-23,ord_8318,Dinner Plate Set,direct,157.82,1
2026-03-23,ord_8319,Ridge Vase,direct,71.15,1
2026-03-23,ord_8320,Ridge Vase,unknown,64.64,1
2026-03-23,ord_8321,Ridge Vase,instagram,58.7,0
2026-03-23,ord_8322,Dinner Plate Set,direct,126.65,0
2026-03-23,ord_8323,Dinner Plate Set,direct,109.35,0
2026-03-23,ord_8324,Dinner Plate Set,direct,114.12,1
2026-03-24,ord_8325,Ridge Vase,referral,72.55,0
2026-03-24,ord_8326,Dinner Plate Set,direct,142.45,0
2026-03-24,ord_8327,Ridge Vase,instagram,57.85,1
2026-03-24,ord_8328,Serving Platter,instagram,90.23,0
2026-03-24,ord_8329,Speckled Bowl,referral,49.33,0
2026-03-24,ord_8330,Planter,referral,49.76,1
2026-03-24,ord_8331,Butter Dish,direct,44.86,1
2026-03-24,ord_8332,Ridge Vase,instagram,58.0,0
2026-03-24,ord_8333,Espresso Cup Pair,referral,53.13,0
2026-03-24,ord_8334,Dinner Plate Set,referral,131.42,1
2026-03-24,ord_8335,Butter Dish,instagram,36.59,0
2026-03-24,ord_8336,Espresso Cup Pair,direct,48.7,0
2026-03-24,ord_8337,Serving Platter,direct,101.26,0
2026-03-24,ord_8338,Planter,instagram,46.48,0
2026-03-24,ord_8339,Ridge Vase,instagram,68.16,0
2026-03-24,ord_8340,Dinner Plate Set,direct,113.81,0
2026-03-24,ord_8341,Ridge Vase,direct,76.26,0
2026-03-24,ord_8342,Serving Platter,direct,78.41,1
2026-03-24,ord_8343,Speckled Bowl,instagram,43.34,0
2026-03-24,ord_8344,Serving Platter,instagram,85.41,1
2026-03-24,ord_8345,Serving Platter,instagram,102.28,0
2026-03-24,ord_8346,Planter,instagram,60.2,1
2026-03-24,ord_8347,Serving Platter,direct,115.58,1
2026-03-24,ord_8348,Planter,direct,48.78,1
2026-03-24,ord_8349,Butter Dish,unknown,41.15,0
2026-03-24,ord_8350,Planter,referral,44.92,0
2026-03-24,ord_8351,Speckled Bowl,direct,45.07,0
2026-03-24,ord_8352,Butter Dish,direct,31.55,1
2026-03-24,ord_8353,Speckled Bowl,instagram,59.37,0
2026-03-24,ord_8354,Planter,unknown,55.57,0
2026-03-24,ord_8355,Butter Dish,direct,30.32,0
2026-03-24,ord_8356,Serving Platter,instagram,101.61,0
2026-03-24,ord_8357,Butter Dish,direct,37.49,0
2026-03-24,ord_8358,Speckled Bowl,referral,53.99,1
2026-03-24,ord_8359,Speckled Bowl,instagram,39.65,0
2026-03-24,ord_8360,Butter Dish,instagram,35.58,1
2026-03-24,ord_8361,Serving Platter,direct,96.34,1
2026-03-24,ord_8362,Dinner Plate Set,unknown,105.83,0
2026-03-24,ord_8363,Espresso Cup Pair,instagram,39.59,0
2026-03-24,ord_8364,Butter Dish,instagram,31.77,0
2026-03-24,ord_8365,Planter,direct,47.98,0
2026-03-24,ord_8366,Dinner Plate Set,instagram,130.29,1
2026-03-24,ord_8367,Dinner Plate Set,instagram,106.32,1
2026-03-24,ord_8368,Speckled Bowl,direct,45.5,1
2026-03-24,ord_8369,Butter Dish,direct,32.65,1
2026-03-24,ord_8370,Ridge Vase,unknown,69.84,1
2026-03-24,ord_8371,Serving Platter,instagram,113.83,0
2026-03-24,ord_8372,Planter,instagram,58.07,0
2026-03-24,ord_8373,Speckled Bowl,direct,46.22,0
2026-03-24,ord_8374,Planter,direct,49.67,0
2026-03-24,ord_8375,Speckled Bowl,instagram,56.24,0
2026-03-25,ord_8376,Ridge Vase,direct,62.57,0
2026-03-25,ord_8377,Dinner Plate Set,unknown,116.83,1
2026-03-25,ord_8378,Serving Platter,instagram,93.39,1
2026-03-25,ord_8379,Espresso Cup Pair,referral,49.63,0
2026-03-25,ord_8380,Dinner Plate Set,unknown,117.64,1
2026-03-25,ord_8381,Espresso Cup Pair,instagram,38.8,0
2026-03-25,ord_8382,Espresso Cup Pair,direct,52.55,0
2026-03-25,ord_8383,Ridge Vase,referral,72.58,0
2026-03-25,ord_8384,Butter Dish,direct,43.06,0
2026-03-25,ord_8385,Ridge Vase,instagram,80.78,1
2026-03-25,ord_8386,Butter Dish,direct,31.5,0
2026-03-25,ord_8387,Serving Platter,unknown,102.68,0
2026-03-25,ord_8388,Ridge Vase,instagram,69.07,0
2026-03-25,ord_8389,Butter Dish,unknown,34.72,1
2026-03-25,ord_8390,Butter Dish,referral,33.93,0
2026-03-25,ord_8391,Butter Dish,instagram,39.11,1
2026-03-25,ord_8392,Serving Platter,referral,111.25,1
2026-03-25,ord_8393,Planter,instagram,57.82,0
2026-03-25,ord_8394,Planter,instagram,48.8,1
2026-03-25,ord_8395,Speckled Bowl,instagram,47.16,0
2026-03-25,ord_8396,Butter Dish,unknown,30.02,0
2026-03-25,ord_8397,Planter,instagram,43.97,1
2026-03-25,ord_8398,Dinner Plate Set,instagram,154.16,0
2026-03-25,ord_8399,Speckled Bowl,direct,58.13,1
2026-03-25,ord_8400,Butter Dish,unknown,35.68,1
2026-03-25,ord_8401,Speckled Bowl,direct,55.97,0
2026-03-25,ord_8402,Speckled Bowl,unknown,48.85,1
2026-03-25,ord_8403,Speckled Bowl,unknown,45.26,0
2026-03-25,ord_8404,Butter Dish,instagram,32.84,0
2026-03-25,ord_8405,Espresso Cup Pair,direct,43.42,0
2026-03-25,ord_8406,Speckled Bowl,direct,50.64,0
2026-03-25,ord_8407,Serving Platter,unknown,90.59,0
2026-03-25,ord_8408,Dinner Plate Set,direct,146.85,0
2026-03-25,ord_8409,Serving Platter,instagram,100.44,1
2026-03-25,ord_8410,Espresso Cup Pair,instagram,50.86,0
2026-03-25,ord_8411,Planter,instagram,45.06,0
2026-03-25,ord_8412,Speckled Bowl,unknown,49.72,0
2026-03-25,ord_8413,Espresso Cup Pair,referral,45.93,1
2026-03-25,ord_8414,Serving Platter,instagram,79.79,0
2026-03-25,ord_8415,Speckled Bowl,instagram,51.66,0
2026-03-25,ord_8416,Dinner Plate Set,instagram,157.07,0
